product_id,product_type,product_tags,images_array,vendor,inventory_quantity,gross_amount_exc_tax_product,description
4659395625056,Manchette,Bijoux,"[https://cdn.shopify.com/s/files/1/0002/7600/4882/products/manchette-salambo-manchette-hipanema-401369.jpg?v=1598493651,https://cdn.shopify.com/s/files/1/0002/7600/4882/products/manchette-salambo-manchette-hipanema-221925.jpg?v=1598493651,https://cdn.shopify.com/s/files/1/0002/7600/4882/products/manchette-salambo-manchette-hipanema-868279.jpg?v=1598493651,https://cdn.shopify.com/s/files/1/0002/7600/4882/products/manchette-salambo-manchette-hipanema-825948.jpg?v=1598493651,https://cdn.shopify.com/s/files/1/0002/7600/4882/products/manchette-salambo-manchette-hipanema-875185.jpg?v=1598493651,https://cdn.shopify.com/s/files/1/0002/7600/4882/products/manchette-salambo-manchette-hipanema-170625.jpg?v=1598493651,https://cdn.shopify.com/s/files/1/0002/7600/4882/products/manchette-salambo-manchette-hipanema-334414.jpg?v=1598493651]",HIPANEMA,104,1071.0,"  1€ reversé à l’association  Prométhée Humanitaire  par produit vendu.   Bracelet manchette multi chaînes dorées de tailles différentes. Fermoir bijou aimanté. 

 Métal / Verre "
4728524570720,Femme,"Femme, Petit Bateau","[https://cdn.shopify.com/s/files/1/0002/7600/4882/products/maillot-de-bain-1-piece-femme-imprime-marshmallowpersemultico-maillot-petit-bateau-421308.jpg?v=1602166983,https://cdn.shopify.com/s/files/1/0002/7600/4882/products/maillot-de-bain-1-piece-femme-imprime-marshmallowpersemultico-maillot-petit-bateau-784949.jpg?v=1602166983,https://cdn.shopify.com/s/files/1/0002/7600/4882/products/maillot-de-bain-1-piece-femme-imprime-marshmallowpersemultico-maillot-petit-bateau-523111.jpg?v=1602166983,https://cdn.shopify.com/s/files/1/0002/7600/4882/products/maillot-de-bain-1-piece-femme-imprime-marshmallowpersemultico-maillot-petit-bateau-655663.jpg?v=1602166983]",PETIT BATEAU,106,97.5," On aime ce maillot de bain 1 pièce femme et son imprimé all-over exclusif Petit Bateau, dans les tons bleu et blanc. Le haut du maillot se maintient sous la poitrine pour créer un décolleté très féminin et il s'attache derrière le cou. Un maillot de bain femme qui évoque la mer et le ciel à la fois !     La mannequin mesure 175 cm et porte une taille XS.  
 ﻿ "
4709011030112,Robes & Jupes,"Pantalons & Bas, Sœur, 34, 36, 38, 40, 42","[https://cdn.shopify.com/s/files/1/0002/7600/4882/products/jupe-bamboo-b-jupe-soeur-502766.jpg?v=1602135353,https://cdn.shopify.com/s/files/1/0002/7600/4882/products/jupe-bamboo-b-jupe-soeur-327765.jpg?v=1602135353]",SOEUR,151,620.00000000000011," Jupe flanelle. Fabriqué en Roumanie. 

 Composition : 34% Viscose, 33% Polyester, 32% Laine, 1% Elasthane 

 Conseils D'entretien :
 - Le lavage à la main est à privilégier pour l'entretien de vos pièces
 - Le lavage en machine avec un programme délicat est possible si l'étiquette d'entretien vous l'indique. "
4164294475872,Maillots,"<20€, Maillots","[https://cdn.shopify.com/s/files/1/0002/7600/4882/products/triangle-do-you-sein-tropez-maillots-naia-441884.jpg?v=1598486506,https://cdn.shopify.com/s/files/1/0002/7600/4882/products/triangle-do-you-sein-tropez-maillots-naia-896226.jpg?v=1598486506,https://cdn.shopify.com/s/files/1/0002/7600/4882/products/triangle-do-you-sein-tropez-maillots-naia-444973.jpg?v=1598486506,https://cdn.shopify.com/s/files/1/0002/7600/4882/products/triangle-do-you-sein-tropez-maillots-naia-667607.jpg?v=1598486506]",NAIA,32,20.0,"   Style :    Triangle turquoise et doré avec coques amovibles (fournies), entièrement doublé. Et pour une qualité sans faille, fermoir à clic en Zamak or.  Avec ses bretelles tressées à nouer dans le cou, ce modèle vous embarque illico sous le soleil de Saint-Tropez.  Ptit conseil, prenez votre taille habituelle !       Notre ptit secret :     Sur la plage abandonnée, Coquillages et Crustacés  Nous, on préfère la version Coquillages et Décolletés, pour un parfait farnienté !       Une création exclusive de Ma Ptite Culotte :) "
15307294900603,Chaussures,"PMTHEBRADERYDEC25, sync_fastmag, synchro_fastmag, 20H, COULEUR_PINK, COULEUR_RED, FM-CLAUDETTE_CRO_20H-CHERRY, NOERESA","[https://cdn.shopify.com/s/files/1/0002/7600/4882/files/20h_claudette_cherry-cherry-3.jpg?v=1764838895,https://cdn.shopify.com/s/files/1/0002/7600/4882/files/20h_claudette_cherry-cherry-1.jpg?v=1764838896,https://cdn.shopify.com/s/files/1/0002/7600/4882/files/20h_claudette_cherry-cherry-b.jpg?v=1764838896,https://cdn.shopify.com/s/files/1/0002/7600/4882/files/20h_claudette_cherry-cherry-a.jpg?v=1764838896]",PETITE MENDIGOTE,600000,0.0," Claudette c'est la bottine must-have à avoir dans son dressing ! On aime sa ligne si simple qui la rend ultra élégante ! Son talon de 6,5 cm est la hauteur parfaite pour tous les jours. Les CLAUDETTE sont ajustées. Pour plus de confort, si vous les portez avec des chaussettes plus épaisses vous pouvez choisir une pointure au dessus . "
15099194737019,Jeans,">100€, Gestuz, GESTUZ0625, Jeans, no-search","[https://cdn.shopify.com/s/files/1/0002/7600/4882/files/GZ_RERUN_10904264_100017_200.jpg?v=1749563637,https://cdn.shopify.com/s/files/1/0002/7600/4882/files/GZ_RERUN_10904264_100017_500.jpg?v=1749563629,https://cdn.shopify.com/s/files/1/0002/7600/4882/files/GZ_RERUN_10904264_100017_300.jpg?v=1749563645,https://cdn.shopify.com/s/files/1/0002/7600/4882/files/GZ_RERUN_10904264_100017_350.jpg?v=1749563641,https://cdn.shopify.com/s/files/1/0002/7600/4882/files/GZ_RERUN_10904264_100017_100.jpg?v=1749563634]",GESTUZ,76,0.0,"  Composition :  87% Cotton (Organic),13% Recycled Cotton "
6618507182176,T-shirts & Polos,"Collection : Maison Labiche, dropshipping, eligibility, Homme, L, M, Maison Labiche, S, T-shirts & Polos, target2sell:2022-07-24 07:45:00, Type : T-shirts & Polos, XL, XS, XXL","[https://cdn.shopify.com/s/files/1/0002/7600/4882/products/getImage_ed3bcffe-3bb6-4f89-bd3f-90197934636f.jpg?v=1658154600,https://cdn.shopify.com/s/files/1/0002/7600/4882/products/PhotoProduit_adff3ea3-c57d-4aaf-9f27-86e714073242.jpg?v=1658154600,https://cdn.shopify.com/s/files/1/0002/7600/4882/products/PhotoProduit_ec535091-eb1c-4520-b066-bbb4181ce1cb.jpg?v=1658154600,https://cdn.shopify.com/s/files/1/0002/7600/4882/products/getImage_463028eb-73b5-4856-9cf5-8db48ad57ea3.jpg?v=1658154600,https://cdn.shopify.com/s/files/1/0002/7600/4882/products/getImage_35d56c55-3c13-4359-8b1d-a3b74e1ffe9a.jpg?v=1658154600,https://cdn.shopify.com/s/files/1/0002/7600/4882/products/PhotoProduit_95b3f657-0a9d-44f7-84d4-32c7073ba904.jpg?v=1658154600,https://cdn.shopify.com/s/files/1/0002/7600/4882/products/getImage_63785fc4-e0ac-48ce-98c7-06539882d6ae.jpg?v=1658154600,https://cdn.shopify.com/s/files/1/0002/7600/4882/products/PhotoProduit_75d089df-ae56-445e-9e1e-498fb91854aa.jpg?v=1658154600,https://cdn.shopify.com/s/files/1/0002/7600/4882/products/PhotoProduit_b3f171e7-e1d5-4613-98b7-49702fdee351.jpg?v=1658154600]",MAISON LABICHE,9000,65.002754820936644,"- Notre écusson brodé signature   - Jersey 100 % coton biologique   - Certifié GOTS : Les fibres sont 100 % certifiées biologiques. Certification délivrée par Ecocert Greenlife (207286). MAISON LABICHE   - Coupe droite légèrement cintrée   - Encolure en maille côtelée   - Manches retroussées   - Fabriqué au Portugal     Victor mesure 1m81 et porte une taille M    Conseils d'entretiens : Lavage délicat en machine, 30°
Laver avec coloris similaires
Ne pas sécher en tambour
Repasser à la température indiquée"
6571711103072,Chemises Et Tops,"<20€, Chemises Et Tops, L, M, Mango, mangotaille, S, XS","[https://cdn.shopify.com/s/files/1/0002/7600/4882/products/t-shirt-ivette-blanc-chemises-et-tops-mango-743999.jpg?v=1631119319,https://cdn.shopify.com/s/files/1/0002/7600/4882/products/t-shirt-ivette-blanc-chemises-et-tops-mango-165936.jpg?v=1631117688,https://cdn.shopify.com/s/files/1/0002/7600/4882/products/t-shirt-ivette-blanc-chemises-et-tops-mango-923732.jpg?v=1631123864,https://cdn.shopify.com/s/files/1/0002/7600/4882/products/t-shirt-ivette-blanc-chemises-et-tops-mango-632226.jpg?v=1631120422,https://cdn.shopify.com/s/files/1/0002/7600/4882/products/t-shirt-ivette-blanc-chemises-et-tops-mango-437638.jpg?v=1631117127,https://cdn.shopify.com/s/files/1/0002/7600/4882/products/t-shirt-ivette-blanc-chemises-et-tops-mango-973481.jpg?v=1631125166,https://cdn.shopify.com/s/files/1/0002/7600/4882/products/t-shirt-ivette-blanc-chemises-et-tops-mango-240913.jpg?v=1631123965,https://cdn.shopify.com/s/files/1/0002/7600/4882/products/t-shirt-ivette-blanc-chemises-et-tops-mango-371150.jpg?v=1631124272]",MANGO,61,750.03733135551306,"   T-shirt coton manches longues. 100 % coton bio, Col rond, Épaulettes, Manches longues   Composition :  100% Coton Organique    Conseils d'entretien :  Laver En Machine Max. 30°C, Ne Pas Utiliser D'Eau De Javel, Repasser Max.110°C, Nettoyage A Sec Perchloroethylene, Pas De Séchage En Machine   Dimensions Produit :  36,4cm x 56,5cm "
6571733942368,Mailles Et Sweats,"L, M, Mailles Et Sweats, Mango, mangotaille, S, XL, XS","[https://cdn.shopify.com/s/files/1/0002/7600/4882/products/pull-pompa-ecru-mailles-et-sweats-mango-417149.jpg?v=1631120414,https://cdn.shopify.com/s/files/1/0002/7600/4882/products/pull-pompa-ecru-mailles-et-sweats-mango-120601.jpg?v=1631126121,https://cdn.shopify.com/s/files/1/0002/7600/4882/products/pull-pompa-ecru-mailles-et-sweats-mango-831604.jpg?v=1631112743,https://cdn.shopify.com/s/files/1/0002/7600/4882/products/pull-pompa-ecru-mailles-et-sweats-mango-255022.jpg?v=1631116753,https://cdn.shopify.com/s/files/1/0002/7600/4882/products/pull-pompa-ecru-mailles-et-sweats-mango-370961.jpg?v=1631112185,https://cdn.shopify.com/s/files/1/0002/7600/4882/products/pull-pompa-ecru-mailles-et-sweats-mango-571674.jpg?v=1631131140,https://cdn.shopify.com/s/files/1/0002/7600/4882/products/pull-pompa-ecru-mailles-et-sweats-mango-384032.jpg?v=1631119111,https://cdn.shopify.com/s/files/1/0002/7600/4882/products/pull-pompa-ecru-mailles-et-sweats-mango-791416.jpg?v=1631120507]",MANGO,37,1099.8457300275481,"   Pull-over nS_x0001_ud dos. Tissu en maille, Maille torsadée, Coupe large, Col rond, Manches longues, Bords côtelés, Lien à nouer au dos   Composition :  79% Acrylique, 21% Polyester    Conseils d'entretien :  Ne Pas Utiliser D'Eau De Javel, Repasser Max.110°C, Ne Pas Laver A Sec, Pas De Séchage En Machine, Laver A La Main Max. 30°C   Dimensions Produit :  30cm "
6609300881504,Bain,"36, 38, 40, 42, <20€, Bain, Collection : Sowe Biarritz, dropshipping, Sowe Biarritz, target2sell:2022-05-21, Type : Bain","[https://cdn.shopify.com/s/files/1/0002/7600/4882/products/1984.jpg?v=1652884244,https://cdn.shopify.com/s/files/1/0002/7600/4882/products/1976.jpg?v=1652884244,https://cdn.shopify.com/s/files/1/0002/7600/4882/products/1980.jpg?v=1652884244]",SOWE BIARRITZ,200000,15.0," Maillot de bain bandeau Bonnie Shiny rose, édition limitée Sunset Fever 
 Sa matière légèrement irisée et son anneau en écaille claire donne le ton : sexy lady en Bonnie ! Rembourrages et lien à nouer dans le cou amovibles, doublure, tout est la pour faire chavirer votre coeur. 
    Le petit +::   les  mousses sont amovibles.  
   Conseil taille :  Ce modèle taille normalement. 
  Composition :  80% polyamide - 20% elasthane 
  Entretien :  Lavage à la main ou en machine en cycle délicat 30% maximum. "
6614569746528,Robes,"32, 34, 36, 38, 40, <20€, Collection : Nasty Gal, dropshipping, eligibility, Nasty Gal, Robes, target2sell:2022-06-25 07:45:00, Type : Robes","[https://cdn.shopify.com/s/files/1/0002/7600/4882/products/agg04179_blue_l_1.jpg?v=1655744645,https://cdn.shopify.com/s/files/1/0002/7600/4882/products/agg04179_blue_l.jpg?v=1655744643,https://cdn.shopify.com/s/files/1/0002/7600/4882/products/agg04179_blue_l_2.jpg?v=1655895902]",NASTY GAL,25,11.666666666666668, Robe droite Ciel  Robe droite bi-matière.  Liens croisés à nouer devant.    Coloris :  ciel   Matière :  100% coton   Entretien  : lavage à 30°C 
6614589997152,Chemises Et Tops,"<20€, Chemises Et Tops, Collection : Nasty Gal, dropshipping, eligibility, L, M, Nasty Gal, S, target2sell:2022-06-25 07:45:00, Type : Chemises Et Tops, XS","[https://cdn.shopify.com/s/files/1/0002/7600/4882/products/agg14864_white_l_1.jpg?v=1655745099,https://cdn.shopify.com/s/files/1/0002/7600/4882/products/agg14864_white_l_2.jpg?v=1655896101,https://cdn.shopify.com/s/files/1/0002/7600/4882/products/agg14864_white_l.jpg?v=1655745097]",NASTY GAL,62,0.0," T-shirt Blanc  T-shirt.     Le mannequin porte une taille UK M.     Coloris :  blanc, noir, rose, moutarde et violet   Matière :  100% coton   Entretien  : lavage à 30°C "
7203775086688,Robes,"S, Type : Robes, XL, XS, Collection : Laagam, dropshipping, L, Laagam, LAAGAM0924, M, recherche1:Prêt-À-Porter, recherche2:Robes, Robes","[https://cdn.shopify.com/s/files/1/0002/7600/4882/files/devon-lime-dress_1a91c92e-226c-48b7-8d14-728abf2f5829.jpg?v=1725464481,https://cdn.shopify.com/s/files/1/0002/7600/4882/files/DEVON-LIME-DRESS2.jpg?v=1725464481,https://cdn.shopify.com/s/files/1/0002/7600/4882/files/DEVON-LIME-DRESS.jpg?v=1725464481,https://cdn.shopify.com/s/files/1/0002/7600/4882/files/DEVON-LIME-DRESS3.jpg?v=1725464481]",LAAGAM,27,0.0, Robe midi sans manches en viscose de lin citron vert avec une encolure ronde et un dos ouvert terminé par une couture latérale ouverte. 
6648365318240,Chemises Et Tops,"closedfev2023, Collection : Closed, dispeo, Femme, L, M, S, Type : Chemises Et Tops, XS, Chemises Et Tops, Closed","[https://cdn.shopify.com/s/files/1/0002/7600/4882/products/C95334-42K-22-218.jpg?v=1677158394,https://cdn.shopify.com/s/files/1/0002/7600/4882/products/C95334-42K-22-218_20_3.jpg?v=1677158427]",CLOSED,37,30.833333333333336,  Coupe:  Slim Fit   Jambe:  Straight   Longueur: : Long  Longueur:     Composition :  64% Lyocell (Tencel™) 32% Coton 4% Élasthanne   Entretien :  température maximale de 30°c procédé doux. ne pas mettre au sèche-linge. le nettoyage a sec professionnel au tetrachloroethene et a tous les solvants mentionnes pour le symbole p. le fer a repasser a une temperature maximale de la semelle de 110 °c le fer a vapeur peut causer des dommages irreversibles. ne pas blanchir 
6601604530272,Robes Et Combinaisons,"dispeo, eligibility, FRNCH, L, M, oldfrnch, Robes Et Combinaisons, S","[https://cdn.shopify.com/s/files/1/0002/7600/4882/products/combinaison-madlie-beige-robes-et-combinaisons-frnch-940422.jpg?v=1648482631,https://cdn.shopify.com/s/files/1/0002/7600/4882/products/combinaison-madlie-beige-robes-et-combinaisons-frnch-469292.jpg?v=1648480754,https://cdn.shopify.com/s/files/1/0002/7600/4882/products/combinaison-madlie-beige-robes-et-combinaisons-frnch-609817.jpg?v=1648479155]",FRNCH,120,258.33333333333337," La combinaison Madlie est l'un de nos coups de cœur de la collection ""Jardin du Luxembourg"". Les détails qui nous font craquer : sa douce couleur chaude, son col droit, ses bretelles larges, sa coupe évasée ainsi que sa ceinture qui permet de marquer la taille pour un look ultra féminin. Pièce tendance de la nouvelle saison, elle se porte aussi bien avec des sandales qu'avec une paire de baskets.   - poches latérales - fermeture éclair dans le dos - bretelles ajustables avec bouton  100% VISCOSE   Composition :  100%viscose "
6643727990880,Hauts,"6A, Collection : The Animals Observatory, dispeo, Hauts, recherche1:Enfant, recherche2:T-Shirts, The Animals Observatory, Type : Hauts, 2A, 3A, 4A","[https://cdn.shopify.com/s/files/1/0002/7600/4882/products/tops-shark-kids-tops-soft-pink-logo-393592.jpg?v=1674133423,https://cdn.shopify.com/s/files/1/0002/7600/4882/products/tops-shark-kids-tops-soft-pink-logo-622707.jpg?v=1674133423]",THE ANIMALS OBSERVATORY,95,22.5," Le sweat-shirt Soft Pink Shark a un col côtelé et des manches à revers. Avec le logo de l'Observatoire des animaux sur le devant et la devise que nous vivons au dos. Une partie de la ligne de vêtements 2015, nommée d'après l'année de notre naissance. Inspiré par la simplicité et l'élégance, à porter par les enfants et les adultes.   Composition :  100% Coton   Entretien :  Lavage en machine jusqu'à 30°C-86°F/Ne pas blanchir/Ne pas sécher au sèche-linge/Repasser jusqu'à 110°C-230°F/Ne pas nettoyer à sec/ "
14833370104187,Plantes D'Intérieur,"Type : Plantes D'Intérieur, Collection : Perfect Plant, dropshipping, NONRETOURNABLE, Perfect Plant, PERFECTPLANT1125, Plantes D'Intérieur, seo-generated-metafields20251127, Type : Plantes D'Intérieur, Type : Plantes D'Intérieur, recherche2:Plantes","[https://cdn.shopify.com/s/files/1/0002/7600/4882/files/2073171_Close-up_3.jpg?v=1731416746,https://cdn.shopify.com/s/files/1/0002/7600/4882/files/2073171_Close-up_2.jpg?v=1731416746,https://cdn.shopify.com/s/files/1/0002/7600/4882/files/2073171_Atmosphere_3.jpg?v=1731416745,https://cdn.shopify.com/s/files/1/0002/7600/4882/files/2073171_Atmosphere_2.jpg?v=1731416746,https://cdn.shopify.com/s/files/1/0002/7600/4882/files/2073171_Product-image_1.png?v=1731416746,https://cdn.shopify.com/s/files/1/0002/7600/4882/files/2073171_Atmosphere_1.jpg?v=1731416745,https://cdn.shopify.com/s/files/1/0002/7600/4882/files/2073171_Close-up_1.jpg?v=1731416746]",PERFECT PLANT,249,58.434305317324188," Les Dracaenas, également connus sous le nom de dragonniers, sont originaires d’Afrique tropicale ou d’Asie. Leur nom est dérivé du mot grec drakaina, qui signifie dragon femelle. Lorsque la plante est endommagée, de la résine rouge s'écoule des « blessures ». Cette résine est également appelée sang de dragon et est utilisée en médecine depuis l'Antiquité. Le Dracaena bicolor a une apparence saisissante. Les belles feuilles vert foncé avec une subtile lueur rouge foncé donnent à la plante un aspect unique. De plus, le Dracaena est très facile à entretenir.  La plante a une hauteur de 70 à 80 cm à la livraison, mesurée avec le pot de pépinière. La plante est livrée dans un pot de pépinière d'un diamètre de 17 cm. "
6618455572576,T-shirts & Polos,"0415325, Collection : Maison Labiche, dropshipping, Homme, INACTIF, L, M, Maison Labiche, S, SRPFINALRETOUR0923, Type : T-shirts & Polos, XL, XS, XXL","[https://cdn.shopify.com/s/files/1/0002/7600/4882/products/PhotoProduit_404528f9-2f62-4b8f-98ba-a79e1aef420e.jpg?v=1658130249,https://cdn.shopify.com/s/files/1/0002/7600/4882/products/PhotoProduit_96e1d25a-ff5e-4207-8b8f-93893c9fe85f.jpg?v=1658130249]",MAISON LABICHE,3000,590.83333333333326," - Sa broderie fait référence au plus joli des sentiments - Jersey 100% coton biologique - Certifié GOTS : 100% des fibres sont issues de l'agriculture biologique. Certificat délivré par Ecocert Greenlife (207286). MAISON LABICHE - Coupe droite - Finition encolure V finie avec un colletage en bord-côte - Fabriqué au Portugal  Alexis mesure 1m89 et porte du M  Lavage délicat en machine, 30°
Laver avec coloris similaires
Ne pas blanchir
Ne pas sécher en tambour
Repasser à la température indiquée "
6542526152800,Blouses Et Chemises,"11230436, 34, 36, 38, 40, 42, Blouses Et Chemises, Collection : Le Mont St Michel, dropshipping, Femme, Le Mont St Michel, LEMONTSTMICHEL1223, recherche1:Prêt-À-Porter, recherche2:Chemises, Type : Blouses Et Chemises","[https://cdn.shopify.com/s/files/1/0002/7600/4882/products/top-eleonor-bleu-marine-femme-top-le-mont-st-michel-944087.jpg?v=1701805901,https://cdn.shopify.com/s/files/1/0002/7600/4882/products/top-eleonor-bleu-marine-femme-top-le-mont-st-michel-627102.jpg?v=1701805913,https://cdn.shopify.com/s/files/1/0002/7600/4882/products/top-eleonor-bleu-marine-femme-top-le-mont-st-michel-365669.jpg?v=1617132292,https://cdn.shopify.com/s/files/1/0002/7600/4882/products/top-eleonor-bleu-marine-femme-chemises-et-tops-le-mont-st-michel-543887.jpg?v=1701775364,https://cdn.shopify.com/s/files/1/0002/7600/4882/products/top-eleonor-bleu-marine-femme-chemises-et-tops-le-mont-st-michel-572967.jpg?v=1701775364]",LE MONT ST MICHEL,18,134.08333333333334," Blouse en coton couvert de rayures en fil métallique - Col en V entouré de tissu froncé - Pli plat au milieu de la blouse à l'avant - Epaules recouvertes d'un empiècement froncé - Manches 1/2 montées - Coutures anglaises à l'intérieur
Noémie mesure 1,70m et porte du 38. "
6663550369888,Pantalons,"pangaia0623, Pantalons, recherche1:Prêt-à-porter, recherche2:Pantalons, S, Type : Pantalons, XL, XS, XXL, XXS, 6230658, Collection : Pangaia, dropshipping, INACTIF, L, M, Mixte, Pangaia","[https://cdn.shopify.com/s/files/1/0002/7600/4882/products/Move-Tech-Jersey-Wide-Leg-Track-Pants-Jasper-Red-Male-2.jpg?v=1686241749,https://cdn.shopify.com/s/files/1/0002/7600/4882/products/Move-Tech-Jersey-Wide-Leg-Track-Pants-Jasper-Red-Male-1.jpg?v=1686241737,https://cdn.shopify.com/s/files/1/0002/7600/4882/products/Move-Tech-Jersey-Wide-Leg-Track-Pants-Jasper-Red-Female-1.jpg?v=1686241724,https://cdn.shopify.com/s/files/1/0002/7600/4882/products/Move-Tech-Jersey-Wide-Leg-Track-Pants-Jasper-Red-Female-2.jpg?v=1686237512,https://cdn.shopify.com/s/files/1/0002/7600/4882/products/Move-Tech-Jersey-Wide-Leg-Track-Pants-Jasper-Red-1.png?v=1686237512,https://cdn.shopify.com/s/files/1/0002/7600/4882/products/Move-Tech-Jersey-Wide-Leg-Track-Pants-Jasper-Red-Male-3.jpg?v=1686237512,https://cdn.shopify.com/s/files/1/0002/7600/4882/products/Move-Tech-Jersey-Wide-Leg-Track-Pants-Jasper-Red-2.jpg?v=1686237512]",PANGAIA,89,0.0,"    Ce pantalon à jambes larges est fabriqué à partir d'un tissu en jersey de coton biologique, ce qui vous permet de bouger et de vous plier avec confort et aisance. Il a un éclat mercerisé et a été traité avec de l'huile de menthe poivrée (pprmint™) pour le garder plus frais, plus longtemps.    Composition :  100% coton biologique   Conseils d'entretien :  Machine wash cold
Wash separately
Wash inside out
Do not bleach
Do not tumble dry
Iron low
Do not dry clean
Do not iron on print  Conseil taille :  [""Els fait 179cm / 5'10 ; elle porte une taille S"", ""Claudio fait 187cm / 6'1 ; il porte une taille M""]"
6752859390048,Chemises Et Top,"Chemises Et Top, Collection : Jagvi, dropshipping, Jagvi, JAGVI0124, Type : Chemises Et Top","[https://cdn.shopify.com/s/files/1/0002/7600/4882/products/P230323134039-Dos-Haut-JAGVI-2-scaled_90e3e5b7-6f79-4051-bda3-f0009256b639.jpg?v=1704209234,https://cdn.shopify.com/s/files/1/0002/7600/4882/products/P230323134039-Dos-Haut-JAGVI-2-scaled.jpg?v=1704209234,https://cdn.shopify.com/s/files/1/0002/7600/4882/products/P230323134039-Face-Silhouette-JAGVI-1-scaled.jpg?v=1704209234]",JAGVI,40,24.916666666666668," 
 T-shirt col rond en coton « bio » avec la broderie « red earth». Le T-shirt, l’incontournable du vestiaire masculin est proposé dans un tissu « éco friendly » de grande qualité japonaise. "
7123388629088,Sabots,"36, 37, 38, 39, 40, 41, 6240952, Collection : Noa Harmon, dropshipping, Noa Harmon, NOAHARMON0624, recherche1:Chaussures, recherche2:Sabots, Sabots, Type : Sabots","[https://cdn.shopify.com/s/files/1/0002/7600/4882/files/009660-0067__03.jpg?v=1718873701,https://cdn.shopify.com/s/files/1/0002/7600/4882/files/009660-0067__01.jpg?v=1718873701,https://cdn.shopify.com/s/files/1/0002/7600/4882/files/009660-0067__02.jpg?v=1718873701,https://cdn.shopify.com/s/files/1/0002/7600/4882/files/009660-0067__04.jpg?v=1718873701]",NOA HARMON,256,0.0," 
Sabot à talon Noa Harmon avec boucle ovale. TERRA n'a pas besoin de mots. Son raphia combiné au napa végétalien et son talon unique vous fascineront.   Tige  : Raffia + vegan nappa  Doublure  : Leather  Semelle Intérieure  : Leather  Semelle Extérieure  : Synthetic  Hauteur Du Talon  : 8.5  Hauteur De La Plate-Forme  : 2 "
6710011232352,Robes,"42, Antik Batik, ANTIKBATIK1123, Collection : Antik Batik, couleur:Multicolore, dropshipping, INACTIF, langshop, nom:Elvis, recherche1:Prêt-à-porter, recherche2:Robes, Robes, Type : Robes, 11230348, 36, 38, 40","[https://cdn.shopify.com/s/files/1/0002/7600/4882/files/elvis_dress_multico_2.jpg?v=1699018324,https://cdn.shopify.com/s/files/1/0002/7600/4882/files/elvis_dress_multico_5.jpg?v=1699018323]",ANTIK BATIK,69,0.0, Robe longue ample et fluide en Crêpe de viscose. Imprimé cachemire dessiné dans notre atelier parisien puis appliqué au cadre (savoir-faire artisanal indien). Col rond. Plastron au niveau des épaules. Patte de boutonnage. Poignets fermés par un bouton en Nacre Naturelle. Fentes sur les côtés de la robe.   Composition :  100%VISCOSE 
6678875078752,Combinaisons & Robes,"dropshipping, L, langshop, M, Nomadiya, Nomadiya0923, recherche1:Prêt-à-porter, recherche2:Robes, S, Type : Combinaisons & Robes, 9230804, Collection : Nomadiya, Combinaisons & Robes","[https://cdn.shopify.com/s/files/1/0002/7600/4882/products/Look04_0007.jpg?v=1694979619,https://cdn.shopify.com/s/files/1/0002/7600/4882/products/Look04_0087.jpg?v=1694979619,https://cdn.shopify.com/s/files/1/0002/7600/4882/products/Look04_0023.jpg?v=1694979619,https://cdn.shopify.com/s/files/1/0002/7600/4882/products/Look04_0017.jpg?v=1694979619,https://cdn.shopify.com/s/files/1/0002/7600/4882/products/Look04_0122-reduite.jpg?v=1694979619]",NOMADIYA,87,450.0," 
 Robe imprimée  
 Élastique à la taille 
 Fronces sur l’encolure  
 Col et poignets avec boutonnage  
 Deux volants superposés sur la partie jupe  
  
 Prendre sa taille habituelle.  
 Composition: 100 % Viscose 
 Entretien: Lavage à 30˚ "
6867937263712,Maillots de bain,,"[https://cdn.shopify.com/s/files/1/0002/7600/4882/files/products_30021653_image1_original.jpg?v=1709224212,https://cdn.shopify.com/s/files/1/0002/7600/4882/files/products_30021653_image4_original.jpg?v=1709224212,https://cdn.shopify.com/s/files/1/0002/7600/4882/files/products_30021653_image3_original.jpg?v=1709224212,https://cdn.shopify.com/s/files/1/0002/7600/4882/files/products_30021653_image2_original.jpg?v=1709224212]",NA-KD,55,8.25,"Triangle sans armatures. Liens à  nouer autour du cou et au dos. Motifs à  rayures. Empiècement en métal à  motif cÅ“ur à  l'entre-bonnet.   Les produits NA-KD taillent grand. Si vous hésitez entre deux tailles, nous vous conseillons de prendre la plus petite.    Les tailles indiquées sont aux normes européennes. Pour connaître les correspondances et choisir votre taille le plus judicieusement, n'hésitez pas à  consulter notre guide des tailles. "
6904714166368,T-Shirts,"M, recherche1:Prêt-À-Porter, recherche2:T-Shirts, S, T-Shirts, XL, XXL, 3241324, dropshipping, HERO SEVEN, HEROSEVEN0324, HEROSEVENTB0324, L","[https://cdn.shopify.com/s/files/1/0002/7600/4882/files/BAsicMINEAL.png?v=1711718236,https://cdn.shopify.com/s/files/1/0002/7600/4882/files/basicmineral.jpg?v=1711718236]",HERO SEVEN,33,83.0," La pièce basique et très bien connue de notre collection fait également son retour et revêt des couleurs sobres pour agrémenter tous les styles, des plus sophistiqués et travaillés aux plus simples et tendances. "
6853747703904,Sneakers,"Collection : Diadora, Diadora, DIADORA0224, dropshipping, recherche1:Chaussures, recherche2:Baskets, resize1, Sneakers, Type : Sneakers, 2240228, 41, 42, 43, 44, 45","[https://cdn.shopify.com/s/files/1/0002/7600/4882/files/929580-60-3_1.jpg?v=1708095907,https://cdn.shopify.com/s/files/1/0002/7600/4882/files/929580-60-3_4.jpg?v=1708095928,https://cdn.shopify.com/s/files/1/0002/7600/4882/files/929580-60-3_2.jpg?v=1708095914,https://cdn.shopify.com/s/files/1/0002/7600/4882/files/929580-60-3_3.jpg?v=1708095921,https://cdn.shopify.com/s/files/1/0002/7600/4882/files/929580-60-3_5.jpg?v=1708095935]",DIADORA,90,0.0,"  Composition :  Dessus: 5% Polyester
Dessus: 20% Cuir
Dessus: 75% Polyurethane  "
6889641312352,Soutiens-Gorge Ampliformes,"90B, 90C, 90D, 95B, 95C, 95D, Collection : Pomm Poire, dropshipping, Pomm Poire, POMMPOIRE0324, recherche1:Prêt-À-Porter, recherche2:Sous-Vêtements, Soutiens-Gorge Ampliformes, Type : Soutiens-Gorge Ampliformes, 3241274, 85A, 85B, 85C, 85D, 90A","[https://cdn.shopify.com/s/files/1/0002/7600/4882/files/soutien-gorge-ampliforme-coque-moulee-coquelicot-intrepide-2-v2.jpg?v=1710341790,https://cdn.shopify.com/s/files/1/0002/7600/4882/files/soutien-gorge-ampliforme-coque-moulee-coquelicot-intrepide-4-v2.jpg?v=1710341796,https://cdn.shopify.com/s/files/1/0002/7600/4882/files/soutien-gorge-ampliforme-coque-moulee-coquelicot-intrepide-v2_5b005838-5433-498d-b36e-359c37d2a901.jpg?v=1710341802,https://cdn.shopify.com/s/files/1/0002/7600/4882/files/soutien-gorge-ampliforme-coque-moulee-coquelicot-intrepide-3-v2.jpg?v=1710341793,https://cdn.shopify.com/s/files/1/0002/7600/4882/files/soutien-gorge-ampliforme-coque-moulee-coquelicot-intrepide-1-v2.jpg?v=1710341787,https://cdn.shopify.com/s/files/1/0002/7600/4882/files/soutien-gorge-ampliforme-coque-moulee-coquelicot-intrepide-v2.jpg?v=1710341799]",POMM POIRE,875,10.75206611570248," Collection Camille Cerf & Pomm'Poire. Soutien-gorge coques moulées forme foulard. Dentelle florale française ""Sophie Hallette"". Bijou mordoré à l'entre-seins. Bretelles fines réglables. Fermeture 2 agrafes, 3 positions avec nœud gros-grain. Disponible du 85A au 95D "
6854224805984,Casques,"Marko Helmets, MARKOHELMET0224, recherche1:Accessoires, recherche2:Casques, S, Type : Casques, XL, 2241049, Casques, Collection : Marko Helmets, dropshipping, L, M","[https://cdn.shopify.com/s/files/1/0002/7600/4882/files/creme-3-fullmoon-casque-moto-scooter-markohelmets-helmet.jpg?v=1707935717,https://cdn.shopify.com/s/files/1/0002/7600/4882/files/creme-2-fullmoon-casque-moto-scooter-markohelmets-helmet.jpg?v=1707935717,https://cdn.shopify.com/s/files/1/0002/7600/4882/files/creme-1-fullmoon-casque-moto-scooter-markohelmets-helmet.jpg?v=1707935717]",MARKO HELMETS,147,645.5,"  Le casque intégral Full Moon de Marko Helmets  

 Le casque moto Full Moon, inspiré des casques intégraux vintage des années 60, est fabriqué avec une coque en fibre de verre et une mentonnière fine et basse pour plus de sécurité. Cette particularité lui permet d'avoir un champ de vision très large, caractéristique appréciée par les utilisateurs de deux roues et particulièrement pour la conduite en ville. 
Alliant sécurité, légèreté et confort, le casque vintage Full Moon vous fera revivre les ballades d'antan au guidon des plus belles motos vintage. 
De nombreuses couleurs et finitions sont disponibles, design élégant et intemporel, finitions cuir ou chrome, à vous de choisir le style qui s'accordera le mieux avec votre machine et à votre goût. 
Imaginé pour être personnalisé, vous pourrez retirer la visière pour installer l'un de nos masques grâce à une attache lunette élégante en cuir véritable, remplacer la visserie par un large choix de coloris et également changer la visière d'origine par une visière bubble pour un look néo-rétro. 
Le légendaire casque moto intégral vintage Full Moon à un intérieur en tissu antibactérien amovible et lavable, des mousses de joues pouvant accueillir un système Intercom et une ventilation conséquente qui le rendra idéal même durant la saison estivale. 
Ce casque élégant allie sécurité, légèreté et confort dans un look classique et sera votre partenaire idéal pour vos aventures motorisées. 
Disponible avec la double homologation ECE et DOT. 
  Caractéristiques techniques :  
 Tailles : XS à XL. 
 Poids : 1300 +/- 50g 
 Homologation : ECE et DOT 
 Livré avec une housse de transport et des stickers réfléchissants. 
 Calotin en polystyrène multi densités pour une protection optimisée grâce à l'utilisation de matériaux à différents niveaux d'absorption. 
 Fermeture de la jugulaire par une boucle Double-D sécurisante et la seule homologuée sur piste. 
 Système de ventilation avec 2 entrées 
 Fixation pour lunettes/masque "
6888803237984,Pulls Et Gilets,"Mango Man, MANGO0524, Pulls Et Gilets, recherche1:Prêt-À-Porter, recherche2:Pulls, S, Type : Pulls Et Gilets, XL, XXL, 5240123, Collection : Mango Man, couleur:Noir, dropshipping, L, M","[https://cdn.shopify.com/s/files/1/0002/7600/4882/files/47014402_99-99999999_01.jpg?v=1710422612,https://cdn.shopify.com/s/files/1/0002/7600/4882/files/47014402_99_B.jpg?v=1710422583,https://cdn.shopify.com/s/files/1/0002/7600/4882/files/47014402_99_R.jpg?v=1710422606,https://cdn.shopify.com/s/files/1/0002/7600/4882/files/47014402_99_D8.jpg?v=1710422634,https://cdn.shopify.com/s/files/1/0002/7600/4882/files/47014402_99.jpg?v=1710422543,https://cdn.shopify.com/s/files/1/0002/7600/4882/files/47014402_99_D1.jpg?v=1710422617,https://cdn.shopify.com/s/files/1/0002/7600/4882/files/47014402_99_B3.jpg?v=1710422591,https://cdn.shopify.com/s/files/1/0002/7600/4882/files/47014402_99_D6.jpg?v=1710422629]",MANGO MAN,18,0.0," Tissu de coton mélangé, Tissu en maille fine, Col rond, Manches longues, Le mannequin mesure 183 cm et porte une taille M, Motif rayé "
6663024083040,Pantalons Et Shorts,"Pantalons Et Shorts, Type : Pantalons Et Shorts, 34, 36, 38, 40, 42, 4240639, 44, Collection : Max Et Moi, dropshipping, Max Et Moi, MAXETMOI0424","[https://cdn.shopify.com/s/files/1/0002/7600/4882/products/short-sango-taupe-1.jpg?v=1686216121,https://cdn.shopify.com/s/files/1/0002/7600/4882/products/short-sango-taupe-2.jpg?v=1686216123]",MAX ET MOI,36,422.25," Intégrez à votre garde-robe une pointe de sophistication avec ce short qui centre son design sur le style et le confort. Réalisée à partir d’un tissu fluide et légèrement satiné qui lui confère un drapé naturellement élégant, la pièce est dotée d'une taille haute agrémentée de double passants, d’une large ceinture à boucle métallique, de grandes poches et d’une doublure ton sur ton, douce et légère. 
Des poches rabats maintenus par des boutons pressions métalliques personnalisés dorées viennent apporter chic et élégance à cette pièce classique.   Composition :  50% Lyocell Fillsens 50% Viscose Doublure : 100% Coton   Entretien :  entretien_sec "
6924588417120,Bagues,"56, 58, 60, >100€, Ana & Cha, ANAETCHA0424, Bagues, Collection : Ana & Cha, dropshipping, recherche1:Accessoires, recherche2:Bagues, Type : Bagues, 4241349, 50, 52, 54","[https://cdn.shopify.com/s/files/1/0002/7600/4882/files/6200277-1.jpg?v=1712322776,https://cdn.shopify.com/s/files/1/0002/7600/4882/files/baguealbarouge.jpg?v=1712322776]",ANA & CHA,40,99.666666666666671,"     Plaqué or 18 carats     Email rouge     3 Microns     Finition Brillante     Largeur du corps de bague : 13,7mm   Toutes nos créations sont pensées et imaginées dans notre studio de design Parisien. Puis conçues dans nos ateliers partenaires, certifiés RJC*.  

  • Plaqué or 18 carats - Norme Française  
  • Finition à l’or fin 24 carats  
  • Fait à partir d'or recyclé à 100%  
  • Plaqué or garanti 3 ans • Résiste à l'eau  
  • Garantie sans plomb, sans cadmium, sans nickel.  
  • Hypoallergénique.  

Toutes nos pierres sont naturelles, leur aspect et leur couleur peuvent donc varier selon les modèles.  
*Responsible jewellery council : un standard reconnu au sein de la bijouterie / joaillerie / horlogerie concernant les pratiques environnementales, sociales et éthiques, dans le respect des droits de l'homme 
 
 "
15281997382011,Couverts,"Collection : Serax, Couverts, dropshipping, L 22.51 W 2.1 H 1 CM, Serax, SERAX1125, Type : Couverts, Type : Couverts",[https://cdn.shopify.com/s/files/1/0002/7600/4882/files/B1318200.jpg?v=1762266271],SERAX,119,104.125," Serax est parvenu à mettre au point une collection de couverts en acier inoxydable semblant faits de film aluminium, mais qui, en réalité, sont très résistants et étonnamment lourds. "
7110725271648,Décoration,"113250432, Collection : Potiron, dropshipping, Décoration, Potiron, POTIRON0325, POTIRONSP1, recherche1:Maison, recherche2:Décoration, TU, Type : Décoration","[https://cdn.shopify.com/s/files/1/0002/7600/4882/files/vase-decoratif-en-ceramique-a-damier-orange-geneve-302658.png?v=1718135971,https://cdn.shopify.com/s/files/1/0002/7600/4882/files/vase-decoratif-en-ceramique-a-damier-orange-geneve-185150.jpg?v=1718135971,https://cdn.shopify.com/s/files/1/0002/7600/4882/files/vase-decoratif-en-ceramique-a-damier-orange-geneve-372287.jpg?v=1718135971]",POTIRON,39,14.916666666666666,"✨ Découvrez le charme vibrant du Vase Décoratif Céramique À Damier - Genève - Orange de la collection Potiron. Ce vase rond en céramique adopte un motif à damier orange audacieux, idéal pour embellir votre intérieur avec des petits bouquets ronds, apportant une touche éclatante à tout espace de vie.  📏 Ses dimensions sont de 10,2 cm de diamètre et de hauteur, offrant une présence discrète mais remarquable où que vous décidiez de le placer.  🧺 Entretien recommandé : pour préserver la beauté et l'éclat de ce vase en céramique, un lavage doux est conseillé. Évitez l'usage de produits agressifs qui pourraient ternir les couleurs ou rayer la surface, afin de maintenir son aspect original durablement."
15125688779131,Taies D'Oreiller,"Bonsoirs., BONSOIRS0625, Collection : Bonsoirs., dropshipping, Taies D'Oreiller, Type : Taies D'Oreiller","[https://cdn.shopify.com/s/files/1/0002/7600/4882/files/taies-oreillers-satin-coton-juste-le-bleu-pp-1_e43d96fb-8216-4cbd-8640-d320f0b76039.png?v=1750855468,https://cdn.shopify.com/s/files/1/0002/7600/4882/files/satin-coton-juste-le-bleu-pp-4_c6ef0e57-7761-4a30-b6b0-f93265a25532.jpg?v=1750855468,https://cdn.shopify.com/s/files/1/0002/7600/4882/files/satin-coton-juste-le-bleu-pp-6_4ed8941d-0d77-42a0-b390-3834beb4182a.jpg?v=1750348138,https://cdn.shopify.com/s/files/1/0002/7600/4882/files/satin-coton-juste-le-bleu-pp-5_7516fa04-cb97-4f58-83b5-4d951496dc1e.jpg?v=1750855468,https://cdn.shopify.com/s/files/1/0002/7600/4882/files/satin-coton-juste-le-bleu-pp-2-gads_4764a429-5928-44bc-a3ca-905504e822c0.jpg?v=1750855468,https://cdn.shopify.com/s/files/1/0002/7600/4882/files/satin-coton-juste-le-bleu-pp-3_782c473d-61b8-4055-9fbf-f61ff3b946b0.jpg?v=1750855468]",BONSOIRS.,31,0.0," 
 Sensation  enveloppante et soyeuse  
 
  Aspect légèrement satiné discret et sobre  
  100% coton peigné longues fibres  pensé pour durer   
   Tissage haut de gamme  200 fils/cm2 dense et résistant  
  Fermeture à rabat et coupe ajustée  
  Vendues par paire  
 "
14862247494011,Vestes,"Vestes, Born Living Yoga, BORNLIVINGYOGA1224, Collection : Born Living Yoga, dropshipping, L, M, recherche1:Prêt-À-Porter, recherche2:Vestes, S, Type : Vestes","[https://cdn.shopify.com/s/files/1/0002/7600/4882/files/ZURI-J-BLACK-1.jpg?v=1732879947,https://cdn.shopify.com/s/files/1/0002/7600/4882/files/ZURI-J-BLACK-3.jpg?v=1732879947,https://cdn.shopify.com/s/files/1/0002/7600/4882/files/ZURI-J-BLACK-7.jpg?v=1732879947,https://cdn.shopify.com/s/files/1/0002/7600/4882/files/ZURI-J-BLACK-6.jpg?v=1732879947,https://cdn.shopify.com/s/files/1/0002/7600/4882/files/ZURI-J-BLACK-8.jpg?v=1732879947,https://cdn.shopify.com/s/files/1/0002/7600/4882/files/ZURI-J-BLACK-2.jpg?v=1732879947,https://cdn.shopify.com/s/files/1/0002/7600/4882/files/ZURI-J-BLACK-5.jpg?v=1732879947,https://cdn.shopify.com/s/files/1/0002/7600/4882/files/ZURI-J-BLACK-4.jpg?v=1732879947]",BORN LIVING YOGA,3000000,484.91597796143247,  Veste hybride à technologie performante. Manches en tissu « Warm_T » avec pinces aux épaules pour un meilleur ajustement et un meilleur style et ouverture pour les doigts dans le poignet pour un meilleur ajustement et une meilleure mobilité. Corps rembourré avec tissu coupe-vent pour une meilleure isolation thermique avec poches latérales avec fermeture éclair cachée. · Membrane TPU · Chaud · Végétalien 
14835667206523,Chemises,"dropshipping, recherche1:Prêt-À-Porter, recherche2:Chemises, T4, Type : Chemises, 10A, 12A, 14A, 16A, 18A, 6A, 8A, Bellerose, BELLEROSE1124, Chemises","[https://cdn.shopify.com/s/files/1/0002/7600/4882/files/BK232452_20C1178-CHB-GASPAR32_20C1178-CHECK_20B_3.jpg?v=1731578611,https://cdn.shopify.com/s/files/1/0002/7600/4882/files/BK232452_20C1178-CHB-GASPAR32_20C1178-CHECK_20B.jpg?v=1731578611,https://cdn.shopify.com/s/files/1/0002/7600/4882/files/BK232452_20C1178-CHB-GASPAR32_20C1178-CHECK_20B_4.jpg?v=1731578611,https://cdn.shopify.com/s/files/1/0002/7600/4882/files/BK232452_20C1178-CHB-GASPAR32_20C1178-CHECK_20B_2.jpg?v=1731578611]",BELLEROSE,80000,87.25, Composition :  Tissu Extérieur : 100 % Coton Contraste 1 : 100 % Coton
14939040022907,Vestes,"M, numerodevente, recherche1:Prêt-À-Porter, recherche2:Vestes, S, Type : Vestes, Vestes, Collection : Cotélac, COTELAC0325, Cotélac, dropshipping","[https://cdn.shopify.com/s/files/1/0002/7600/4882/files/CAA3H580-6076_E.jpg?v=1740806001,https://cdn.shopify.com/s/files/1/0002/7600/4882/files/CAA3H580-6076_D.jpg?v=1740741794,https://cdn.shopify.com/s/files/1/0002/7600/4882/files/CAA3H580-6076_F.jpg?v=1740741793]",COTELAC,164,0.0," ✨ Découvrez le Kimono Cotélac, une réinterprétation moderne du classique kimono. Ce vêtement unique est doté d'un boutonnage devant dissimulé par une patte cachée et agrémenté de boutons en nacre naturelle. Les manches typiques du kimono, les grandes fentes sur les côtés pour une liberté de mouvement maximale, et la ceinture amovible offrent un style personnalisable tandis que sa coupe droite apporte une touche d'élégance intemporelle. "
7130283999328,Sweatshirts,"Collection : Born Living Yoga, dropshipping, L, M, S, seo-generated-metafields20251227, Sweatshirts, Type : Sweatshirts, XL, XL, XL, Born Living Yoga, BORNLIVINGYOGA1225","[https://cdn.shopify.com/s/files/1/0002/7600/4882/files/ERIE-J-DEEPGARNET_2.jpg?v=1719393138,https://cdn.shopify.com/s/files/1/0002/7600/4882/files/ERIE-J-DEEPGARNET_3.jpg?v=1719393138,https://cdn.shopify.com/s/files/1/0002/7600/4882/files/ERIE-J-DEEPGARNET_1.jpg?v=1719393138,https://cdn.shopify.com/s/files/1/0002/7600/4882/files/ERIE-J-DEEPGARNET_4.jpg?v=1719393138,https://cdn.shopify.com/s/files/1/0002/7600/4882/files/ERIE-J-DEEPGARNET_5.jpg?v=1719393138,https://cdn.shopify.com/s/files/1/0002/7600/4882/files/ERIE-J-DEEPGARNET_6.jpg?v=1719393138]",BORN LIVING YOGA,75,129.65833333333333,"En quête d'un confort optimal ? Ce  sweat  avec  col ras du cou  se distingue par son  tissu effet néoprène « SkuW » , offrant un  intérieur brossé noir contrastant  pour une sensation douillette. Sa  coupe élégante  inclut un  ourlet arrondi  et un  dos légèrement plus long , s'adaptant ainsi à toutes vos silhouettes.  Idéal pour un look décontracté, ce  sweat  se porte aisément avec un jean ou un pantalon de sport pour un style contemporain et soigné. Sa polyvalence en fait également un excellent choix pour vos sessions de yoga ou vos moments de détente à la maison.  Cette  pièce  Born Living Yoga, soigneusement sélectionnée par TheBradery, combine un  toucher ultra doux  à des propriétés  antistatiques  et  antibactériennes  pour une expérience de port inégalée ✨  Composition : Tissu effet néoprène « SkuW », intérieur brossé."
14845360275835,Valises Long Séjour,"Type : Valises Long Séjour, Valises Long Séjour, 212250419, 30x50x78, Collection : Delsey Paris, couleur:, Delsey Paris, DELSEY0225, dropshipping, nom:, recherche1:Accessoires, recherche2:Bagagerie","[https://cdn.shopify.com/s/files/1/0002/7600/4882/files/delsey-rami-02346882102_00_-02.jpg?v=1732101706,https://cdn.shopify.com/s/files/1/0002/7600/4882/files/delsey-rami-02346882102_00_-01.jpg?v=1732101707,https://cdn.shopify.com/s/files/1/0002/7600/4882/files/delsey-rami-02346882102_00_-07.jpg?v=1732101707,https://cdn.shopify.com/s/files/1/0002/7600/4882/files/delsey-rami-02346882102_00_-11.jpg?v=1732101706,https://cdn.shopify.com/s/files/1/0002/7600/4882/files/delsey-rami-02346882102_00_-04.jpg?v=1732101707,https://cdn.shopify.com/s/files/1/0002/7600/4882/files/delsey-rami-02346882102_00_-06.jpg?v=1732101707,https://cdn.shopify.com/s/files/1/0002/7600/4882/files/delsey-rami-02346882102_00_-09.jpg?v=1732101707,https://cdn.shopify.com/s/files/1/0002/7600/4882/files/delsey-rami-02346882102_00_-13.jpg?v=1732101706]",DELSEY PARIS,28,333.08333333333337," ✨ La Valise Soute L (78cm) - Rami de Delsey Paris, en couleur bleu, est conçue pour accompagner vos longs séjours. Elle dispose d'un compartiment en filet zippé et d'un jeu de sangles pour sécuriser vos affaires. "
15289737609595,Colliers,"301965908203, Collection : ORA Collection, Colliers, dropshipping, ORA Collection, ORACOLLECTION1125, TU, Type : Colliers, Type : Colliers","[https://cdn.shopify.com/s/files/1/0002/7600/4882/files/DSC00084_065aa0cb-ea29-44a3-bfb6-9f1248f7d97c.jpg?v=1763396346,https://cdn.shopify.com/s/files/1/0002/7600/4882/files/DSC00086_62ef3fc8-f83a-4193-a61c-8d42b4236366.jpg?v=1763396347]",ORA COLLECTION,47,29.983333333333331,"En  acier inoxydable doré à l'or fin , ce  collier  se distingue par son design élégant et intemporel. Sa finition résistante à l’eau et l’absence de nickel garantissent un port confortable, sans risque d’allergie, tout en préservant son éclat au fil du temps.  Idéal pour compléter une tenue chic ou apporter une touche raffinée à un style décontracté, ce collier embellit chacune de vos occasions, qu'il s'agisse d'une soirée habillée ou d'une sortie quotidienne.  TheBradery a choisi cette  création  ORA Collection pour son élégance naturelle et sa qualité premium. 🌟  Composition : Acier inoxydable doré à l'or fin, garanti sans nickel."
14927933636987,Vestes,"JOSEFINE0325, L, M, recherche1:Prêt-À-Porter, recherche2:Vestes, S, Type : Vestes, Vestes, 33250912, Collection : Josefine, dropshipping, Josefine","[https://cdn.shopify.com/s/files/1/0002/7600/4882/files/MUCHA_NOIR_2.jpg?v=1740479596,https://cdn.shopify.com/s/files/1/0002/7600/4882/files/MUCHA_NOIR_3.jpg?v=1740479606,https://cdn.shopify.com/s/files/1/0002/7600/4882/files/MUCHA_NOIR_1.jpg?v=1740479592]",JOSEFINE,299,20.75,"✨ Découvrez la Veste Mucha - Noir, une pièce emblématique de la collection Josefine. Parfait pour toute garde-robe, ce modèle est conçu pour s'adapter à une multitude d'occasions, offrant à la fois élégance et confort.  🧵 Composition : Confectionnée dans un tissu de haute qualité, cette veste est composée de 95% polyester et 5% élasthanne, combinant durabilité et une légère extensibilité pour un ajustement parfait."
7054867103840,Sacs Et Pochettes,"41x46cm, Collection : Jamini, dropshipping, Jamini, JAMINI1124, JEVASOWH, Sacs Et Pochettes, Type : Sacs Et Pochettes",[https://cdn.shopify.com/s/files/1/0002/7600/4882/files/IRIS-TVB-T-OLIVE.jpg?v=1716287115],JAMINI,35,31.5," Cette pièce a été façonnée à la main par des artisans experts selon la technique traditionnelle du blockprint, un savoir-faire ancestral du Rajasthan. "
15279383708027,Chemises Et Tops,"Chemises Et Tops, Collection : Kids Around, dropshipping, Kids Around, KIDSAROUND1125, Type : Chemises Et Tops","[https://cdn.shopify.com/s/files/1/0002/7600/4882/files/J51163_A32_002.jpg?v=1761925705,https://cdn.shopify.com/s/files/1/0002/7600/4882/files/J51163_A32_003.jpg?v=1761925711,https://cdn.shopify.com/s/files/1/0002/7600/4882/files/J51163_A32_001.jpg?v=1761925700]",KIDS AROUND,33,0.0," Polo manches courtes en piqué 100% coton, fermeture boutonnée, imprimé ""BOSS"" à la poitrine, étiquette tissée siglée sur le côté. REGULAR FIT   Composition :  100% Coton - Garniture : 100% Coton   Entretien :  Lavage Machine À 30° - Blanchiment Interdit - Séchage Tambour Interdit - Repassage Doux - Nettoyage À Sec Interdit "
15264302170491,Draps Plats,"301965213940, Collection : Essix, Draps Plats, dropshipping, Essix, ESSIX1025, meta_seo_processed, Type : Draps Plats, nom:Première, Type : Draps Plats, 180 x 290 cm, 240 x 300 cm, 270 x 300 cm","[https://cdn.shopify.com/s/files/1/0002/7600/4882/files/SX988_2_NUIT.jpg?v=1760428949,https://cdn.shopify.com/s/files/1/0002/7600/4882/files/SX988_3_NUIT.jpg?v=1760428948]",ESSIX,45,0.0," Couleur Bleu Nuit  uniforme et  percale de coton  au toucher net,  finitions soignées  résultant d’un travail valorisant les  savoir‐faire historiques  de notre atelier du Nord.  S’offrir ce  Drap Plat  signé  Essix , c’est choisir l’exigence de la marque au meilleur prix The Bradery. ✨  Composition :  percale de coton "
6718314086496,Hauts De Maillot,"Collection : Albertine, dropshipping, Hauts De Maillot, numerodevente, T0, T1, T2, T3, T4, TRIARCHIVE1125DEF, Type : Hauts De Maillot, Albertine, ALBERTINE1125ARCHIVE, ARCHIVE1125, ARCHIVESJEVASO1025","[https://cdn.shopify.com/s/files/1/0002/7600/4882/products/8949.jpg?v=1756529671,https://cdn.shopify.com/s/files/1/0002/7600/4882/products/8950.jpg?v=1699349383,https://cdn.shopify.com/s/files/1/0002/7600/4882/files/365785657_18378020677007899_686324555951304775_n.jpg?v=1699349383,https://cdn.shopify.com/s/files/1/0002/7600/4882/products/8955.jpg?v=1756529787]",ALBERTINE,46,1172.4626033057855,"En  polyamide extensible , ce  bandeau de maillot  Anita de la collection  Albertine  se distingue par son  design raffiné  et ses  finitions soignées . Avec sa coupe ajustée et élégante, il sublime la silhouette tout en offrant un confort optimal. Daniela porte une taille 1 pour un 85B, vous pouvez donc opter pour votre taille habituelle.   Idéal pour vos escapades en bord de mer ou à la piscine, ce bandeau se marie harmonieusement avec un bas de maillot assorti pour un look chic et sophistiqué.  Une  création  Albertine qui allie style contemporain et qualité exceptionnelle 💫  Taille disponible : T0 = 34 / 80B / 80A, T1 = 36 / 85B, T2 = 38 / 90B - 85C, T3 = 40 / 95B - 90C, T4 = 42 / 95C, T5 = 44 / 95D.   Conseils d'entretien : Rincer à l'eau claire après utilisation, éviter le séchage au soleil. Lavage à la main recommandé avec des couleurs similaires."
14875845165435,Pantalons Et Shorts,"Collection : Grace & Mila, dropshipping, Grace & Mila, GRACEETMILA1125, L, M, numerodevente, Pantalons Et Shorts, S, seo-generated-metafields20251117, Type : Pantalons Et Shorts, Type : Pantalons Et Shorts","[https://cdn.shopify.com/s/files/1/0002/7600/4882/files/GEROME_21719-BLEU___P2.jpg?v=1734712326,https://cdn.shopify.com/s/files/1/0002/7600/4882/files/GEROME_21719-BLEU.jpg?v=1734712326]",GRACE & MILA,53,5857.2078007230384,"✨ Redéfinissez l'élégance quotidienne avec le pantalon Gerome, un classique taille haute en velours côtelé, doté de jambes larges pour une silhouette modernisée. Sa fermeture à glissière et bouton assurent un ajustement parfait.  📏 Taille : Ce pantalon propose une coupe fidèle à votre taille habituelle pour un confort optimal.  🧵 Composition : Fabriqué avec soin, ce pantalon est entièrement composé de coton 100%, garantissant ainsi douceur et longévité.  🧺 Entretien : Pour une meilleure conservation, veuillez consulter l'étiquette du produit avant lavage."
15302607307131,Sacs,"_type_sacs, LANCASTER1125, LancasterXTB1125, no-search, seo-generated-metafields20251124, Collection : Lancaster, dropshipping, Lancaster, LANCASTER1125, Sacs, seo-generated-metafields20251124, Type : Sacs, _porte_porté épaule, _related_top double","[https://cdn.shopify.com/s/files/1/0002/7600/4882/files/470-62-CAMEL_IN_OR-1B_16fbc759-e161-4f6d-916b-f99c2d8a718e.jpg?v=1763974197,https://cdn.shopify.com/s/files/1/0002/7600/4882/files/470-62-GALE_IN_OR-1B_d3b6699c-0f8c-4741-9321-ce4edda4c651.jpg?v=1763974198,https://cdn.shopify.com/s/files/1/0002/7600/4882/files/470-62-GALE_IN_OR-C_abf0dc74-4348-42d7-9b38-0ef9f22bd56c.jpg?v=1763974197,https://cdn.shopify.com/s/files/1/0002/7600/4882/files/470-62-GRISCLAI-1B_3b3f455d-379f-4abf-bdf7-f5c3379f0e77.jpg?v=1763997597,https://cdn.shopify.com/s/files/1/0002/7600/4882/files/470-62-GRISCLAI-C_92718b6e-3d46-4031-adfc-841e61e2096d.jpg?v=1763997597,https://cdn.shopify.com/s/files/1/0002/7600/4882/files/470-62-BLEUC_IN_A-C_511dc7ec-23da-437a-9302-869a26e943cc.jpg?v=1763997597,https://cdn.shopify.com/s/files/1/0002/7600/4882/files/470-62-GAZON_IN_C-C_7e49f139-81e0-4ad2-a048-4478e76807ba.jpg?v=1763974198,https://cdn.shopify.com/s/files/1/0002/7600/4882/files/470-62-CAMEL_IN_OR-C_cc509e00-6980-4292-85a7-597cf95abaab.jpg?v=1763974197,https://cdn.shopify.com/s/files/1/0002/7600/4882/files/470-62-BLEUC_IN_A-1B_173231f8-3377-41f1-8063-272fcc365aba.jpg?v=1763997597,https://cdn.shopify.com/s/files/1/0002/7600/4882/files/470-62-CHAMP_IN_NU-1B_9b42c3d6-edc5-49f4-afd1-6e2052c0065d.jpg?v=1763974197,https://cdn.shopify.com/s/files/1/0002/7600/4882/files/470-62-LAGON_IN_E-1B_8e9570ee-4ca0-4f23-8342-271f7d37f1a1.jpg?v=1763974197,https://cdn.shopify.com/s/files/1/0002/7600/4882/files/470-62-NOIR_IN_NU-C_15a59793-244a-47f5-93f4-e6c6ff3e0f03.jpg?v=1763974197,https://cdn.shopify.com/s/files/1/0002/7600/4882/files/470-62-GAZON_IN_C-1B_ebac88f7-de21-42ef-a52f-e070d39769c7.jpg?v=1763974197,https://cdn.shopify.com/s/files/1/0002/7600/4882/files/470-62-LAGON_IN_E-C_e28239fc-38c3-4c6e-8375-59f1036a0277.jpg?v=1763974197,https://cdn.shopify.com/s/files/1/0002/7600/4882/files/470-62-CHAMP_IN_NU-C_a9ba6500-2bf9-4096-8cd4-9ba453c10bc8.jpg?v=1763974197,https://cdn.shopify.com/s/files/1/0002/7600/4882/files/470-62-NOIR_IN_NU-1B_175e9ff0-5d3a-4c10-bde6-f57d04ebf055.jpg?v=1763974197,https://cdn.shopify.com/s/files/1/0002/7600/4882/files/470-62-CARMI_IN_BL-C_89503edd-3838-4136-98e6-fb0454a99fa1.jpg?v=1763997597,https://cdn.shopify.com/s/files/1/0002/7600/4882/files/470-62-CARMI_IN_BL-1B_3aa670c5-0eec-41a4-a34d-fed848ff7d3c.jpg?v=1763997597,https://cdn.shopify.com/s/files/1/0002/7600/4882/files/470-62-NOIR_IN_NU-2_1bcb1643-4869-4255-b500-25de6346e0c0.png?v=1763974198,https://cdn.shopify.com/s/files/1/0002/7600/4882/files/470-62-GALE_IN_OR-4_9bf5907a-9061-4f51-b04b-b625863d8e90.png?v=1763974201,https://cdn.shopify.com/s/files/1/0002/7600/4882/files/470-62-CAMEL_IN_OR-3_56144b19-fe88-46b2-b22d-80618751fdbb.png?v=1763974199,https://cdn.shopify.com/s/files/1/0002/7600/4882/files/470-62-BORDEAU_CH-4.png?v=1763974200,https://cdn.shopify.com/s/files/1/0002/7600/4882/files/470-62-CARMI_IN_BL-4_dfa6d9d0-e0bb-471e-9a57-d8aef6fd6a38.png?v=1763997597,https://cdn.shopify.com/s/files/1/0002/7600/4882/files/470-62-CHAMP_IN_NU-2_1c034b7a-f556-4b00-b467-f8a349bd0954.png?v=1763974199,https://cdn.shopify.com/s/files/1/0002/7600/4882/files/470-62-GRISC_IN_A-3_a08c0767-64d7-4fd7-9f95-029878ec3d8a.png?v=1763997597,https://cdn.shopify.com/s/files/1/0002/7600/4882/files/470-62-GAZON_IN_C-4_34a731e0-945a-4d5c-9e47-b9160ce2a31e.png?v=1763974200,https://cdn.shopify.com/s/files/1/0002/7600/4882/files/470-62-BORDEAU_CH-2.png?v=1763974199,https://cdn.shopify.com/s/files/1/0002/7600/4882/files/470-62-CHAMP_IN_NU-4_c05cf39e-f7a4-40a4-9747-1113fd2f00e9.png?v=1763974200,https://cdn.shopify.com/s/files/1/0002/7600/4882/files/470-62-BLEUSA_IN_A-4_90a9e745-dd73-4ef7-9030-54861518c47b.png?v=1763974201,https://cdn.shopify.com/s/files/1/0002/7600/4882/files/470-62-CARMI_IN_BL-2_fa45cb19-8c28-424c-b3da-163cc544fcab.png?v=1763997597,https://cdn.shopify.com/s/files/1/0002/7600/4882/files/470-62-CHAMP_IN_NU-1_298dd1b1-a0af-432e-a757-d830b68c187a.png?v=1763974199,https://cdn.shopify.com/s/files/1/0002/7600/4882/files/470-62-LAGON_IN_E-3_4f206119-8c86-491c-bf4d-d25f627a051f.png?v=1763974198,https://cdn.shopify.com/s/files/1/0002/7600/4882/files/470-62-BLEUSA_IN_A-2_b1f3b827-cb19-4d3c-bf4e-db1b6f1fab82.png?v=1763974199,https://cdn.shopify.com/s/files/1/0002/7600/4882/files/470-62-BLEUC_IN_A-4_eeb47295-7b0b-4740-bfea-02e76c4b0a27.png?v=1763997597,https://cdn.shopify.com/s/files/1/0002/7600/4882/files/470-62-CAMEL_IN_OR-1_5e2aae9b-835e-4067-847b-096e6f8f7460.png?v=1763974199,https://cdn.shopify.com/s/files/1/0002/7600/4882/files/470-62-GRISC_IN_A-1_a784876e-e7fa-4f6e-ad24-9ae9cfe5e9f3.png?v=1763997597,https://cdn.shopify.com/s/files/1/0002/7600/4882/files/470-62-CAMEL_IN_OR-4_6421a001-3bf9-4a0e-99d3-ddc0e83dc3b7.png?v=1763974200,https://cdn.shopify.com/s/files/1/0002/7600/4882/files/470-62-MARRON_CH-1.png?v=1763974200,https://cdn.shopify.com/s/files/1/0002/7600/4882/files/470-62-BLEUC_IN_A-3_647c79dd-899d-4fca-9ed2-39859c1474bf.png?v=1763997597,https://cdn.shopify.com/s/files/1/0002/7600/4882/files/470-62-MARRON_CH-2.png?v=1763974199,https://cdn.shopify.com/s/files/1/0002/7600/4882/files/470-62-MARRON_CH-3.png?v=1763974198,https://cdn.shopify.com/s/files/1/0002/7600/4882/files/470-62-MARRON_CH-4.png?v=1763974200,https://cdn.shopify.com/s/files/1/0002/7600/4882/files/470-62-NOIR_IN_NU-3_48396249-dddc-4cbe-93fd-cc24fbaf41d0.png?v=1763974199,https://cdn.shopify.com/s/files/1/0002/7600/4882/files/470-62-GALE_IN_OR-1_a4110565-e626-4ad0-9fdb-93dcb690423c.png?v=1763974198,https://cdn.shopify.com/s/files/1/0002/7600/4882/files/470-62-TAUP_IN_OR-3.png?v=1763974199,https://cdn.shopify.com/s/files/1/0002/7600/4882/files/470-62-TAUP_IN_OR-4.png?v=1763974201,https://cdn.shopify.com/s/files/1/0002/7600/4882/files/470-62-NOIR_IN_NU-4_cc74a995-8257-4163-b6c7-b8d5728311bd.png?v=1763974203,https://cdn.shopify.com/s/files/1/0002/7600/4882/files/470-62-CARMI_IN_BL-1_8057c0ca-41ef-44f0-973e-769683eb2d74.png?v=1763997597,https://cdn.shopify.com/s/files/1/0002/7600/4882/files/470-62-GAZON_IN_C-2_714c0279-d4b5-482a-b279-3404d366d13e.png?v=1763974199,https://cdn.shopify.com/s/files/1/0002/7600/4882/files/470-62-BLEUC_IN_A-1_10b9d508-126d-4ef9-a62d-6c45c2f866b0.png?v=1763997597,https://cdn.shopify.com/s/files/1/0002/7600/4882/files/470-62-BLEUSA_IN_A-1_e24ea568-fcea-430a-82f6-91fa577fca0f.png?v=1763974198,https://cdn.shopify.com/s/files/1/0002/7600/4882/files/470-62-GRISC_IN_A-4_fe909975-8f55-49aa-b04b-0208fc91b3ac.png?v=1763997597,https://cdn.shopify.com/s/files/1/0002/7600/4882/files/470-62-NOIR_IN_NU-1_005afe7f-0a59-4cb7-ad50-5aac008ff6e9.png?v=1763974199,https://cdn.shopify.com/s/files/1/0002/7600/4882/files/470-62-GALE_IN_OR-3_79960341-cc99-40a6-b4ce-49f4cb86fd27.png?v=1763974199,https://cdn.shopify.com/s/files/1/0002/7600/4882/files/470-62-LAGON_IN_E-1_e1e2881e-bc5a-4c7c-9758-350209bf5dd8.png?v=1763974199,https://cdn.shopify.com/s/files/1/0002/7600/4882/files/470-62-CARMI_IN_BL-3_549b0df6-da87-439d-a41b-81a6d4882e80.png?v=1763997597,https://cdn.shopify.com/s/files/1/0002/7600/4882/files/470-62-LAGON_IN_E-4_0a9cfe4e-6e15-46d2-a08e-70b469685704.png?v=1763974201,https://cdn.shopify.com/s/files/1/0002/7600/4882/files/470-62-GAZON_IN_C-1_13ec9391-49cd-45b1-a6ee-150dd43f56de.png?v=1763974199,https://cdn.shopify.com/s/files/1/0002/7600/4882/files/470-62-LAGON_IN_E-2_53da154f-0ae7-4d73-a322-3537841c16a2.png?v=1763974199,https://cdn.shopify.com/s/files/1/0002/7600/4882/files/470-62-CAMEL_IN_OR-2_0e51a871-a7fb-4582-85a4-5063588cf7b7.png?v=1763974199,https://cdn.shopify.com/s/files/1/0002/7600/4882/files/470-62-TAUP_IN_OR-2.png?v=1763974199,https://cdn.shopify.com/s/files/1/0002/7600/4882/files/470-62-BORDEAU_CH-3.png?v=1763974199,https://cdn.shopify.com/s/files/1/0002/7600/4882/files/470-62-BORDEAU_CH-1.png?v=1763974198,https://cdn.shopify.com/s/files/1/0002/7600/4882/files/470-62-TAUP_IN_OR-1.png?v=1763974199,https://cdn.shopify.com/s/files/1/0002/7600/4882/files/470-62-BLEUC_IN_A-2_0e9a7cbb-76ae-4b63-91f9-074253f796db.png?v=1763997597,https://cdn.shopify.com/s/files/1/0002/7600/4882/files/470-62-GAZON_IN_C-3_f640ef28-cbfd-4525-b316-ce4879fd27fe.png?v=1763974199,https://cdn.shopify.com/s/files/1/0002/7600/4882/files/470-62-GRISC_IN_A-2_80768b41-707b-4274-82cd-57c09b54f91e.png?v=1763997597,https://cdn.shopify.com/s/files/1/0002/7600/4882/files/470-62-GALE_IN_OR-2_968de615-2c1a-4563-8a62-1c4590fe1e56.png?v=1763974199,https://cdn.shopify.com/s/files/1/0002/7600/4882/files/470-62-BLEUSA_IN_A-3_a932f2bd-4b75-40e0-95e8-c97531f0bd5b.png?v=1763974199,https://cdn.shopify.com/s/files/1/0002/7600/4882/files/470-62-CHAMP_IN_NU-3_d22cd116-0070-4309-8639-17cc7c9e069a.png?v=1763974199]",LANCASTER,108,108.32500000000002," Ce sac seau est confectionné de cuir de vachette grainé. Il comporte une grande poche principale et deux poches de chaque côté. Il se porte à l'épaule ou croisé.   Composition :  Cuir de vachette grainé   Endretien :  Nettoyer régulièrement votre sac avec un chiffon doux pour enlever la poussière. Utilisez un chiffon légèrement humide pour les saletés et un lait nettoyant Lancaster pour un nettoyage en profondeur. Evitez l’exposition à la lumière, à la chaleur, à l’eau et aux corps gras.   Dimensions :  26 x 22 x 11 cm "
15306798596475,Pantalons,"8A, Bonton, BONTON1225, Collection : Bonton, dropshipping, Pantalons, seo-generated-metafields20251206, Type : Pantalons, Type : Pantalons, 10A, 12A, 14A, 4A, 6A","[https://cdn.shopify.com/s/files/1/0002/7600/4882/files/PATAMU152_2.jpg?v=1764761304,https://cdn.shopify.com/s/files/1/0002/7600/4882/files/PATAMU152_3.jpg?v=1764761304,https://cdn.shopify.com/s/files/1/0002/7600/4882/files/PATAMU152_1.jpg?v=1764761303]",BONTON,38,58.291666666666664," Le legging en jersey, c'est une pièce indispensable du vestiaire BONTON. Celui-ci est disponible en ""Rose Bonton"" ou en ""Navy Bonton"", des couleurs intemporelles, faisant parti de notre ligne de permanent "
6853271781472,Doudounes,"JOTT1225, Type : Doudounes, Type : Doudounes, M, meta_processed_desc_title, no-search, S, seo-generated-metafields20251215, TNFJOTT1025, Type : Doudounes, XL, XXL, Collection : Jott, Doudounes, dropshipping, Jott","[https://cdn.shopify.com/s/files/1/0002/7600/4882/files/NICOBLEUROI.jpg?v=1707723482,https://cdn.shopify.com/s/files/1/0002/7600/4882/files/NICOBLEUROI_2.jpg?v=1707723482]",JOTT,162,2128.4209366391183,"Ce  doudoune  en  matière matelassée satinée et déperlante  se distingue par sa couleur bleu roi éclatante, symbole d'élégance et de raffinement. Sa coupe ajustée met en valeur la silhouette tout en assurant un confort optimal. Avec sa capuche élégante et ses coutures intérieures aux teintes contrastées, elle se révèle être une pièce intemporelle à arborer lors de vos sorties hivernales.  Ce qui distingue cette  pièce  Jott, c'est non seulement la qualité de ses matériaux, mais aussi son garnissage en plumes et duvet certifié « RDS », garantissant chaleur et légèreté. Idéal pour les hommes modernes, elle se porte aussi bien lors d'une escapade en montagne que dans les rues animées d'une capitale. Associez-la à un pull en laine et un jean brut pour un look casual-chic, ou à un pantalon tailored pour une allure plus sophistiquée.  Ne passez pas à côté de cette  pépite  doudoune, sélectionnée par nos experts pour son allure résolument contemporaine et sa polyvalence au quotidien. Offrez-vous l'alliance parfaite entre style et élégance, disponible exclusivement chez The Bradery. 🌟  Composition : 100% polyester, garnissage en plumes et duvet.   Conseil d'entretien : Lavage en machine à 30°C sur programme délicat."
15158707356027,Silhouette,"Collection : PSTR Studio, dropshipping, PSTR Studio, PSTRSTUDIO1225, seo-generated-metafields20251204, Silhouette, Type : Silhouette, Type : Silhouette","[https://cdn.shopify.com/s/files/1/0002/7600/4882/files/111557-2.jpg?v=1751366914,https://cdn.shopify.com/s/files/1/0002/7600/4882/files/111557-1.jpg?v=1751366908,https://cdn.shopify.com/s/files/1/0002/7600/4882/files/111557.jpg?v=1751366902]",PSTR STUDIO,2400,0.0,"  Disponible en plusieurs tailles. Affiche vendue sans cadre.  
  Tirages d'art de haute qualité imprimés numériquement sur du papier (250gr), aux couleurs vives, réalisés par de jeunes artistes sous la direction du studio PSTR. "
15272928117115,Coffrets,"LOREALPARIS1225, numerodevente, Octopus x L'Oréal Paris, RETOURSOCTOPUS, seo-generated-metafields20251226, TU, Type : Coffrets, Type : Coffrets, Coffrets, Collection : Octopus x L'Oréal Paris, dropshipping",[https://cdn.shopify.com/s/files/1/0002/7600/4882/files/480941-marketplace.jpg?v=1761228792],OCTOPUS X L'OREAL PARIS,2055,148.98333333333338,"Spray fixateur de maquillage waterproof, il garantit une tenue impeccable durant 36H, tout en séchant en seulement 3 secondes. Sa formule légère et imperceptible résiste à la sueur et au transfert, idéale pour un usage quotidien ou nocturne.   Avec ce spray signé Octopus x L'Oréal Paris, assurez-vous un maquillage parfait et durable, accessible chez The Bradery. 💫  Ingrédients : Alcohol Denat., Dimethyl Ether, Aqua/Water, VA/Crotonates/Vinyl Neodecanoate Copolymer, Aminomethyl Propanol, Triethyl Citrate, Octylacrylamide/Acryloates/Butylaminoethyl Methacrylate Copolymer, Parfum/Fragrance (F.I.L. Z70060641/1).  Instructions : Bien agiter le flacon avant utilisation. Tenir à 30 cm du visage, fermer les yeux et la bouche. Vaporiser en mouvements circulaires. Essuyer l’excédent de produit ; ne pas inhaler. En cas d’irritation, rincer immédiatement à l’eau.   Taille : 150 ml   Couleur : Transparent   Couleur marketing : Universelle  "
15270072254843,Linge De Maison,"dropshipping, Garbo&friends, GARBOANDFRIENDS1025, Linge De Maison, meta_seo_processed, Type : Linge De Maison, Type : Linge De Maison, 70x100/ 40x45cm, 70x80/ 28x35cm, Collection : Garbo&friends","[https://cdn.shopify.com/s/files/1/0002/7600/4882/files/GF11022-1300-1_flatshot.jpg?v=1760967273,https://cdn.shopify.com/s/files/1/0002/7600/4882/files/GF11022-1300-4_flatshot.jpg?v=1760967273]",GARBO&FRIENDS,51,262.425,"Parure de lit bébé en mousseline  Mimosa  de Garbo&friends, conçue pour des rêves doux,  ornée de motifs signature . Fabriquée en  coton mousseline  finement tissé, elle est  texturée, douce comme du ciel  et  légère tout en étant durable . La conception est  simple , dotée d'une  fermeture à bouton  qui met en valeur le matériau.  Ce produit incarne parfaitement le style unique de Garbo&friends. ⭐"
7230259462240,Vestes Et Manteaux,"FURSAC1225, seo-generated-metafields20251228, Type : Vestes Et Manteaux, Vestes Et Manteaux, Vestes Et Manteaux, ARCHIVE1125, ARCHIVESJEVASO1025, Collection : Fursac, dropshipping, Extérieur, Fursac, FURSAC1225, no-search, numerodevente, TRIARCHIVES1125DEF, Type : Vestes Et Manteaux, Vestes Et Manteaux, Collection : Fursac, dropshipping, Fursac","[https://cdn.shopify.com/s/files/1/0002/7600/4882/files/M3AKOM-RM31-11-03.jpg?v=1766983156,https://cdn.shopify.com/s/files/1/0002/7600/4882/files/M3AKOM-RM31-11-01.jpg?v=1766983154,https://cdn.shopify.com/s/files/1/0002/7600/4882/files/M3AKOM-RM31-11-04.jpg?v=1766983160,https://cdn.shopify.com/s/files/1/0002/7600/4882/files/M3AKOM-RM31-11-06.jpg?v=1766983160,https://cdn.shopify.com/s/files/1/0002/7600/4882/files/M3AKOM-RM31-11-02.jpg?v=1766983157]",FURSAC,25,5538.3083333333334," Manteau ajusté en drap de laine et cachemire  
 Col tailleur 
 Fermeture par boutons 
 Fente simple 
 Manteau homme 95% laine vierge et 5% cachemire 
 Doublure 100% viscose 
 Nettoyage à sec 
 Mannequin : taille 46, mesure 1,89, m 
   Entretien :  Do not wash,Do not bleach,Do not tumble dry,Iron at a maximum temperature of 110°C without steam,Professional dry cleaning in hydrocarbons, mild process,Drip flat drying in the shade, "
6949998919776,Hauts De Maillots,"Juan de Dios, JUANDEDIOS0424, L, M, recherche1:Accessoires, recherche2:Maillots De Bains, S, Type : Hauts De Maillots, XL, XS, 4241360, Collection : Juan de Dios, dropshipping, Hauts De Maillots",[https://cdn.shopify.com/s/files/1/0002/7600/4882/files/6C1A4591.jpg?v=1712905592],JUAN DE DIOS,33,0.0," Le haut de bikini Casa de Nada est conçu pour galber et flatter. Doté de liens à nouer pour un ajustement impeccable, ce style réversible classique est idéal pour obtenir un bronzage parfait.
 "
6867931955296,Jeans,"NA-KD, NAKD0424, recherche1:Prêt-À-Porter, recherche2:Jeans, Type : Jeans, 32, 34, 4240489, Collection : NA-KD, dropshipping, Jeans","[https://cdn.shopify.com/s/files/1/0002/7600/4882/files/products_30021861_image2_original.jpg?v=1709224157,https://cdn.shopify.com/s/files/1/0002/7600/4882/files/products_30021861_image4_original.jpg?v=1709224157,https://cdn.shopify.com/s/files/1/0002/7600/4882/files/products_30021861_image5_original.jpg?v=1709224157,https://cdn.shopify.com/s/files/1/0002/7600/4882/files/products_30021861_image1_original.jpg?v=1709224158,https://cdn.shopify.com/s/files/1/0002/7600/4882/files/products_30021861_image3_original.jpg?v=1709224158]",NA-KD,42,16.5,"Jean skinny en  coton biologique  mélangé. Taille haute. 5 poches. Passants de ceinture. Doublure intégrée. Fermeture boutonnée.    Les tailles indiquées sont aux normes européennes. Pour connaître les correspondances et choisir votre taille le plus judicieusement, n'hésitez pas à  consulter notre guide des tailles. "
6867907477600,Tops,"dropshipping, NA-KD, NAKD0424, recherche1:Prêt-À-Porter, recherche2:Tops, Tops, Type : Tops, 32, 34, 36, 4240489, Collection : NA-KD",[https://cdn.shopify.com/s/files/1/0002/7600/4882/files/products_30022064_image1_original.jpg?v=1709223919],NA-KD,35,0.0,"Top à  sequins. Col légèrement montant. Manches longues. Doublure intégrée.    Les tailles indiquées sont aux normes européennes. Pour connaître les correspondances et choisir votre taille le plus judicieusement, n'hésitez pas à  consulter notre guide des tailles. "
7009910194272,Chausson Espadrille,"40746021290080, 40746021322848, 40746021355616, 40746021388384, 40746021421152, 40746021453920, 40746021486688, 40746021519456, 40746021552224, 40746021584992, 40746021617760, 40746021650528, 40746021683296, 40746021716064, 40746021748832, 40746021781600, 5241418, Chausson Espadrille, Collection : Payote, couleur:Bleu marine, dropshipping, nom:eric, Payote, PAYOTE0524, recherche1:Accessoires, recherche2:Chaussons, Type : Chausson Espadrille, 40746021159008, 40746021191776, 40746021224544, 40746021257312","[https://cdn.shopify.com/s/files/1/0002/7600/4882/files/eric_site.webp?v=1714639196,https://cdn.shopify.com/s/files/1/0002/7600/4882/files/eric3-1.webp?v=1714639196,https://cdn.shopify.com/s/files/1/0002/7600/4882/files/semelle1_4e7dc96f-a42a-4d1a-8333-d82f6fbb312c.webp?v=1714144387,https://cdn.shopify.com/s/files/1/0002/7600/4882/files/Eric3.webp?v=1714639196,https://cdn.shopify.com/s/files/1/0002/7600/4882/files/Eric2.webp?v=1714639196,https://cdn.shopify.com/s/files/1/0002/7600/4882/files/Eric1.webp?v=1714639196]",PAYOTE,63,29.083333333333332," Tradition et mode au rendez-vous avec le chausson pied-de-poule Eric 
 
 Un nouveau chausson fait son entrée dans la collection des    espadrilles fourrées Payote    : le Chausson pied-de-poule Eric. Sobre et tendance, il affiche un look qui allie mode et tradition sans faux pas grâce à son imprimé intemporel et indémodable. En effet, nous avons voulu reprendre un motif iconique qui a fait ses preuves dans la  fashion  sphère :    le pied-de-poule . 
 Intemporel, ce motif a su traverser les époques sans prendre une ride pour devenir un indispensable de la garde-robe. Au même rang que le tartan, il apporte une note chic aux tenues. C’est pourquoi on le retrouve souvent sur des pièces nobles comme les tailleurs. Cette année, Payote a voulu casser les codes en l’invitant dans sa collection de chaussons made in France. À nos pieds, il prend des airs beaucoup plus décontractés tout en restant suffisamment sophistiqué. Il nous a tellement charmé que nous avons décliné 3 modèles avec ce motif. Le Chausson Espadrille Eric est une jolie version    bleu marine et beige    qui se veut unisexe et qui conviendra à tous les âges.  
 Très graphique, ce modèle a du caractère et se portera plutôt avec des pièces sobres. On sort donc les grosses mailles dans des coloris    nude    et les pyjamas monochromes. En plus de son look affirmé, Eric témoigne aussi d’un engagement fort : celui de soutenir le    savoir-faire français . En effet, il a été fabriqué en France dans notre atelier partenaire au cœur du Pays basque. Plus d’excuse pour ne pas craquer pour le pied-de-poule cette année ! "
15029204746619,Trousses,"Trousses, Type : Trousses, Collection : Maison Jaipur, dropshipping, M, Maison Jaipur, MAISONJAIPUR0625, numerodevente",[https://cdn.shopify.com/s/files/1/0002/7600/4882/files/450_d754818b-a04d-4993-b660-5fa9b57de6f5.png?v=1744102588],MAISON JAIPUR,1000000,20.75,"✨ La Delhi est notre trousse matelassée idéale pour tous vos déplacements. Parfaite comme trousse de maquillage ou de toilette, elle offre une excellente capacité de rangement. Fabriquée à Jaipur avec amour, c'est l'accessoire indispensable de votre quotidien.  🧵 Composition : Confectionnée en 100% voile de coton, cette trousse présente une doublure étanche plastifiée et 4 poches intérieures. Le design mixte et ses dimensions de 22x13x11 cm la rendent versatile et pratique.  🧺 Entretien : Facile à entretenir, la trousse Delhi M est lavable en machine à 30°. Il est recommandé de ne pas utiliser de sèche-linge pour préserver sa qualité."
15093999501691,Accessoires,"CLEMENTINAITALY0625, clementinaitalygratuit, Collection : Clementina Italy, dropshipping, numerodevente, TU, Type : Accessoires, Accessoires, Clementina Italy",[https://cdn.shopify.com/s/files/1/0002/7600/4882/files/ring-holder-R-Tartan.jpg?v=1749116612],CLEMENTINA ITALY,1000,0.0, Poignée ergonomique pour une prise en main sûre Rotation à 360° pour une utilisation polyvalente Finition durable et anti-décoloration Conception légère et compacte Mode de fixation : magnétique avec forte adhérence Double usage comme support Portée accrue d'une seule main Repose-doigts pour plus de confort 
15093983576443,Accessoires,"Clementina Italy, CLEMENTINAITALY0625, clementinaitalygratuit, Collection : Clementina Italy, dropshipping, numerodevente, Resize1, Type : Accessoires, Accessoires, Apple AirPods 3",[https://cdn.shopify.com/s/files/1/0002/7600/4882/files/airpods-3-AC-gemstone.jpg?v=1749136112],CLEMENTINA ITALY,1000,0.0, Étui robuste Fabriqué à partir de matériaux de qualité supérieure Finition brillante Impressions résistantes à la décoloration Délai de production d'un jour Fabriqué à partir de matériaux de qualité supérieure Finition brillante Impressions résistantes à la décoloration 
4636904521824,"Vestes & Manteaux, Homme","Homme, Vestes & Manteaux","[https://cdn.shopify.com/s/files/1/0002/7600/4882/products/veste-reversible-shearling-fox-brown-homme-vestes-manteaux-homme-closed-869477.jpg?v=1608620176,https://cdn.shopify.com/s/files/1/0002/7600/4882/products/veste-reversible-shearling-fox-brown-homme-vestes-manteaux-homme-closed-615725.jpg?v=1608620176,https://cdn.shopify.com/s/files/1/0002/7600/4882/products/veste-reversible-shearling-fox-brown-homme-vestes-manteaux-homme-closed-740946.jpg?v=1608620176,https://cdn.shopify.com/s/files/1/0002/7600/4882/products/veste-reversible-shearling-fox-brown-homme-vestes-manteaux-homme-closed-426346.jpg?v=1608620176,https://cdn.shopify.com/s/files/1/0002/7600/4882/products/veste-reversible-shearling-fox-brown-homme-vestes-manteaux-homme-closed-653975.jpg?v=1608620176]",CLOSED,28,0.0," Veste réversible Shearling pour homme. 
 Coupe : regular fit  Longueur: env. 70 cm (Taille M)   
 100% fourrure d'agneau. 
 Fabriqué en Turquie. "
6620526379104,SNEAKERS SIMONE,"_tab1_composition-sneakers-cuir, _tab2_gdt-simone, _tab3_ge-sneakers-cuir, AMOUR, AMZ50, BDA40, BHV30, BHV50, BLANC, CUIR, FETEDESMERES, GL30, GL50, HAPPY4, Lacets, LR30, LR50, OUTLET, OUTLET-125-35, OUTLET30, SIMONE, SLOWMOVER, SNEAKERS, SNEAKERS SIMONE, SOLDES, SPT30, SPT50, swatch-simone-hearts-neptune, swatch-simone-hearts-rose-gold, swatch-simone-hearts-stardust, swatch-simone-hearts-sunset, THEBRADERY, VP50, ZAL30","[https://cdn.shopify.com/s/files/1/0002/7600/4882/products/sneakers-simone-simone-hearts-silver-2.jpg?v=1659003773,https://cdn.shopify.com/s/files/1/0002/7600/4882/products/sneakers-simone-simone-hearts-silver-3.jpg?v=1659003773,https://cdn.shopify.com/s/files/1/0002/7600/4882/products/sneakers-simone-simone-hearts-silver-4.jpg?v=1659003773,https://cdn.shopify.com/s/files/1/0002/7600/4882/products/sneakers-simone-simone-hearts-silver-5.jpg?v=1659003773,https://cdn.shopify.com/s/files/1/0002/7600/4882/products/sneakers-simone-simone-hearts-silver-1.jpg?v=1659003773]",BONS BAISERS,8000000,0.0," Simone, c'est la base de la base. La sneaker à lacets qui ne vous laissera jamais tomber. Un peu comme Simone Veil ou Simone de Beauvoir, quoi. Simples, polyvalentes et efficaces, on les enfile pour chiller comme pour aller danser. Sur son cuir blanc tout doux se détachent de petits cœurs en cuir argentés, voletant avec légèreté sur les côtés. Il y a de l’amour dans l’air… "
4748146016352,Accessoires Iphones 12,"<20€, Accessoires Iphones 12, The Kase","[https://cdn.shopify.com/s/files/1/0002/7600/4882/products/coque-en-suede-alcantara-pour-apple-iphone-1212-pro-rouge-rubis-coque-the-kase-889941.jpg?v=1605136235,https://cdn.shopify.com/s/files/1/0002/7600/4882/products/coque-en-suede-alcantara-pour-apple-iphone-1212-pro-rouge-rubis-coque-the-kase-987850.jpg?v=1605136235,https://cdn.shopify.com/s/files/1/0002/7600/4882/products/coque-en-suede-alcantara-pour-apple-iphone-1212-pro-rouge-rubis-coque-the-kase-744630.jpg?v=1605136235,https://cdn.shopify.com/s/files/1/0002/7600/4882/products/coque-en-suede-alcantara-pour-apple-iphone-1212-pro-rouge-rubis-coque-the-kase-836225.jpg?v=1605136235]",THE KASE,64,16.666666666666668," Élégamment enveloppée dans un habillage de suède Alcantara qui résiste aux chocs et aux accidents quotidiens sans abîmer son aspect raffiné et doux au toucher. Une coque souple & sublime qui apporte une touche délicate. Voilà, votre téléphone devient glamour ! Sentez cette texture sophistiquée et luxueuse sous vos doigts à la fois protectrice et légère.  Donnez un style élégant et chic à votre look avec une coque mince et élancée, habilitée pour le chargement sans fil. Une coque qui complètera à la fois votre allure de fashionista et votre smartphone. Absolument aucun câble requis. "
4797535551584,AQUAHERO,"<20€, AQUAHERO, Studio Beauté, TU","[https://cdn.shopify.com/s/files/1/0002/7600/4882/products/aquahero-baume-corps-200-ml-aquahero-studio-beaute-187843.jpg?v=1612848756,https://cdn.shopify.com/s/files/1/0002/7600/4882/products/aquahero-baume-corps-200-ml-aquahero-studio-beaute-168002.jpg?v=1612848756,https://cdn.shopify.com/s/files/1/0002/7600/4882/products/aquahero-baume-corps-200-ml-aquahero-studio-beaute-770660.jpg?v=1612848756,https://cdn.shopify.com/s/files/1/0002/7600/4882/products/aquahero-baume-corps-aquahero-studio-beaute-533417.jpg?v=1612848756]",STUDIO BEAUTE,218,253.33333333333334,"  Livraison offerte dès 40€ d'achat.   
 Cette merveille va vous apporter du baume au coeur et au corps. Sa texture onctueuse à base d'huile d'Amande douce et de beurre de Karité hydrate délicatement et apporte douceur et confort à la peau. Sa formule composée à  96% d'origine naturelle  est également enrichie à la Criste Marine aux vertus énergisantes. 
   Note Yuka   : 86/100 (Excellent).  
  Contenance  : 200 ML. 
  Le +  : son parfum aux notes marines délicatement iodées Made in France. 
  Bénéfices  :   Ce baume pour le corps laisse la peau hydratée, douce et délicatement parfumée. 
  Ingredients  : Aqua (Water / Eau), Glycerin, Prunus Amygdalus Dulcis (Sweet Almond) Oil, Isopropyl Myristate, Caprylic/Capric Triglyceride, Cetyl Alcohol, Stearyl Alcohol, Sorbitan Stearate, Butyrospermum Parkii (Shea) Butter, Potassium, Cetyl Phosphate, Ethylhexyl Stearate, Cetearyl Ethylhexanoate, Tocopheryl Acetate, Parfum (Fragrance), Carbomer, Sodium, Benzoate, Potassium Sorbate, Crithmum Maritimum Extract, Ci 42090, Ci 19140. 
  Conseil d'application  : Appliquez le baume sur l’ensemble de votre corps matin et/ou soir en massant délicatement par mouvements circulaires jusqu’à absorption complète. "
15247779365243,Baskets,"Adidas, Baskets, no-search, STOCKLYADIDAS1025, STOCKLYADIDAS1125",[https://cdn.shopify.com/s/files/1/0002/7600/4882/files/adidas_7Cji1019_Image_1_C2.jpg?v=1762939840],ADIDAS,19,0.0," Ces baskets adidas juniors, inspirées du skate, offrent confort et style avec une tige en cuir, une doublure textile respirante et une semelle extérieure en caoutchouc adhérente et triple épaisseur. "
6545984684128,Hauts,"Hauts, L, LAAGAM, M, S, XS","[https://cdn.shopify.com/s/files/1/0002/7600/4882/products/chemise-the-navy-stripes-blue-chemise-laagam-704303.jpg?v=1618234999,https://cdn.shopify.com/s/files/1/0002/7600/4882/products/chemise-the-navy-stripes-blue-chemise-laagam-388095.jpg?v=1618235937,https://cdn.shopify.com/s/files/1/0002/7600/4882/products/chemise-the-navy-stripes-blue-chemise-laagam-811096.jpg?v=1618235247,https://cdn.shopify.com/s/files/1/0002/7600/4882/products/chemise-the-navy-stripes-blue-chemise-laagam-212173.jpg?v=1618234958]",LAAGAM,26,245.00000000000003,"
 Chemise à col, manches longues et poignets. Fermeture éclair à l'avant. 
  Information taille :  Regular 
  Composition :  100% Coton 
  Entretien :  Lavage en machine à 30°C "
6550625419360,Lingerie Bas,"<20€, Black Limba, blacklimbataille, L, Lingerie Bas, S, XL","[https://cdn.shopify.com/s/files/1/0002/7600/4882/products/undie-hoop-strawberry-lingerie-bas-black-limba-478609.jpg?v=1619714099,https://cdn.shopify.com/s/files/1/0002/7600/4882/products/undie-hoop-strawberry-lingerie-bas-black-limba-748455.jpg?v=1619714319]",BLACK LIMBA,66,91.666666666666671," String en tissu côtelé, avec de la dentelle sur les côtés et une large bande élastique sur la partie supérieure qui fait qu'il s'adapte parfaitement à vous.   Mensurations mannequin :  Le mannequin porte une taille S.   Composition :  90% Polyamide,10% Spandex   Conseils d'entretien :  Laver à 30 ° à l'eau froide. Ne pas utiliser de sèche-linge. Laisser sécher à l'air libre. "
6590163386464,Maillots 1 Pièce,"44, Anja, ANJADROP, anjataille, dropshipping, eligibility, Maillots 1 Pièce","[https://cdn.shopify.com/s/files/1/0002/7600/4882/products/le-voluptueux-vert-canard-maillots-1-piece-anja-460981.jpg?v=1641567561,https://cdn.shopify.com/s/files/1/0002/7600/4882/products/le-voluptueux-vert-canard-maillots-1-piece-anja-635935.jpg?v=1641568064,https://cdn.shopify.com/s/files/1/0002/7600/4882/products/le-voluptueux-vert-canard-maillots-1-piece-anja-328559.jpg?v=1641568715]",ANJA PARIS,1000,55.0," Il enveloppe parfaitement votre poitrine tout en ayant un décolleté sensuel. Son dos légèrement arrondi n’est pas trop échancré pour garantir un vrai maintien. Les bretelles à nouer autour du cou permettent de s’adapter à la taille de poitrine et à l’effet push up désiré ! Idéal à partir du bonnet C. 
   Guide de taille       ICI     
  Mensurations Mannequins :  La mannequin fait 1m70, un bonnet B, et porte un 36. 
  Informations Particulières :  Nous vous conseillons d'opter pour la taille de votre culotte sur ce modèle : un noeud à nouer autour du cou permet d’ajuster la longueur de buste. 
  Composition :  Fabriqué au Portugal. - Certifié OEKO - TEX. - Tissu principal : 91% Polyamide; 9% Elastane. - Doublure : 90% Polyamide; 10% Elastane. - Tissu principal et doublure tissés en Italie 
  Entretien :  Lavage à la main "
6595240165472,Bagues,"Ajustable, Bagues, dropshipping, L'atelier Des Dames","[https://cdn.shopify.com/s/files/1/0002/7600/4882/products/bague-quartz-fraise-zia-dore-rose-bagues-latelier-des-dames-473967.jpg?v=1643897506,https://cdn.shopify.com/s/files/1/0002/7600/4882/products/bague-quartz-fraise-zia-dore-rose-bagues-latelier-des-dames-530905.jpg?v=1643897547,https://cdn.shopify.com/s/files/1/0002/7600/4882/products/bague-quartz-fraise-zia-dore-rose-bagues-latelier-des-dames-407581.jpg?v=1643897569]",L'ATELIERDESDAMES1,31,28.75," Elle se porte aussi bien seule qu'en composition avec d'autres bijoux plus fins et plus courts. Elle s'adapte à un style class comme à un style plus bohème. La bague multipierres peut se porter en complément avec d'autres produits de la gamme ZIA.   Composition :  Laiton doré à l'or fin et pierres fines   Entretien :  Ce bijou L’Atelier des dames est unique et il traversera les années à vos côtés.
 Pour cela évitez tout contact avec le maquillage, les crèmes et les parfums, et pensez à retirer vos bijoux avant de prendre une douche, de vous baigner ou de faire le ménage.
 Lorsque vous ne portez pas vos bijoux, rangez-les séparément dans la pochette en coton que nous vous offrons.
 Chaque bijou est envoyé dans sa pochette cadeau L’atelier des Dames et protégé par une pochette coton.
 Nos chaînes sont garanties 2 ans.
 Tous nos bijoux sont faits main dans notre atelier l’Atelier des Dames à Hossegor en France.
 Les collections L’Atelier des Dames sont disponibles à la vente en ligne, dans nos magasins de Hossegor, Bordeaux et Biarritz, ou encore chez nos revendeurs partenaires.   Taille :  réglable "
4804349198432,Bébé Garçon,"12M, 18M, 3M, 6M, 9M, <20€, Billie Blush & Carrément Beau, Bébé Garçon","[https://cdn.shopify.com/s/files/1/0002/7600/4882/products/tee-shirt-manches-courtes-funny-bebe-couche-garcon-bebe-couche-garcon-billie-blush-carrement-beau-726970.jpg?v=1613977365,https://cdn.shopify.com/s/files/1/0002/7600/4882/products/tee-shirt-manches-courtes-funny-bebe-couche-garcon-bebe-couche-garcon-billie-blush-carrement-beau-931053.jpg?v=1613980773]",BILLIE BLUSH & CARREMENT BEAU,35,8.3333333333333339,  Marque :  Carrément Beau  Tee-shirt en jersey de coton manches courtes encolure ronde fermeture pressionnée dos poche poitrine avec broderie étiquette de marque   Composition :  100% Coton - Garniture : 100% Coton  Lavage Machine à 30°  Blanchiment Interdit  Séchage Tambour interdit  Repassage Doux  Nettoyage à Sec Interdit 
6539785601120,Pantalons,"34, 36, 38, 40, 42, Pantalons, Sandro","[https://cdn.shopify.com/s/files/1/0002/7600/4882/products/pantalon-sya-noir-femme-pantalon-sandro-845228.jpg?v=1616099601,https://cdn.shopify.com/s/files/1/0002/7600/4882/products/pantalon-sya-noir-femme-pantalon-sandro-790253.jpg?v=1616098021,https://cdn.shopify.com/s/files/1/0002/7600/4882/products/pantalon-sya-noir-femme-pantalon-sandro-222416.jpg?v=1616154719,https://cdn.shopify.com/s/files/1/0002/7600/4882/products/pantalon-sya-noir-femme-pantalon-sandro-872501.jpg?v=1616154719,https://cdn.shopify.com/s/files/1/0002/7600/4882/products/pantalon-sya-noir-femme-pantalon-sandro-143692.jpg?v=1616104292]",SANDRO,466,2530.0," Pantalon femme Sandro • Pantalon large à plis • Ceinture fine à la taille • Poches italiennes • Coupe ample et taille haute • Fermeture par un zip caché et agrafe devant • Le mannequin porte une taille 36 / UK 8 / US 2-4   Composition :  Tissu principal: 67% viscose, 33% lin / Doublure ceinture: 100% coton / Doublure poches: 100% coton  Nettoyage professionnel à sec, au PC et aux HC, traitement modéré Ne pas laver Repasser à une température maximale de 110°C sans vapeur Ne pas sécher en sèche-linge à tambour Pas de blanchiment "
6572573589600,Culottes Menstruelles,"Collection : We Are Jolies, Culottes Menstruelles, dropshipping, eligibility, L, M, S, target2sell:2022-05-31 07:45:00, Type : Culottes Menstruelles, We Are Jolies, XL, XS, XXL","[https://cdn.shopify.com/s/files/1/0002/7600/4882/products/bloomer-menstruel-flux-moyen-pirate-black-culottes-menstruelles-we-are-jolies-622950.jpg?v=1631737126,https://cdn.shopify.com/s/files/1/0002/7600/4882/products/bloomer-menstruel-flux-moyen-pirate-black-culottes-menstruelles-we-are-jolies-212442.jpg?v=1631739893,https://cdn.shopify.com/s/files/1/0002/7600/4882/products/bloomer-menstruel-flux-moyen-pirate-black-culottes-menstruelles-we-are-jolies-789537.jpg?v=1631738415,https://cdn.shopify.com/s/files/1/0002/7600/4882/products/bloomer-menstruel-flux-moyen-pirate-black-culottes-menstruelles-we-are-jolies-294248.jpg?v=1631739557]",WE ARE JOLIES,358,2033.730484509028,"  
  
   Le bloomer en coton BIO se décline désormais en version menstruelle !  
 
 
 
 Garantie ZÉRO FUITE : absorbe l'équivalent de  6 tampons 
 
 12 heures de liberté : sautez, dansez et riez l'esprit léger ! 
 Bon pour vous et la planète : 100% OEKO-TEX (composée de fibres naturelles et coton BIO) 
 Tissu 100% absorbant, respirant et inodore 
 
 
   Découvrez toutes nos nouvelles culottes menstruelles :  BIO, éthiques, jolies & surtout super performantes !  
  Si vous hésitez entre deux tailles, prenez la taille en-dessous !  
   WE ARE JOLIES s'engage pour le confort ! 
La règle d'or : RECYCLÉES ET RECYCLABLES À L'INFINI !
 

Taille
habituelle
Taille
We Are Jolies
Tour de taille
en cm
Tour de bassin
en cm
34/36
XS
64-68 cm	90-94 cm
38
S
69-73 cm	95-99 cm
40
M
74-78 cm	100-104 cm
42
L
79-83 cm	
 105-109 cm
44/46
XL
84-88 cm	110-114 cm
48
XXL
89-93 cm	115-119 cm   1re couche imperméable : 

41.5% coton, 41.5% modal, 17% polyester
2e couche imperméable identique : 

41.5% coton, 41.5% modal, 17% polyester
Membrane respirante : 

100% polyester recyclable

CONSEILS D'UTILISATION :
- Pour une absorption maximale, laver votre culotte 1 fois avant la 1re utilisation !
- Rincer à l'eau froide avant la mise en machine
- Éviter : assouplissants, huiles essentielles et savons gras type ""Marseille""
- Sécher à l'air libre "
15201484276091,Bain,"34, 44, Bain, Collection : ETAM, dropshipping, ETAM, ETAM1125, numerodevente, seo-generated-metafields20251119, Type : Bain, Type : Bain","[https://cdn.shopify.com/s/files/1/0002/7600/4882/files/row_1542_img_2_ca7c6299.jpg?v=1758634545,https://cdn.shopify.com/s/files/1/0002/7600/4882/files/row_1542_img_3_d2d2a2dd.jpg?v=1758634754,https://cdn.shopify.com/s/files/1/0002/7600/4882/files/row_1542_img_5_23c799b0.jpg?v=1758288140,https://cdn.shopify.com/s/files/1/0002/7600/4882/files/row_1542_img_4_07ddb910.jpg?v=1758288140,https://cdn.shopify.com/s/files/1/0002/7600/4882/files/row_1542_img_1_65214024.jpg?v=1758288140]",ETAM,45,42.391666666666673,"Doté d'une  dentelle délicate , ce  bikini  révèlera votre silhouette avec élégance au bord de l'eau. Son tissu, alliant confort et élasticité, vous assurera un maintien optimal tout en vous offrant une allure raffinée. Chaque détail de ce modèle est conçu pour vous faire briller lors de vos moments de détente.  Parfait pour les escapades estivales, le bikini peut être associé à un paréo léger ou porté avec des accessoires ensoleillés pour une élégance sans effort. Il vous permettra de profiter pleinement de vos journées au soleil tout en affichant un style sophistiqué.  TheBradery a choisi ce  bikini  ETAM pour son design intemporel et sa qualité exceptionnelle, alliant confort et chic 🌟  Composition : 100 % Polyamide pour la dentelle, 86 % Polyester et 14 % Elasthanne pour le tissu, 100 % Coton pour la doublure fond."
15201471562107,Bas,"34, 36, 38, 40, 42, 44, 46, Bas, Collection : ETAM, dropshipping, ETAM, ETAM1125, numerodevente, seo-generated-metafields20251119, Type : Bas, Type : Bas","[https://cdn.shopify.com/s/files/1/0002/7600/4882/files/row_438_img_3_25c24b20.jpg?v=1758695113,https://cdn.shopify.com/s/files/1/0002/7600/4882/files/row_438_img_2_936e2762.jpg?v=1758694858,https://cdn.shopify.com/s/files/1/0002/7600/4882/files/row_438_img_5_d91885a7.jpg?v=1758288100,https://cdn.shopify.com/s/files/1/0002/7600/4882/files/row_438_img_1_c1d8c310.jpg?v=1758288099,https://cdn.shopify.com/s/files/1/0002/7600/4882/files/row_438_img_4_9e4eb7dc.jpg?v=1758288100]",ETAM,131,447.62672176308553,"Avec son délicat motif en  dentelle , ce  shorty  sublime révèle une silhouette élégante tout en offrant un confort inégalé grâce à sa coupe ajustée. Sa doublure en  coton  assure une douceur plaisante contre la peau, idéal pour chaque journée.  Ce  shorty  se porte aisément sous n'importe quelle tenue, ajoutant une touche de sophistication même dans votre quotidien. Parfait pour celles qui recherchent à la fois confort et style, il s'intégrera sans effort à votre garde-robe.  Une  création  ETAM alliant style et confort, soigneusement choisie par TheBradery 💫   Composition : 86 % polyamide, 14 % élasthanne, doublure fond : 100 % coton."
15201521992059,Nightwear,"Collection : ETAM, dropshipping, ETAM, ETAM1125, L, M, Nightwear, numerodevente, S, seo-generated-metafields20251119, Type : Nightwear, XL, XS, XS","[https://cdn.shopify.com/s/files/1/0002/7600/4882/files/row_4558_img_3_c128690c.jpg?v=1758632711,https://cdn.shopify.com/s/files/1/0002/7600/4882/files/row_4558_img_2_12b1b4af.jpg?v=1758632513,https://cdn.shopify.com/s/files/1/0002/7600/4882/files/row_4558_img_1_235965de.jpg?v=1758632345,https://cdn.shopify.com/s/files/1/0002/7600/4882/files/row_4558_img_4_577d5aa3.jpg?v=1758632860,https://cdn.shopify.com/s/files/1/0002/7600/4882/files/row_4558_img_5_7493cd12.jpg?v=1758288293]",ETAM,48,646.94166666666672," Déshabillé  en  100 % polyester , cette pièce signée ETAM se distingue par ses  détails en dentelle raffinée  qui ajoutent  une touche d'élégance à vos nuits . Son coloris  rouge  apporte une note de sensualité, idéale pour des moments intimes ou des soirées cocooning.  Parfait pour se sentir belle et à l'aise, ce déshabillé se marie aisément avec vos ensembles de lingerie préférés. Sa coupe délicate flattera toutes les silhouettes, offrant ainsi un confort inégalé.  Une  création  ETAM que TheBradery a choisie pour sa  qualité  et son  raffinement  🌟  Composition : 100 % polyester"
6643991085152,Pulls & Sweats,"4A, 6A, 8A, Bonton, Bébé, Collection : Bonton, dispeo, eligibility, Garçon, numerodelavente, Pulls & Sweats, recherche1:Bébé, recherche2:Pulls, Type : Pulls & Sweats, 10A, 12A, 14A","[https://cdn.shopify.com/s/files/1/0002/7600/4882/products/pull-jacquard-col-zippe-navy-bonton-garcon-842345.jpg?v=1674496135,https://cdn.shopify.com/s/files/1/0002/7600/4882/products/pull-jacquard-col-zippe-navy-bonton-garcon-547239.jpg?v=1674496135,https://cdn.shopify.com/s/files/1/0002/7600/4882/products/pull-jacquard-col-zippe-navy-bonton-garcon-460111.jpg?v=1674496135,https://cdn.shopify.com/s/files/1/0002/7600/4882/products/pull-jacquard-col-zippe-navy-bonton-garcon-827929.jpg?v=1674496135,https://cdn.shopify.com/s/files/1/0002/7600/4882/products/pull-jacquard-col-zippe-navy-bonton-garcon-409684.jpg?v=1674496135]",BONTON,600000,166.66942148760333," PULL ML GARCON -  NAVY BONTON 
  Composition :  60%co 30%pa 10%laine "
6659760128096,Pyjamas,"Le Slip Français, LESLIPFRANCAIS1123, LSF_Pyjamas_1123, M, Pyjamas, S, Type : Pyjamas, XL, XS, 11230222, 2XL, 3XL, 4XL, Collection : Le Slip Français, couleur:bleu, dropshipping, Hauts De Pyjama, Homme, INACTIF, L","[https://cdn.shopify.com/s/files/1/0002/7600/4882/products/HPYPYH017BLE001_3.jpg?v=1683724387,https://cdn.shopify.com/s/files/1/0002/7600/4882/products/HPYPYH017BLE001_5.jpg?v=1683724393,https://cdn.shopify.com/s/files/1/0002/7600/4882/products/HPYPYH017BLE001_2.jpg?v=1683724384,https://cdn.shopify.com/s/files/1/0002/7600/4882/products/HPYPYH017BLE001_1.jpg?v=1683724381,https://cdn.shopify.com/s/files/1/0002/7600/4882/products/HPYPYH017BLE001_4.jpg?v=1683724390]",LE SLIP FRANCAIS,800000,170.5," Jeannot est un T-shirt intemporel en coton issu de l'agriculture biologique, à coupe ajustée, manches longues et col rond.à associer aux bas de pyjama, pantalon Toudou ou shorts Douzou et Zouzou.   Composition :  100% Coton.
 
 
 
 Matière tricotée en France.
 
 
 
 
 
 Ce produit est en coton issu de l'agriculture biologique. Cultivé sans OGM, ni pesticides ou produits phytosanitaires toxiques, la culture du coton bio nécessite moins d'eau que celle du coton conventionnel.   Entretien :  Laver à 30° / Ne pas blanchir / Ne pas sécher en tambour / Repassage autorisé, maximum 110° / Pas de nettoyage à sec "
6618456555616,T-shirts & Polos,"0415325, Collection : Maison Labiche, dropshipping, Femme, INACTIF, L, M, Maison Labiche, S, SRPFINALRETOUR0923, Type : T-shirts & Polos, XL, XS","[https://cdn.shopify.com/s/files/1/0002/7600/4882/products/PhotoProduit_eddc90b9-9ed9-47db-b439-dbe6d08dec3b.jpg?v=1658416826,https://cdn.shopify.com/s/files/1/0002/7600/4882/products/PhotoProduit_3c52840b-fba9-41d8-83f5-e1799f1e173d.jpg?v=1658416826,https://cdn.shopify.com/s/files/1/0002/7600/4882/products/PhotoProduit_1053f5b4-b43f-4397-b9e4-903b12cedae4.jpg?v=1658416826,https://cdn.shopify.com/s/files/1/0002/7600/4882/products/PhotoProduit_e101d3c8-5c24-43bc-8370-482e300b0c26.jpg?v=1658416826,https://cdn.shopify.com/s/files/1/0002/7600/4882/products/PhotoProduit_0a432a93-0fb0-488d-8c77-20bb1b702ca3.jpg?v=1658416826]",MAISON LABICHE,2500,101.66666666666669," - Sa broderie fait référence au plus joli des sentiments - Jersey 100% coton biologique - Certifié GOTS : 100% des fibres sont issues de l'agriculture biologique. Certificat délivré par Ecocert Greenlife (207286). MAISON LABICHE - Coupe droite et bas en forme liquette - Finition encolure finie en bord-côte - Manches kimonos - Fabriqué au Portugal  Hiwi mesure 1m78 et porte du S  Lavage délicat en machine, 30°
Laver avec coloris similaires
Ne pas blanchir
Ne pas sécher en tambour
Repasser à la température indiquée "
6618466877536,Bodies & Pyjamas,"0415325, Collection : Maison Labiche, dropshipping, Femme, INACTIF, L, M, Maison Labiche, S, SRPFINALRETOUR0923, Type : Bodies & Pyjamas, XL, XS","[https://cdn.shopify.com/s/files/1/0002/7600/4882/products/PhotoProduit_44d53d34-60fe-45e7-9dc9-6092c9132672.jpg?v=1658412054,https://cdn.shopify.com/s/files/1/0002/7600/4882/products/PhotoProduit_b80fceb1-fed2-4821-8dbf-eba3e3a5d6af.jpg?v=1658412054,https://cdn.shopify.com/s/files/1/0002/7600/4882/products/PhotoProduit_c7fe59ff-58b0-4726-9e4a-a101befce724.jpg?v=1658412054,https://cdn.shopify.com/s/files/1/0002/7600/4882/products/PhotoProduit_bd916413-ab55-421e-946d-41f438515570.jpg?v=1658135664,https://cdn.shopify.com/s/files/1/0002/7600/4882/products/PhotoProduit_7f7dce69-dbfa-449e-9268-56e4fcf418f0.jpg?v=1658135664]",MAISON LABICHE,2500,417.49724517906333," - Sa broderie fait référence aux ondes positives - 98% coton biologique, 2% élasthanne - Certifié GOTS : 100% des fibres sont issues de l'agriculture biologique. Certificat délivré par Ecocert Greenlife (207286). MAISON LABICHE - Coupe ajustée - Finition encolure finie avec un colletage en bord-côte - Dos décolleté danseuse - Buste ajustable grâce aux agrafes au niveau de l'entrejambe - Fabriqué au Portugal  Amélie mesure 1m80 et porte du S  Lavage délicat en machine, 30°
Laver avec coloris similaires
Ne pas blanchir
Ne pas sécher en tambour
Repasser à la température indiquée "
6651102265440,Bracelet,"Bracelet, Collection : Emma & Chloé, dropshipping, eligibility, Emma & Chloé, Or, recherche1:Accessoires, recherche2:Bijoux, Type : Bracelet, VincentTaglog0903, 3230385, Argent","[https://cdn.shopify.com/s/files/1/0002/7600/4882/products/01W001567A.png?v=1678358669,https://cdn.shopify.com/s/files/1/0002/7600/4882/products/01W001566A.png?v=1678358669,https://cdn.shopify.com/s/files/1/0002/7600/4882/products/BOX_FR_0919_B.png?v=1678378900,https://cdn.shopify.com/s/files/1/0002/7600/4882/products/BOX_FR_0919_C.png?v=1678378900]",EMMA & CHLOE,20000,20.833333333333336,"  🚀    Livraison Rapide    Bracelet Box Septembre 2019 
  Composition :  Laiton recyclé - Or ou Argent 
  Information taille :  Taille ajustable    Entretien : Vos bijoux sont précieux et délicats. Chaque pièce est unique et demande un soin particulier pour s’exprimer le plus longtemps possible.
1 - Pour préserver l'éclat de vos bijoux, évitez le contact avec l'eau et les cosmétiques. Nous vous conseillons de les porter une fois votre mise en beauté terminée.
2 - Afin de conserver vos bijoux le plus longtemps possible, rangez-les dans leurs pochons lorsque vous ne les portez pas. Ils seront ainsi protégés de la lumière et de l'humidité.
3 - Pour éviter que vos bijoux ternissent et afin de conserver toute leur brillance, nous vous conseillons de les frotter régulièrement à l'aide d'un tissu doux.
4 - Afin d'éviter que les chaînes de vos colliers forment des nœuds, laissez le fermoir dépasser à l'extérieur du pochon lorsque vous les rangez."" "
6651252179040,Vestes,"dropshipping, Homme, INACTIF, L / 50 (IT-EU), M / 48 (IT-EU), Pini Parma, PiniParma0323, S / 46 (IT-EU), Type : Vestes, Vestes, XL / 52 (IT-EU), XS / 44 (IT-EU), XXL / 54 (IT-EU), 032023560, Collection : Pini Parma","[https://cdn.shopify.com/s/files/1/0002/7600/4882/products/Safariflanneljacket_2.jpg?v=1678724558,https://cdn.shopify.com/s/files/1/0002/7600/4882/products/Safariflanneljacket_5.jpg?v=1678439054,https://cdn.shopify.com/s/files/1/0002/7600/4882/products/Safariflanneljacket_3.jpg?v=1678439054,https://cdn.shopify.com/s/files/1/0002/7600/4882/products/Safariflanneljacket_4.jpg?v=1678706657,https://cdn.shopify.com/s/files/1/0002/7600/4882/products/Safariflanneljacket_1.jpg?v=1678706657]",PINI PARMA,46,0.0,"   🚀   Livraison Rapide   🧡    Première fois sur The Bradery- sélectionnée avec amour par la Team The Bradery ""  Fabriquée en Italie en flanelle douce, cette veste non structurée et non doublée présente des poignets avec fermeture à bouton unique, une poche intérieure plaquée et quatre poches plaquées à rabat sur le devant. Notre saharienne agrémente toutes les tenues d'une touche d'élégance décontractée. 
  Composition : 100% laine italienne de haute qualité, Super 180'S, 400 g/m², 14,5 microns   Couleur : Bordeaux Poches plaquées à rabat avec boutons sur la poitrine - poches plaquées régulières à la taille   Fabriqué en Italie     Couleur : Bordeaux .
  Le mannequin porte :  48 (IT-EU) / 38 (US-UK)  Taille du mannequin : 183 cm / 6'0"""" 
  Le nombre après le mot "" Super "", et avant le "" S "", représente la finesse du tissu de pure laine utilisé ; c'est-à-dire la longueur du fil qui peut être tissé à partir d'un kilogramme de laine. Super 180's : dans 1 kg de laine non tissée se trouvent 180 km de fil. Plus le nombre de "" super "" est élevé, plus le fil de laine est fin, donc on aura un tissu plus doux. Plus une fibre est fine, plus elle gagnera en douceur : l'unité de mesure qui détermine la finesse d'une fibre est le micron (un millième de millimètre) et la valeur moyenne pour la laine mérinos extra-fine est de 19,5 microns. Le fil utilisé pour ce vêtement est fabriqué à partir d'une laine 14,5 microns plus fine que le cachemire.
 
  
 CARE  
  
 
  R   Demander un nettoyage à sec chez un spécialiste uniquement, ne pas blanchir. Ne pas sécher au sèche-linge, repasser à basse température. 
  
  
  
  
 ""  "
14959873294715,Chaises,"Collection : Baïta Home, dropshipping, HORSNORME, recherche1:Maison, recherche2:Assises, Type : Chaises, 45 x 49 x 84, 668747563387, BAITAHOME0325, BAITAHOME032514, Baïta Home, Chaises","[https://cdn.shopify.com/s/files/1/0002/7600/4882/files/MATT2PUNOIR-4.jpg?v=1742474103,https://cdn.shopify.com/s/files/1/0002/7600/4882/files/MATT2PUNOIR-5.jpg?v=1742474106,https://cdn.shopify.com/s/files/1/0002/7600/4882/files/MATT2PUNOIR-1.jpg?v=1742474088,https://cdn.shopify.com/s/files/1/0002/7600/4882/files/MATT2PUNOIR-2.jpg?v=1742474096,https://cdn.shopify.com/s/files/1/0002/7600/4882/files/MATT2PUNOIR-3.jpg?v=1742474099,https://cdn.shopify.com/s/files/1/0002/7600/4882/files/MATT2PUNOIR-6.jpg?v=1742474110]",BAITA HOME,40,0.0,"✨ Découvrez notre élégant lot de 2 tabourets de bar Matt de la collection Baïta Home. Ces tabourets allient design et confort avec leur assise en PU noir et leurs pieds métalliques argentés, parfaits pour toute décoration intérieure.  📏 Dimensions des tabourets : 45 x 49 x 84 - 104 cm."
6867909574752,Robes,,"[https://cdn.shopify.com/s/files/1/0002/7600/4882/files/products_30022412_image4_original.jpg?v=1709223948,https://cdn.shopify.com/s/files/1/0002/7600/4882/files/products_30022412_image2_original.jpg?v=1709223947,https://cdn.shopify.com/s/files/1/0002/7600/4882/files/products_30022412_image3_original.jpg?v=1709223948,https://cdn.shopify.com/s/files/1/0002/7600/4882/files/products_30022412_image1_original.jpg?v=1709223948]",NA-KD,62,24.838154269972453,"Robe fourreau pailletée. Décolleté plongeant. Fines bretelles multi-positions. Dos nu. Doublure intégrée.   Les produits NA-KD taillent grand. Si vous hésitez entre deux tailles, nous vous conseillons de prendre la plus petite.    Les tailles indiquées sont aux normes européennes. Pour connaître les correspondances et choisir votre taille le plus judicieusement, n'hésitez pas à  consulter notre guide des tailles. "
6785713700960,Baskets,"46.5, 47, Asics, ASICS0324, Collection : Asics, dropshipping, pegashoesxelyn, Type : Baskets, 3240033, 40, 40.5, 41.5, 42, 42.5, 43.5, 44, 45, 46","[https://cdn.shopify.com/s/files/1/0002/7600/4882/files/basket-asics-gel-quantum-90-iv_4ef4574f-d6ec-4d88-8356-9866130f7b4b.jpg?v=1705337819,https://cdn.shopify.com/s/files/1/0002/7600/4882/files/basket-asics-gel-quantum-90-iv_25e34832-430e-40ef-9c3c-bbf4bf45d872.jpg?v=1705337843,https://cdn.shopify.com/s/files/1/0002/7600/4882/files/basket-asics-gel-quantum-90-iv_e45b819e-5f94-4025-8bdb-3f86a5fa0593.jpg?v=1705337821,https://cdn.shopify.com/s/files/1/0002/7600/4882/files/basket-asics-gel-quantum-90-iv_cdcac946-fadc-4787-9be2-38d6725943c7.jpg?v=1705736876]",ASICS,37,0.0, Basket Asics GEL QUANTUM 90 IV - Réf. 1201A764-005. Couleur : Noir Jaune.   Détails.  - Tige en mesh synthétique. - Fermeture à lacets. - Technologie Scutoid GEL . - Semelle en caoutchouc. - Logo Asics sur la languette. 
6857299951712,Bagues,"Bagues, By Rafaella, BYRAFAELLA0624, Collection : By Rafaella, dropshipping, recherche1:Accessoires, recherche2:Bagues, Type : Bagues, 50 mm, 52 mm, 54 mm, 56 mm, 58 mm, 6241197","[https://cdn.shopify.com/s/files/1/0002/7600/4882/files/BSX150720G_9f949f21-00c9-4922-8beb-2dbebc3c001f.jpg?v=1708343406,https://cdn.shopify.com/s/files/1/0002/7600/4882/files/BSX150720G.jpg?v=1708343402]",BY RAFAELLA,52,16.583333333333332,"  Composition :  Argent 925  Poids de l'argent :  1.8 
  Entretien :  Polir délicatement avec un chiffon doux "
6891394433120,Colliers,"recherche2:Bijoux, TU, Type : Colliers, Van Palma, VANPALMA0324, 3240292, Collection : Van Palma, Colliers, dropshipping, recherche1:Accessoires","[https://cdn.shopify.com/s/files/1/0002/7600/4882/files/COLLIER_Clyde2.jpg?v=1710518660,https://cdn.shopify.com/s/files/1/0002/7600/4882/files/COLLIER_Clyde1.jpg?v=1710518660]",VAN PALMA,29,66.583333333333343," COLLIER - Chaîne plaqué or
fabriqué en France
longeur - 50cm "
14956429214075,Pulls,"Pulls, recherche1:Prêt-À-Porter, recherche2:Pulls, S/M, Type : Pulls, 223251261, Collection : Emilie Karston, dropshipping, Emilie Karston, EMILIEKARSTON0325, M/L","[https://cdn.shopify.com/s/files/1/0002/7600/4882/files/BENNOIR1.jpg?v=1742210280,https://cdn.shopify.com/s/files/1/0002/7600/4882/files/BENNOIR2.jpg?v=1742210280,https://cdn.shopify.com/s/files/1/0002/7600/4882/files/BENNOIR3.jpg?v=1742210280]",EMILIE KARSTON,200000,58.166666666666664,"✨ Le Pull Ben - Noir d'Emilie Karston, avec sa couleur unie et son élégante coupe à col V, est l'atout charme par excellence. Les détails perles valorisent l'encolure et le bout des manches, offrant une finition méticuleuse et distinctive.  🧵 Composition : Confectionné dans un mélange raffiné de 45% viscose, 25% polyester et 30% polyamide, ce pull combine confort et durabilité. Pièce fabriquée avec soin en Chine, il promet d'être un pilier dans votre garde-robe.  🧺 Entretien : Le Pull Ben s'entretient facilement, requérant un lavage en machine à 20°. Consultez l'étiquette pour assurer une longévité maximale à ce vêtement élégant."
7110731792480,Baskets,"Baskets, Collection : Limited Resell, dropshipping, Limited Resell, LIMITEDRESELL1224, Type : Baskets","[https://cdn.shopify.com/s/files/1/0002/7600/4882/files/air-jordan-1-retro-low-og-sp-travis-scott-canary_78df2661-6406-429c-8a24-d98c5c85d277.jpg?v=1718081833,https://cdn.shopify.com/s/files/1/0002/7600/4882/files/air-jordan-1-retro-low-og-sp-travis-scott-canary_ac14c479-f118-40d2-a332-3306088bddcd.jpg?v=1718081836,https://cdn.shopify.com/s/files/1/0002/7600/4882/files/air-jordan-1-retro-low-og-sp-travis-scott-canary_b841ae15-a3c6-4256-a676-40d600520bb6.jpg?v=1718081830,https://cdn.shopify.com/s/files/1/0002/7600/4882/files/air-jordan-1-retro-low-og-sp-travis-scott-canary.jpg?v=1718081826]",LIMITED RESELL,2079,2209.5666666666671," Focus sur la Air Jordan 1 Low OG SP Travis Scott Canary
 La Air Jordan 1 Retro Low OG SP Travis Scott Canary est une paire de sneakers qui allie l'élégance classique de la Jordan avec le style distinctif de Travis Scott. Arborant une palette de couleurs audacieuses avec des nuances de jaune canari et des accents de bleu vif, cette Air Jordan 1 Low Travis Scott Canary ne manquera pas de faire tourner les têtes. Le cuir premium et le nubuck assurent une durabilité et un confort inégalés, tandis que la silhouette basse offre un look décontracté et polyvalent.
 Ce modèle unique se distingue également par des détails subtils comme le logo inversé de Nike, signature de Travis Scott, et des perforations sur la toebox pour une meilleure respirabilité. La semelle intermédiaire en mousse de la Jordan 1 Low Travis Scott jaune offre un amorti léger, parfait pour un usage quotidien. La semelle extérieure en caoutchouc garantit une excellente traction. Que vous soyez un collectionneur de Jordan 1 Low ou un amateur de mode, la Air Jordan 1 Retro Low Travis Scott Canary est un incontournable qui combine l'innovation de Nike et l'originalité de Travis Scott.
 Date de sortie : Mai 2024
 SKU : DZ4137-700
 Coloris : CANARY/RACER BLUE/LIGHT SILVER/GUM MEDIUM BROWN   Conseil taille :  Prendre sa taille habituelle "
15310474248571,Boîtes À Bijoux,"Rose, Rouge, seo-generated-metafields20251212, Type : Boîtes À Bijoux, Vert, Vert, 241517569244, Beige, Blanc, Bleu marine, Boîtes À Bijoux, Camel, Collection : Maison Scarlett, dropshipping, Maison Scarlett, MAISONSCARLETT1225, Noir","[https://cdn.shopify.com/s/files/1/0002/7600/4882/files/boite-a-bijoux-de-voyage-cuir-corinne-07-973403_f8fe4c80-5861-440c-9d50-af6ff8c5cf5b.jpg?v=1765362089,https://cdn.shopify.com/s/files/1/0002/7600/4882/files/boite-a-bijoux-de-voyage-cuir-corinne-09-554061_f27690a7-c5fd-468b-a259-af749d0f6fd8.jpg?v=1765362089,https://cdn.shopify.com/s/files/1/0002/7600/4882/files/boite-a-bijoux-de-voyage-cuir-corinne-18-623181.jpg?v=1765362089,https://cdn.shopify.com/s/files/1/0002/7600/4882/files/boite-a-bijoux-de-voyage-cuir-corinne-14-930531_826c6d2f-7acf-4f37-9a5d-5fde6fcd4e7a.jpg?v=1765362089,https://cdn.shopify.com/s/files/1/0002/7600/4882/files/boite-a-bijoux-de-voyage-cuir-corinne-20-754509.jpg?v=1765362089,https://cdn.shopify.com/s/files/1/0002/7600/4882/files/boite-a-bijoux-de-voyage-cuir-corinne-10-537212_65772717-1c4a-4a99-a33b-2492baf60769.jpg?v=1765362089,https://cdn.shopify.com/s/files/1/0002/7600/4882/files/packaging-boite-a-bijoux-corinne-560874_5792d361-36e5-4cba-a211-16efde563305.jpg?v=1765362089,https://cdn.shopify.com/s/files/1/0002/7600/4882/files/boite-a-bijoux-de-voyage-cuir-corinne-12-424126.jpg?v=1765362089,https://cdn.shopify.com/s/files/1/0002/7600/4882/files/boite-a-bijoux-de-voyage-cuir-corinne-17-128304.jpg?v=1765362090,https://cdn.shopify.com/s/files/1/0002/7600/4882/files/boite-a-bijoux-de-voyage-cuir-corinne-06-583612.jpg?v=1765362089,https://cdn.shopify.com/s/files/1/0002/7600/4882/files/boite-a-bijoux-de-voyage-cuir-corinne-08-840907_9c950737-bbdc-4327-b824-c39709d1f997.jpg?v=1765362089,https://cdn.shopify.com/s/files/1/0002/7600/4882/files/boite-a-bijoux-de-voyage-cuir-corinne-13-370058_620cc7da-940e-4a71-8a41-6bc60801a850.jpg?v=1765362089,https://cdn.shopify.com/s/files/1/0002/7600/4882/files/boite-a-bijoux-de-voyage-cuir-corinne-15-329770_6cf49f59-4027-4ff5-bf2c-6e9756e1df98.jpg?v=1765362089,https://cdn.shopify.com/s/files/1/0002/7600/4882/files/boite-a-bijoux-de-voyage-cuir-corinne-03-563178_66e34855-1b02-430a-9092-7422c536c761.jpg?v=1765362089,https://cdn.shopify.com/s/files/1/0002/7600/4882/files/boite-a-bijoux-de-voyage-cuir-corinne-19-706148.jpg?v=1765362089,https://cdn.shopify.com/s/files/1/0002/7600/4882/files/boite-a-bijoux-de-voyage-cuir-corinne-01-583649.jpg?v=1765362090,https://cdn.shopify.com/s/files/1/0002/7600/4882/files/boite-a-bijoux-de-voyage-cuir-corinne-05-350066.jpg?v=1765362089,https://cdn.shopify.com/s/files/1/0002/7600/4882/files/boite-a-bijoux-de-voyage-cuir-corinne-04-465235_bc81c36e-9272-453f-8bb4-6a67a0415108.jpg?v=1765362089,https://cdn.shopify.com/s/files/1/0002/7600/4882/files/boite-a-bijoux-de-voyage-cuir-corinne-16-886849_2f4574a9-7f99-4812-ac86-74d6e3198984.jpg?v=1765362089,https://cdn.shopify.com/s/files/1/0002/7600/4882/files/boite-a-bijoux-de-voyage-cuir-corinne-11-828035.jpg?v=1765362089]",MAISON SCARLETT,1098,674.77500000000009,"Cette  boîte à bijoux  en  cuir PU  fait preuve d'une élégance discrète et pratique. Avec son intérieur en velours ultra-doux et son format carré compact, elle est idéale pour emporter vos précieux bijoux partout avec vous. Ses parois amovibles vous permettent d'adapter l'espace de rangement selon vos besoins, tout en accueillant des pièces plus volumineuses comme une montre.  Pratique pour un weekend ou un voyage, elle peut contenir jusqu'à 6 bagues, 3 colliers, 2 bracelets souples et 4 paires de boucles d’oreilles, offrant ainsi un écrin de douceur pour vos accessoires.   Une  création  de Maison Scarlett que TheBradery met en avant pour son savoir-faire et son élégance intemporelle ✨  Composition : Cuir PU, intérieur en velours."
14839790207355,Bateaux,"GHBASS0925, Type : Bateaux, 40, 41, 42, 43, 44, 45, Bateaux, Colection : G.H. Bass, dropshipping, G.H. Bass","[https://cdn.shopify.com/s/files/1/0002/7600/4882/files/GHBASS_161724-CONGO_Bottom_0691.jpg?v=1745917716,https://cdn.shopify.com/s/files/1/0002/7600/4882/files/GHBASS_161724-CONGO_Angle_0674.jpg?v=1745917711,https://cdn.shopify.com/s/files/1/0002/7600/4882/files/GHBASS_161724-CONGO_SIDE_0624.jpg?v=1745917713,https://cdn.shopify.com/s/files/1/0002/7600/4882/files/GHBASS_161724-CONGO_OH_0687.jpg?v=1745917715]",G.H. BASS,53,374.66184573002755,"✨ Le Newport Suede Penny Loafer de G.H. Bass est le summum de l'élégance décontractée. Ce mocassin en suede de couleur Dark Brown se distingue par son empiècement ton sur ton et sa semelle extérieure en EVA, combinant style et confort pour les amateurs de chaussures bateau.  Prendre 1/2 pointure au-dessus. Les modèles seront rigides aux premiers ports avant de s'assouplir et s'adapter naturellement. Elles sont également livrées avec un chausse-pied et il est conseillé d'utiliser des embauchoirs afin d'en conserver la forme. "
15255442719099,Luminaires,"Luminaires, Sema Design, SEMADESIGN1025, TU, Type : Luminaires, Type : Luminaires, 186069756131, Collection : Sema Design, dropshipping","[https://cdn.shopify.com/s/files/1/0002/7600/4882/files/Captured_ecran2025-10-08a17.55.28.png?v=1759938943,https://cdn.shopify.com/s/files/1/0002/7600/4882/files/77882-3.jpg?v=1759938943,https://cdn.shopify.com/s/files/1/0002/7600/4882/files/77882-2.jpg?v=1759938943,https://cdn.shopify.com/s/files/1/0002/7600/4882/files/77882-4.jpg?v=1759938943,https://cdn.shopify.com/s/files/1/0002/7600/4882/files/77882.jpg?v=1759938943]",SEMA DESIGN,41,109.96666666666668,"  Lampe Greeka  aux tons  écru  et  naturel , abat-jour en  corde de papier  posé sur structure  fer , silhouette ronde  D24 x H38 cm  et câble apparent 1,45 m.    Ce luminaire incarne le style unique de  Sema Design  au sein de la sélection Luminaires de The Bradery. ✨     Composition :  Dolomite, corde de papier, fer ; coloris : écru, naturel.   Douille :  E27 - 40W - câble 1,45 m.   Dimensions :  Largeur : 24 cm ; Hauteur : 38 cm ; Profondeur : 24 cm.   Poids :  0,92 kg. "
14928230187387,Hauts De Lingerie,"90B, 90C, 90D, 90E, 90F, 95B, 95C, 95D, 95E, 95F, Collection : Livy, dropshipping, Hauts De Lingerie, Livy, LIVY0925, LIVYPHYSIQUE1125, no-search, NONRETOURNABLE, seo-generated-metafields20251111, Type : Hauts De Lingerie, 165496568011, 85B, 85C, 85D, 85E","[https://cdn.shopify.com/s/files/1/0002/7600/4882/files/BASTILLE_BLACK_652864805_3.jpg?v=1739983435,https://cdn.shopify.com/s/files/1/0002/7600/4882/files/BASTILLE_BLACK_652864805_2.jpg?v=1739983435,https://cdn.shopify.com/s/files/1/0002/7600/4882/files/BASTILLE_BLACK_652864805_1.webp?v=1739983435]",LIVY,77,10316.772979054551,"✨ Découvrez le Soutien-Gorge Balconnet Bastille - Black de la collection Livy, alliant élégance et confort pour sublimer votre silhouette. Sa dentelle fine et sa coupe raffinée en font une pièce essentielle pour votre garde-robe de prêt-à-porter luxueux.   Ne passez pas à côté de ce Haut De Lingerie, et laissez-vous convaincre par son esthétique et son élégance.   🧵 Composition : Dentelle fine en 76% Nylon et 24% Elasthanne, matière principale en 92% Polyester et 8% Elasthanne."
6904584208480,Robes Et Combinaisons,"Robes Et Combinaisons, Type : Robes Et Combinaisons, BA&SH, BASH0725, Collection : BA&SH, dropshipping, JEVASOWH","[https://cdn.shopify.com/s/files/1/0002/7600/4882/files/1E23NAST_VERT_3.jpg?v=1715885935,https://cdn.shopify.com/s/files/1/0002/7600/4882/files/1E23NAST_VERT_N3.jpg?v=1715885976,https://cdn.shopify.com/s/files/1/0002/7600/4882/files/1E23NAST_VERT_N1.jpg?v=1715885968,https://cdn.shopify.com/s/files/1/0002/7600/4882/files/1E23NAST_VERT_2.jpg?v=1715885931,https://cdn.shopify.com/s/files/1/0002/7600/4882/files/1E23NAST_VERT_4.jpg?v=1715885939,https://cdn.shopify.com/s/files/1/0002/7600/4882/files/1E23NAST_VERT_1.jpg?v=1715885926,https://cdn.shopify.com/s/files/1/0002/7600/4882/files/1E23NAST_VERT_N2.jpg?v=1715885972]",BA&SH,1300,10729.912534435261,"✨ La robe NASTASIA de BA&SH est votre complice pour une allure bohème et aventurière. Maxi, avec son tissu imprimé plissé, elle promet une bonne humeur contagieuse tout en offrant une liberté de mouvement exceptionnelle. La poitrine drapée apporte juste ce qu'il faut de volume, tandis que les liens à nouer autour du cou et le dos nu ajoutent une touche irrésistiblement glamour. Parfait avec des sandales pour un look estival complet.  🧵  🧺"
15213148176763,Hygiène,"309216916687, Collection : Pimpant, dropshipping, Hygiène, Pimpant, PIMPANT1125, TU, Type : Hygiène, Type : Hygiène","[https://cdn.shopify.com/s/files/1/0002/7600/4882/files/deodorant-stick-fleur-coton.jpg?v=1756135339,https://cdn.shopify.com/s/files/1/0002/7600/4882/files/deodorant-fleur-coton-stick.gif?v=1755765590,https://cdn.shopify.com/s/files/1/0002/7600/4882/files/Deodorant-Fleur-de-Coton.png?v=1756135339,https://cdn.shopify.com/s/files/1/0002/7600/4882/files/Deodorant-Fleur-de-Coton-2.png?v=1756135339]",PIMPANT,4344,314.54793388429749,"La vie, c’est parfois sportif ! 🥵 Quand on perd ses clés alors qu'on est déjà à la bourre, l’arrivée à l’école en ayant oublié le cartable ou encore les petites situations où l'on fait tomber son téléphone et que l'on prie pour que l'écran soit intact. Tout ça, ça fait suer, littéralement ! 😅      👉 Pour garder vos aisselles au sec et rester frais même quand ça fait suer, on a ce qu’il vous faut : notre déodorant naturel Fleur de Coton ! Avec lui, que des avantages :       💪 Une efficacité à toute épreuve pendant 24 heures !    🌞 Une formule qui neutralise les odeurs et absorbe l’humidité, même quand il fait bien chaud.     🤩 Une texture toute douce et fondante qui s’applique hyper bien, sèche rapidement et ne laisse pas de traces blanches. 🙂    ❌ Pas d’emballage plastique ou d'aluminium !    💚 Une formule saine, certifiée bio et garantie sans ingrédients controversés (sans sels d’aluminium, sans parfum synthétique, sans triclosan, sans gaz propulseurs, etc.).    🥐 Un parfum 100% d’origine naturelle et fabriqué en France !    🌸 Une odeur délicate de Fleur de Coton : un vrai nuage de douceur.    🙂 Une texture fondante qui s’applique hyper bien.    💪 Une efficacité à toute épreuve pendant 24 heures !    😏 Une fabrication française. Enfin, non : Normande !    🥰 Un déodorant adapté aux peaux sensibles et aux enfants dès 10 ans."
6668367790176,Robes Et Combinaisons,"dropshipping, Kimonos, numerodevente, seo-generated-metafields20251210, TU, Type : Kimonos, Type : Kimonos, Berenice, BERENICE1225, Collection : Berenice","[https://cdn.shopify.com/s/files/1/0002/7600/4882/files/products_26444029_image3_original.jpg?v=1688808031,https://cdn.shopify.com/s/files/1/0002/7600/4882/files/products_26444029_image2_original.jpg?v=1688808031,https://cdn.shopify.com/s/files/1/0002/7600/4882/files/products_26444029_image4_original.jpg?v=1688808031,https://cdn.shopify.com/s/files/1/0002/7600/4882/files/products_26444029_image1_original.jpg?v=1688808031,https://cdn.shopify.com/s/files/1/0002/7600/4882/files/products_26444029_image5_original.jpg?v=1688808031]",BERENICE,36,808.49999999999989," Kimono  sans manches, cette pièce raffinée se distingue par ses empiècements brodés à l'encolure, ainsi qu'à l'avant, au dos et à la base. Les fronces au dos ajoutent une touche de sophistication, tandis que les franges à la base élèvent son allure.  Idéal à porter lors d'occasions spéciales ou pour apporter une note chic à une tenue décontractée, ce kimono se marie parfaitement avec un pantalon slim ou une robe fluide pour un look élégant.  Berenice vous propose cette  création , soigneusement sélectionnée par TheBradery pour son style unique et ses détails luxueux ✨  Composition : 100% polyester, broderies et franges."
15076339024251,Peinture Par Numéros,"70x90cm, 80x100cm, 90x120cm, Collection : Figure d'Art, dropshipping, Figure d'Art, FIGUREDART1225, numerodevente, Peinture Par Numéros, seo-generated-metafields20251203, Type : Peinture Par Numéros, Type : Peinture Par Numéros, 40x50cm, 50x65cm, 60x75cm","[https://cdn.shopify.com/s/files/1/0002/7600/4882/files/FA10536-00-logo.jpg?v=1747849110,https://cdn.shopify.com/s/files/1/0002/7600/4882/files/FA10536-01.jpg?v=1747849610,https://cdn.shopify.com/s/files/1/0002/7600/4882/files/FA10536-02-logo.jpg?v=1747849110,https://cdn.shopify.com/s/files/1/0002/7600/4882/files/Product-page-recap-chassis_New-brush_1000x1000_FR_5fd776a6-6555-4da6-a42c-b7b93120fc99.jpg?v=1747849110,https://cdn.shopify.com/s/files/1/0002/7600/4882/files/FA10536-04.jpg?v=1764768023,https://cdn.shopify.com/s/files/1/0002/7600/4882/files/IMG_1434_7ce77156-2758-4cd1-9caf-4aca8259c4eb.jpg?v=1747849110,https://cdn.shopify.com/s/files/1/0002/7600/4882/files/S1_206_b261a094-ec8c-40aa-9f6a-bd1d4d39b9fa.jpg?v=1747849110,https://cdn.shopify.com/s/files/1/0002/7600/4882/files/IMG_1438_fc83f45f-1b2d-4487-a451-0c180a5f92d0.jpg?v=1747849110,https://cdn.shopify.com/s/files/1/0002/7600/4882/files/S1_159_e1d13441-1c50-48df-8b13-0511cc2e6c65.jpg?v=1747849110,https://cdn.shopify.com/s/files/1/0002/7600/4882/files/S1_158-01_c8cc98d7-1057-4368-9c6c-a230c0a503b3.jpg?v=1747849110,https://cdn.shopify.com/s/files/1/0002/7600/4882/files/S1_201_540ea63f-c930-4514-9eb7-2606e98ed5df.jpg?v=1747849110,https://cdn.shopify.com/s/files/1/0002/7600/4882/files/IMG_1536_8de03dd0-4a78-4ed3-98f2-ff124422f886.jpg?v=1747849110,https://cdn.shopify.com/s/files/1/0002/7600/4882/files/IMG_1480_83a2d0bb-5748-48ad-b0ea-bf5b53ad9cd9.jpg?v=1747849110,https://cdn.shopify.com/s/files/1/0002/7600/4882/files/pbn-all-05_b3b6cd2f-47de-429b-8aea-52d051ad4c01.jpg?v=1747849110,https://cdn.shopify.com/s/files/1/0002/7600/4882/files/pbn-roll-07_6b0d3a80-3fd0-4945-8b31-22c8b637bd77.jpg?v=1764768022,https://cdn.shopify.com/s/files/1/0002/7600/4882/files/FA10536-Y-01.jpg?v=1764768023,https://cdn.shopify.com/s/files/1/0002/7600/4882/files/FA10536-05.jpg?v=1764768023,https://cdn.shopify.com/s/files/1/0002/7600/4882/files/pbn-frame-07_18031bfb-c507-4e4f-94db-7592090b3655.jpg?v=1764768022,https://cdn.shopify.com/s/files/1/0002/7600/4882/files/pbn-all-06_c5955087-d6ae-49e1-b696-726ab0eb3eb9.jpg?v=1764768022,https://cdn.shopify.com/s/files/1/0002/7600/4882/files/FA10536-Y-05.jpg?v=1764768024,https://cdn.shopify.com/s/files/1/0002/7600/4882/files/FA10536-Y-02.jpg?v=1764768023,https://cdn.shopify.com/s/files/1/0002/7600/4882/files/FA10536-02.jpg?v=1764768023,https://cdn.shopify.com/s/files/1/0002/7600/4882/files/all-pbn-03_1222299f-87b1-4927-a0c4-06c0dc4378fb.jpg?v=1764768024]",FIGURE D'ART,279,1046.7153581267219," Modèle :   Ruelle méditerranéenne colorée    Méthode de réalisation :   Peinture par numéros   Niveau de difficulté :   Intermédiaire   Tailles :  40x50cm   / 50x65cm   / 60x75cm   / 70x90cm   / 80x100cm   / 90x120cm   Support : Toile en lin num é rotée  Type de peinture : Acrylique   Packaging : Colis emballé  
 Ce kit de peinture par numéros contient tout le nécessaire pour réaliser votre œuvre : 
   1 toile en lin numérotée 
   3 pinceaux de tailles différentes en nylon 
   des pots de peintures acrylique numérotés 
   une photo miniature de l'œuvre pour vous guider 
   2 vis + 2 crochets pour la fixation murale 
 Vous pouvez aussi  commander des pots de peinture supplémentaires  pour encore plus de confort.  
 D é couvrez notre blog  Comment peindre par numéros  et apprenez à peindre comme un artiste ! 
 Exclusive rights © Arisa Thavee. www.theworldwideartists.com "
7228338536544,Long Sleeved Top,"FRAME, Long Sleeved Top, YOOX1024",[https://cdn.shopify.com/s/files/1/0002/7600/4882/files/49755158TH_2.jpg?v=1729250973],FRAME,20000,0.0,
6593656684640,Autres,"10A, 12A, 4A, 6A, 8A, Autres, Bonnet A Pompon, dropshipping, eligibility","[https://cdn.shopify.com/s/files/1/0002/7600/4882/products/ginger-kids-shorts-ginger-autres-bonnet-a-pompon-302452.jpg?v=1643326417,https://cdn.shopify.com/s/files/1/0002/7600/4882/products/ginger-kids-shorts-ginger-autres-bonnet-a-pompon-714012.jpg?v=1643324544,https://cdn.shopify.com/s/files/1/0002/7600/4882/products/ginger-kids-shorts-ginger-autres-bonnet-a-pompon-869500.jpg?v=1643328896]",BONNET A POMPON,51,0.0,
6861744111712,Chaussures,"44, 44.5, 45, 46, Bottines, Clarks, CLARKS0224, Collection : Clarks, dropshipping, recherche1:Chaussures, recherche2:Bottes, Type : Chaussures, 2241235, 41, 41.5, 42, 42.5, 43","[https://cdn.shopify.com/s/files/1/0002/7600/4882/files/26165782_4.jpg?v=1708687569,https://cdn.shopify.com/s/files/1/0002/7600/4882/files/26165782_8.jpg?v=1708687583,https://cdn.shopify.com/s/files/1/0002/7600/4882/files/26165782_7.jpg?v=1708687579,https://cdn.shopify.com/s/files/1/0002/7600/4882/files/26165782_3.jpg?v=1708687565,https://cdn.shopify.com/s/files/1/0002/7600/4882/files/26165782_1.jpg?v=1708687558,https://cdn.shopify.com/s/files/1/0002/7600/4882/files/26165782_6.jpg?v=1708687576,https://cdn.shopify.com/s/files/1/0002/7600/4882/files/26165782_5.jpg?v=1708687573,https://cdn.shopify.com/s/files/1/0002/7600/4882/files/26165782_2.jpg?v=1708687561]",CLARKS,28,366.25000000000006,  Composition :  Suede 
6662420889696,Bas,"Bonton, SHORT/BERMUDA/CORSAIRE",[],BONTON,200000,0.0," short bleu 100% coton sur ce produit,  "
6593674870880,Autres,"12M, 2A, 6M, Autres, Bonnet A Pompon, dropshipping, eligibility",[],BONNET A POMPON,86,0.0,
6593674444896,Autres,"12M, 6M, 9M, Autres, Bonnet A Pompon, dropshipping, eligibility",[],BONNET A POMPON,46,0.0,
6593641709664,Bébé,"Bonnet A Pompon, Bébé, dropshipping, eligibility, M, S",[],BONNET A POMPON,39,0.0,
6896930717792,Portefeuilles,>100€,[],GANNI,29,0.0, 88% Cuir Recyclé 12% Polyuréthane 
6861742669920,Chaussures,"44, 44.5, 45, Bottines, Clarks, CLARKS0224, Collection : Clarks, dropshipping, recherche1:Chaussures, recherche2:Bottes, Type : Chaussures, 2241235, 39.5, 40, 41, 42, 42.5","[https://cdn.shopify.com/s/files/1/0002/7600/4882/files/26148581_6.jpg?v=1708686443,https://cdn.shopify.com/s/files/1/0002/7600/4882/files/26148581_5.jpg?v=1708686440,https://cdn.shopify.com/s/files/1/0002/7600/4882/files/26148581_4.jpg?v=1708686436,https://cdn.shopify.com/s/files/1/0002/7600/4882/files/26148581_2.jpg?v=1708686429,https://cdn.shopify.com/s/files/1/0002/7600/4882/files/26148581_7.jpg?v=1708686447,https://cdn.shopify.com/s/files/1/0002/7600/4882/files/26148581_1.jpg?v=1708686425,https://cdn.shopify.com/s/files/1/0002/7600/4882/files/26148581_3.jpg?v=1708686432]",CLARKS,-2,116.50000000000001,  Composition :  Nubuck 
15289609683323,Strings,"Strings, Type : Strings, XL, XXL, XXL, >100€, Collection : Just For Victoria, dropshipping, Just For Victoria, JUSTFORVICTORIA1125, L, M, S, seo-generated-metafields20251126",[],JUST FOR VICTORIA,198,0.0, tanga tout dentelle avec fond doublé 
7134251974752,Sac à Dos,"<20€, KIPLING0724",[],KIPLING,105,0.0, Sac moyen avec cordon de serrage 
14834853216635,Chemises Et Tops,"couleur:MARAIS VINTAGE, dropshipping, JEVASOWH, MARAIS VINTAGE, no-search, recherche1:Prêt-À-Porter, recherche2:T-Shirts, T-Shirts, Type : T-Shirts, T-Shirts, Type : T-Shirts, 11A, 13A, 1611240283, 3A, 5A, 7A, 9A, American Vintage, AMERICANVINTAGE1124, Collection : American Vintage","[https://cdn.shopify.com/s/files/1/0002/7600/4882/files/KMAS02BH23-MARAVIN-MODEL-3.jpg?v=1762357972,https://cdn.shopify.com/s/files/1/0002/7600/4882/files/KMAS02BH23-MARAVIN-MODEL-2.jpg?v=1762357971,https://cdn.shopify.com/s/files/1/0002/7600/4882/files/KMAS02BH23-MARAVIN-MODEL-1.jpg?v=1762357970,https://cdn.shopify.com/s/files/1/0002/7600/4882/files/KMAS02BH23-MARAVIN-MODEL-4.jpg?v=1762357972,https://cdn.shopify.com/s/files/1/0002/7600/4882/files/KMAS02BH23-MARAVIN-1.jpg?v=1762357975,https://cdn.shopify.com/s/files/1/0002/7600/4882/files/KMAS02BH23-MARAVIN-2.jpg?v=1762357978]",AMERICAN VINTAGE,99,99.333333333333357, Tee-shirt ajusté manches longues col rond 
6929639833696,Maison,"recherche1:Maison, recherche2:Linge De Lit, TU, Type : Maison, Vezavena, VEZAVENA0424, 4240182, Collection : Vezavena, dropshipping, Maison",[https://cdn.shopify.com/s/files/1/0002/7600/4882/files/VZHOME_PH-19.176_MULTICOLOUR.jpg?v=1712234691],VEZAVENA,26,16.583333333333332,   
15074722709883,Petite Maroquinerie,"couleur:ROSE, dropshipping, Maradji, MARADJI0525, Petite Maroquinerie, TU, Type : Petite Maroquinerie, 175250269, Collection : Maradji","[https://cdn.shopify.com/s/files/1/0002/7600/4882/files/PO23LAVERO_20_1.jpg?v=1747316893,https://cdn.shopify.com/s/files/1/0002/7600/4882/files/PO23LAVERO-2_20_1.jpg?v=1747316897]",MARADJI,18,32.25, Petite pochette en velours côtelé. 
15166628659579,Linge De Lit,"140x200, 160x200, 180x200, 90x200, >100€, Bianco Perla, BIANCOPERLA0725, dropshipping, Linge De Lit, Type : Linge De Lit","[https://cdn.shopify.com/s/files/1/0002/7600/4882/files/BTP2300216SO16070_2.jpg?v=1751993380,https://cdn.shopify.com/s/files/1/0002/7600/4882/files/BTP2300216SO14070.jpg?v=1751993271,https://cdn.shopify.com/s/files/1/0002/7600/4882/files/BTP2300216SO16070.jpg?v=1751993368,https://cdn.shopify.com/s/files/1/0002/7600/4882/files/BTP2300216SO14070_2.jpg?v=1751993283,https://cdn.shopify.com/s/files/1/0002/7600/4882/files/BTP2300216SO18070.jpg?v=1751993455,https://cdn.shopify.com/s/files/1/0002/7600/4882/files/BTP2300216SO18070_2.jpg?v=1751993462,https://cdn.shopify.com/s/files/1/0002/7600/4882/files/BTP2300216SO09070_2.jpg?v=1751993178,https://cdn.shopify.com/s/files/1/0002/7600/4882/files/BTP2300216SO09070.jpg?v=1751993171]",BIANCO PERLA,80,0.0, Drap housse en pur coton imprimé. 
6593652424800,Autres,"12M, 6M, 9M, Autres, Bonnet A Pompon, dropshipping, eligibility","[https://cdn.shopify.com/s/files/1/0002/7600/4882/products/happy-denim-baby-shirt-blue-autres-bonnet-a-pompon-570498.jpg?v=1643325216,https://cdn.shopify.com/s/files/1/0002/7600/4882/products/happy-denim-baby-shirt-blue-autres-bonnet-a-pompon-344849.jpg?v=1643324386,https://cdn.shopify.com/s/files/1/0002/7600/4882/products/happy-denim-baby-shirt-blue-autres-bonnet-a-pompon-447484.jpg?v=1643329188]",BONNET A POMPON,55,0.0,
6924579111008,Sneakers,"43, 44, 45, 46, Collection : Scotch & Soda Shoes, dropshipping, recherche1:Chaussures, recherche2:Baskets, Scotch & Soda Shoes, Sneakers, Type : Sneakers, 40, 41, 42, 4241348","[https://cdn.shopify.com/s/files/1/0002/7600/4882/files/24833132S29-3.jpg?v=1712051656,https://cdn.shopify.com/s/files/1/0002/7600/4882/files/24833132S29-2.jpg?v=1712051652]",SCOTCH & SODA SHOES,197,0.0,  Composition :  SYNTHÉTIQUE RECYCLÉ 
7187434471520,Brassières,"Believe Athletics, BELIEVEATHLETICS0824, Brassières, Collection : Believe Athletics, dropshipping, Type : Brassières","[https://cdn.shopify.com/s/files/1/0002/7600/4882/files/Moon-Bra-en-Blanco-Perla-Bras-Tienda-Ropa-Leggings-Yoga-Sostenibles-Reciclados-Mujer-On-line-Sustainable-Recycled-Yoga-Clothes-Believe-Athletics-Barcelona-6.jpg?v=1724743520,https://cdn.shopify.com/s/files/1/0002/7600/4882/files/Moon-Bra-en-Blanco-Perla-Bras-Tienda-Ropa-Leggings-Yoga-Sostenibles-Reciclados-Mujer-On-line-Sustainable-Recycled-Yoga-Clothes-Believe-Athletics-Barcelona-3.jpg?v=1724743520,https://cdn.shopify.com/s/files/1/0002/7600/4882/files/Moon-Bra-en-Blanco-Perla-Bras-Tienda-Ropa-Leggings-Yoga-Sostenibles-Reciclados-Mujer-On-line-Sustainable-Recycled-Yoga-Clothes-Believe-Athletics-Barcelona-5.jpg?v=1724743520,https://cdn.shopify.com/s/files/1/0002/7600/4882/files/Moon-Bra-en-Blanco-Perla-Bras-Tienda-Ropa-Leggings-Yoga-Sostenibles-Reciclados-Mujer-On-line-Sustainable-Recycled-Yoga-Clothes-Believe-Athletics-Barcelona-9.jpg?v=1724743520,https://cdn.shopify.com/s/files/1/0002/7600/4882/files/Moon-Bra-en-Blanco-Perla-Bras-Tienda-Ropa-Leggings-Yoga-Sostenibles-Reciclados-Mujer-On-line-Sustainable-Recycled-Yoga-Clothes-Believe-Athletics-Barcelona-4.jpg?v=1724743520,https://cdn.shopify.com/s/files/1/0002/7600/4882/files/Moon-Bra-en-Blanco-Perla-Bras-Tienda-Ropa-Leggings-Yoga-Sostenibles-Reciclados-Mujer-On-line-Sustainable-Recycled-Yoga-Clothes-Believe-Athletics-Barcelona-10.jpg?v=1724743520,https://cdn.shopify.com/s/files/1/0002/7600/4882/files/Moon-Bra-en-Blanco-Perla-Bras-Tienda-Ropa-Leggings-Yoga-Sostenibles-Reciclados-Mujer-On-line-Sustainable-Recycled-Yoga-Clothes-Believe-Athletics-Barcelona.jpg?v=1724743520,https://cdn.shopify.com/s/files/1/0002/7600/4882/files/Moon-Bra-en-Blanco-Perla-Bras-Tienda-Ropa-Leggings-Yoga-Sostenibles-Reciclados-Mujer-On-line-Sustainable-Recycled-Yoga-Clothes-Believe-Athletics-Barcelona-2.jpg?v=1724743520,https://cdn.shopify.com/s/files/1/0002/7600/4882/files/Moon-Bra-en-Blanco-Perla-Bras-Tienda-Ropa-Leggings-Yoga-Sostenibles-Reciclados-Mujer-On-line-Sustainable-Recycled-Yoga-Clothes-Believe-Athletics-Barcelona-7.jpg?v=1724743520,https://cdn.shopify.com/s/files/1/0002/7600/4882/files/Moon-Bra-en-Blanco-Perla-Bras-Tienda-Ropa-Leggings-Yoga-Sostenibles-Reciclados-Mujer-On-line-Sustainable-Recycled-Yoga-Clothes-Believe-Athletics-Barcelona-8.jpg?v=1724743520]",BELIEVE ATHLETICS,43,0.0, 96% Polyamide 4% EL recyclé 
14948693115259,A définir,"<20€, A définir, KVD Beauty, KVDBEAUTY0325",[https://cdn.shopify.com/s/files/1/0002/7600/4882/files/14.1.KVDVB_Good_Apple_Silos_Open_medium036_800x_a0fb100e-d628-4e82-8244-989b1a1e7127.jpg?v=1741593005],KVD BEAUTY,4127,0.0, Good Apple Foundation Balm - Medium 036 
15283931840891,,"no-search, PIPPAIEMENT",[],PIP STUDIO,-1,51.6,
6683503100000,Chaussures Et Accessoires,"EDMMOND1023, INACTIF, Type : Chaussures Et Accessoires, UNI, Chaussures Et Accessoires, Collection : Edmmond Studio, dropshipping, Edmmond Studio","[https://cdn.shopify.com/s/files/1/0002/7600/4882/products/MUSTARD.png?v=1696591129,https://cdn.shopify.com/s/files/1/0002/7600/4882/products/KHAKI.png?v=1696591129]",EDMMOND STUDIOS,20000,0.0,  Composition :  100% Laine 
6883078897760,Jupe,"40366904213600, Collection : Jupe, dropshipping, Girlfriend Collective, GIRLFRIENDCOLLECTIVE0324, Jupe, recherche1:Prêt-À-Porter, recherche2:Jupes, Type : Girlfriend Collective, 3241251, 40366904016992, 40366904049760, 40366904082528, 40366904115296, 40366904148064","[https://cdn.shopify.com/s/files/1/0002/7600/4882/files/4018_antler_side.jpg?v=1709896725,https://cdn.shopify.com/s/files/1/0002/7600/4882/files/4018_antler_front.jpg?v=1709896728,https://cdn.shopify.com/s/files/1/0002/7600/4882/files/4018_antler_back.jpg?v=1709896728]",GIRLFRIEND COLLECTIVE,52,33.25," La jupe-short, taille haute "
6902787276896,T-Shirts,"recherche2:T-Shirts, S, T-Shirts, Weekday, WEEKDAY0324, XL, XS, XXL, 3241282, dropshipping, L, M, recherche1:Prêt-À-Porter","[https://cdn.shopify.com/s/files/1/0002/7600/4882/files/products_30162978_image1_original.jpg?v=1711373430,https://cdn.shopify.com/s/files/1/0002/7600/4882/files/products_30162978_image2_original.jpg?v=1711373430,https://cdn.shopify.com/s/files/1/0002/7600/4882/files/products_30162978_image4_original.jpg?v=1711373430,https://cdn.shopify.com/s/files/1/0002/7600/4882/files/products_30162978_image3_original.jpg?v=1711373430]",WEEKDAY,224,28.583333333333339, T-shirt à manches courtes. Col rond. 
14864636379515,Blouses,"JOSEPHINEANDCO1224, numerodevente, recherche1:Prêt-À-Porter, recherche2:Blouses, Type : Blouses, 34, 36, 38, 40, 42, 44, Blouses, Collection : Josephine & Co, dropshipping, Josephine & Co","[https://cdn.shopify.com/s/files/1/0002/7600/4882/files/3714111518_3603_5.jpg?v=1733322631,https://cdn.shopify.com/s/files/1/0002/7600/4882/files/3714111518_3603_2_b2c.jpg?v=1733322631,https://cdn.shopify.com/s/files/1/0002/7600/4882/files/3714111518_3603_3_b2c.jpg?v=1733322631,https://cdn.shopify.com/s/files/1/0002/7600/4882/files/3714111518_3603_1.jpg?v=1733322631,https://cdn.shopify.com/s/files/1/0002/7600/4882/files/3714111518_3603_4_b2c.jpg?v=1733322631]",JOSEPHINE & CO,31,0.0, Blouse Sigrid - Royal Blue Print 
15029248491899,Chaussures,"Chaussures, Collection : Sélection PAP Luxe, dropshipping, SELECTIONPAPLUXE0425V2, Sélection PAP Luxe, Type : Chaussures",[https://cdn.shopify.com/s/files/1/0002/7600/4882/files/SUNDEK_AG371ASPV100_232_1.jpg?v=1744103717],SELECTION PAP LUXE,316,0.0,  Composition :  100% PVC  
4747567497312,Pantalons,"38, 40, Pantalons, Sandro",[],SANDRO,35,0.0, Pantalon Etel - Malabar 
15283122110843,Soin | Visage,"<20€, Soin, WHATMATTERSXTB1125","[https://cdn.shopify.com/s/files/1/0002/7600/4882/files/Shopify_PRODUIT_Lait-Moussant-Nettoyant_Flacon_SKU.png?v=1762338104,https://cdn.shopify.com/s/files/1/0002/7600/4882/files/Shopify_PRODUIT_Lait-Moussant-Nettoyant_SLIDER-1.jpg?v=1762338103,https://cdn.shopify.com/s/files/1/0002/7600/4882/files/Shopify_PRODUIT_Lait-Moussant-Nettoyant_SLIDER-6.jpg?v=1762338104,https://cdn.shopify.com/s/files/1/0002/7600/4882/files/Shopify_PRODUIT_Lait-Moussant-Nettoyant_SLIDER-3.jpg?v=1762338104,https://cdn.shopify.com/s/files/1/0002/7600/4882/files/Shopify_PRODUIT_Lait-Moussant-Nettoyant_SLIDER-7.jpg?v=1762338104,https://cdn.shopify.com/s/files/1/0002/7600/4882/files/Shopify_PRODUIT_Lait-Moussant-Nettoyant_SLIDER-5.jpg?v=1762338104,https://cdn.shopify.com/s/files/1/0002/7600/4882/files/Shopify_PRODUIT_Lait-Moussant-Nettoyant_SLIDER-4.jpg?v=1762338104,https://cdn.shopify.com/s/files/1/0002/7600/4882/files/Shopify_PRODUIT_Lait-Moussant-Nettoyant_SLIDER-2_4900da78-9c0a-4c01-948f-2f5c634976c7.jpg?v=1762338104]",WHAT MATTERS,298,19.966666666666669,
15304261566843,,<20€,[],CRUEL PANCAKE,192,0.0,
6593663696992,Nouveau Né,"Bonnet A Pompon, dropshipping, eligibility, M, Nouveau Né, S",[],BONNET A POMPON,92,0.0,
7025169924192,Leggings,"Leggings, M, OCEANSAPART, OCEANSAPART0524, recherche1:Prêt-À-Porter, recherche2:Leggings, S, Type : Leggings, XL, XS, 5241408, couleur:Lilas Ombre, dropshipping, L","[https://cdn.shopify.com/s/files/1/0002/7600/4882/files/45806-shadow-lilac_4.jpg?v=1714500744,https://cdn.shopify.com/s/files/1/0002/7600/4882/files/45806-shadow-lilac_2.jpg?v=1714500737,https://cdn.shopify.com/s/files/1/0002/7600/4882/files/45806-shadow-lilac_1.jpg?v=1714500733,https://cdn.shopify.com/s/files/1/0002/7600/4882/files/45806-shadow-lilac_5.jpg?v=1714500748,https://cdn.shopify.com/s/files/1/0002/7600/4882/files/45806-shadow-lilac_3.jpg?v=1714500741]",OCEANSAPART,130,373.75068870523421," Composition :  80% - Polyamide, 20% - Élasthanne"
7228305408096,Bras,"ANINE BING, Bras, YOOX1024",[https://cdn.shopify.com/s/files/1/0002/7600/4882/files/48216428UR_2.jpg?v=1729250829],ANINE BING,32,0.0,
6593672511584,Autres,"10A, 12A, 4A, 6A, 8A, Autres, Bonnet A Pompon, dropshipping, eligibility",[],BONNET A POMPON,109,0.0,
7228289515616,Nuit,"Collection : Simone Pérèle, couleur:, couleur:Imprimé Libellule, dropshipping, JEVASOWH, L, M, nom:, nom:SONGE, Nuit, numerodevente, recherche1:Prêt-À-Porter, recherche2:Pyjamas, S, Simone Pérèle, SIMONEPERELE1124, Type : Nuit, XL","[https://cdn.shopify.com/s/files/1/0002/7600/4882/files/1_18S900_151_1.jpg?v=1729553365,https://cdn.shopify.com/s/files/1/0002/7600/4882/files/1_18S900_151_4.jpg?v=1729553609,https://cdn.shopify.com/s/files/1/0002/7600/4882/files/1_18S900_151_2.jpg?v=1729553464,https://cdn.shopify.com/s/files/1/0002/7600/4882/files/1_18S900_151_3.jpg?v=1729245558,https://cdn.shopify.com/s/files/1/0002/7600/4882/files/1_18S900_151_5.jpg?v=1729245566]",SIMONE PERELE,53,99.499999999999986, Top SONGE - Imprimé Libellule 
15099198603643,Dress,">100€, Dress, Gestuz, GESTUZ0625, no-search","[https://cdn.shopify.com/s/files/1/0002/7600/4882/files/GZ_MS5_10910100_107487_500.jpg?v=1749563585,https://cdn.shopify.com/s/files/1/0002/7600/4882/files/GZ_MS5_10910100_107487_400.jpg?v=1749563581,https://cdn.shopify.com/s/files/1/0002/7600/4882/files/GZ_MS5_10910100_107487_350.jpg?v=1749563597,https://cdn.shopify.com/s/files/1/0002/7600/4882/files/GZ_MS5_10910100_107487_200.jpg?v=1749563594,https://cdn.shopify.com/s/files/1/0002/7600/4882/files/GZ_MS5_10910100_107487_100.jpg?v=1749563590]",GESTUZ,39,0.0,"  Composition :  99% Cotton,1% Elastane "
15093340995963,Mules,"38, 39, 40, 41, CLWS0825, Collection : White Sun, dropshipping, JEVASOWH, Mules, Type : Mules, White Sun, WHITESUN0825, 36, 37","[https://cdn.shopify.com/s/files/1/0002/7600/4882/files/WS-5117_4.jpg?v=1749550109,https://cdn.shopify.com/s/files/1/0002/7600/4882/files/WS-5117_2.jpg?v=1749550110,https://cdn.shopify.com/s/files/1/0002/7600/4882/files/WS-5117_3.jpg?v=1749550110,https://cdn.shopify.com/s/files/1/0002/7600/4882/files/WS-5117_1.jpg?v=1749614604]",WHITE SUN,24,0.0, Mules Luzzara - Camel Sheep Nappa - Marron 
15154019238267,Protections Solaires,"Collection : Korean Beauty, dropshipping, Korean Beauty, KOREANBEAUTY0825, Protections Solaires, Type : Protections Solaires","[https://cdn.shopify.com/s/files/1/0002/7600/4882/files/8809581450646-0.jpg?v=1751020108,https://cdn.shopify.com/s/files/1/0002/7600/4882/files/8809581450646.jpg?v=1751020104]",KOREAN BEAUTY,26,59.500000000000014, A´PIEU Pure Block Aqua Sun Gel Ex Spf50+/Pa+++ 
15318780117371,Sacs Bandoulière,"34x27x17, Collection : Maison Heritage, dropshipping, Maison Heritage, MAISONHERITAGE1225, no-search, SAC BANDOULIERE, seo-generated-metafields20251224, Type : SAC BANDOULIERE",[],MAISON HERITAGE,25,0.0, PAS DISPO 
15041606418811,Colliers,"Type : Colliers, Collection : Moode, Colliers, dropshipping, Moode, MOODE0425, NS",[https://cdn.shopify.com/s/files/1/0002/7600/4882/files/ACBO514NJac.jpg?v=1744632761],MOODE,69,118.25,  Matière :  Acier inoxydable 
15177304670587,Robes,"Brama Group, BRAMAGROUP0725, CALIFORNIABRAMA0725, Collection : Brama Group, dropshipping, Robes, Type : Robes","[https://cdn.shopify.com/s/files/1/0002/7600/4882/files/byh_478035_mirror_6.jpg?v=1752741381,https://cdn.shopify.com/s/files/1/0002/7600/4882/files/byh_478035_mirror_4.jpg?v=1752741381,https://cdn.shopify.com/s/files/1/0002/7600/4882/files/byh_478035_mirror_3.jpg?v=1752741381,https://cdn.shopify.com/s/files/1/0002/7600/4882/files/byh_478035_mirror_2.jpg?v=1752741381,https://cdn.shopify.com/s/files/1/0002/7600/4882/files/byh_478035_mirror.jpg?v=1752741380,https://cdn.shopify.com/s/files/1/0002/7600/4882/files/byh_478035_mirror_5.jpg?v=1752741381]",BRAMA GROUP,70000,0.0," 66% Cotton, 33% Lyocell, 1% Elastane "
6593675821152,Autres,"12M, 18M, 2A, 3A, 6M, 9M, Autres, Bonnet A Pompon, dropshipping, eligibility",[],BONNET A POMPON,146,0.0,
6753902231648,Manteaux,"S, Type : Manteaux, XS, Collection : Nobis, dropshipping, L, M, Manteaux, Nobis, NOBIS1223, recherche1:Prêt-à-porter, recherche2:Manteaux","[https://cdn.shopify.com/s/files/1/0002/7600/4882/files/Alpha-55.jpg?v=1703759649,https://cdn.shopify.com/s/files/1/0002/7600/4882/files/Alpha-Black-Side.jpg?v=1703759649,https://cdn.shopify.com/s/files/1/0002/7600/4882/files/Alpha-Black-Back.jpg?v=1703759649,https://cdn.shopify.com/s/files/1/0002/7600/4882/files/Alpha-Black-Front.jpg?v=1703759649]",NOBIS,32,648.33333333333337,  Composition :  100% Polyester 
15310175928699,Prix,"MAISONKITSUNE1225, MK1225, NONRETOURNABLE, ventephysique",[https://cdn.shopify.com/s/files/1/0002/7600/4882/files/Kisune_CC_81_e433cbfe-16eb-48f1-9b50-6ca0adea611d.png?v=1765299098],MAISON KITSUNE,999,20.833333333333336,
7228398993504,Wrap cardigans,"TWINSET, Wrap cardigans, YOOX1024",[https://cdn.shopify.com/s/files/1/0002/7600/4882/files/14021150WE_2.jpg?v=1729251353],TWINSET,17,0.0,
14859294310779,Polos,"lacoste, Polos, STOCKLYLACOSTE1124","[https://cdn.shopify.com/s/files/1/0002/7600/4882/files/lacoste_7cdh5522-031_Image_1_C1.jpg?v=1733736075,https://cdn.shopify.com/s/files/1/0002/7600/4882/files/lacoste_7cdh5522-031_Image_2_C1.jpg?v=1733736080,https://cdn.shopify.com/s/files/1/0002/7600/4882/files/lacoste_7cdh5522-031_Image_3_C1.jpg?v=1733736088]",LACOSTE,157,0.0, Polo Lacoste coupe classique en coton mélangé 
6593654849632,Autres,"Autres, Bonnet A Pompon, dropshipping, eligibility, L","[https://cdn.shopify.com/s/files/1/0002/7600/4882/products/baby-with-pompons-booties-taupe-autres-bonnet-a-pompon-778333.jpg?v=1643323022,https://cdn.shopify.com/s/files/1/0002/7600/4882/products/baby-with-pompons-booties-taupe-autres-bonnet-a-pompon-244831.jpg?v=1643326782,https://cdn.shopify.com/s/files/1/0002/7600/4882/products/baby-with-pompons-booties-taupe-autres-bonnet-a-pompon-537148.jpg?v=1643325341]",BONNET A POMPON,19,0.0,
6593653014624,Autres,"10A, 12M, 18M, 3A, 6M, 9M, Autres, Bonnet A Pompon, dropshipping, eligibility",[],BONNET A POMPON,75,0.0,
7228460990560,Boucles D'Oreilles,"Boucles D'Oreilles, Collection : Parfois, dropshipping, JEVASOWH, no-search, numerodevente, Parfois, PARFOIS1024, recherche1:Accessoires, recherche2:Boucles d'Oreille, resize1, TU, Type : Boucles D'Oreilles","[https://cdn.shopify.com/s/files/1/0002/7600/4882/files/207977_GD_3.jpg?v=1730136540,https://cdn.shopify.com/s/files/1/0002/7600/4882/files/207977_GD_1.jpg?v=1730136535,https://cdn.shopify.com/s/files/1/0002/7600/4882/files/207977_GD_2.jpg?v=1730136538]",PARFOIS,40,0.0, BODY : 80% Brass 20% Zirconium 
7024789258336,Tuniques,"L/XL, M/L, S/M, Tuniques, Type : Tuniques, XL/XXL, 18250213, Autour Du Lin, AUTOURDULIN0825, dropshipping","[https://cdn.shopify.com/s/files/1/0002/7600/4882/files/448_BEIGE_0472.jpg?v=1714484131,https://cdn.shopify.com/s/files/1/0002/7600/4882/files/448_BEIGE_0205.jpg?v=1714484130,https://cdn.shopify.com/s/files/1/0002/7600/4882/files/448_BEIGE_0196.jpg?v=1714484128,https://cdn.shopify.com/s/files/1/0002/7600/4882/files/448_BEIGE_0471.jpg?v=1714484131,https://cdn.shopify.com/s/files/1/0002/7600/4882/files/448_BEIGE_0474.jpg?v=1714484131,https://cdn.shopify.com/s/files/1/0002/7600/4882/files/448_BEIGE_0203.jpg?v=1714484130,https://cdn.shopify.com/s/files/1/0002/7600/4882/files/448_BEIGE_0465.jpg?v=1714484130,https://cdn.shopify.com/s/files/1/0002/7600/4882/files/448_BEIGE_0204.jpg?v=1714484129,https://cdn.shopify.com/s/files/1/0002/7600/4882/files/448_BEIGE_0475.jpg?v=1714484131,https://cdn.shopify.com/s/files/1/0002/7600/4882/files/448_BEIGE_0200.jpg?v=1714484129]",AUTOUR DU LIN,47,465.41184573002749," Tunique col mao, manches longue "
7228326740064,Shorts & Bermuda Shorts,"DOLCE&GABBANA, Shorts & Bermuda Shorts, YOOX1024",[https://cdn.shopify.com/s/files/1/0002/7600/4882/files/13839006SE_2.jpg?v=1729250929],DOLCE&GABBANA,28,0.0,
6593649148000,Autres,"6M, 9M, Autres, Bonnet A Pompon, dropshipping, eligibility","[https://cdn.shopify.com/s/files/1/0002/7600/4882/products/garden-print-baby-dress-blue-autres-bonnet-a-pompon-588846.jpg?v=1643329654,https://cdn.shopify.com/s/files/1/0002/7600/4882/products/garden-print-baby-dress-blue-autres-bonnet-a-pompon-179020.jpg?v=1643326667,https://cdn.shopify.com/s/files/1/0002/7600/4882/products/garden-print-baby-dress-blue-autres-bonnet-a-pompon-926427.jpg?v=1643328095]",BONNET A POMPON,17,0.0,
6545487134816,Fille,"1M, 3M, 6M, <20€, eligibility, Fille, Natalys, natalystaille","[https://cdn.shopify.com/s/files/1/0002/7600/4882/products/pantalon-tuile-bleu-jean-fille-fille-natalys-361560.jpg?v=1617723904,https://cdn.shopify.com/s/files/1/0002/7600/4882/products/pantalon-tuile-bleu-jean-fille-fille-natalys-174938.jpg?v=1617724206,https://cdn.shopify.com/s/files/1/0002/7600/4882/products/pantalon-tuile-bleu-jean-fille-fille-natalys-727100.jpg?v=1617722671]",NATALYS,69,143.33333333333334, Jean 100% coton   Composition :  100% Coton  
7025166975072,Vestes,"M, OCEANSAPART, OCEANSAPART0524, recherche1:Prêt-À-Porter, recherche2:Vestes, S, Type : Vestes, Vestes, XL, XS, 5241408, couleur:Lavande Brumeuse, dropshipping, L","[https://cdn.shopify.com/s/files/1/0002/7600/4882/files/45515-misty-lavender_6.jpg?v=1714501188,https://cdn.shopify.com/s/files/1/0002/7600/4882/files/45515-misty-lavender_5.jpg?v=1714501184,https://cdn.shopify.com/s/files/1/0002/7600/4882/files/45515-misty-lavender_1.jpg?v=1714501168,https://cdn.shopify.com/s/files/1/0002/7600/4882/files/45515-misty-lavender_2.jpg?v=1714501172,https://cdn.shopify.com/s/files/1/0002/7600/4882/files/45515-misty-lavender_3.jpg?v=1714501177,https://cdn.shopify.com/s/files/1/0002/7600/4882/files/45515-misty-lavender_4.jpg?v=1714501180]",OCEANSAPART,24,33.25, Composition :  100% Polyester
7224315707488,Vestes,"1210240752, Collection : Vestes, couleur:, couleur:Gris, dropshipping, JEVASOWH, Mango Woman, MANGO1024, recherche1:Prêt-À-Porter, recherche2:Vestes, S, Type : Mango Woman, Vestes, XS","[https://cdn.shopify.com/s/files/1/0002/7600/4882/files/57098278_92_B3.jpg?v=1728402722,https://cdn.shopify.com/s/files/1/0002/7600/4882/files/57098278_92_D4.jpg?v=1728402794,https://cdn.shopify.com/s/files/1/0002/7600/4882/files/57098278_92_D6.jpg?v=1728402806,https://cdn.shopify.com/s/files/1/0002/7600/4882/files/57098278_92_B.jpg?v=1728402706,https://cdn.shopify.com/s/files/1/0002/7600/4882/files/57098278_92_R.jpg?v=1728402757,https://cdn.shopify.com/s/files/1/0002/7600/4882/files/57098278_92_D5.jpg?v=1728402800,https://cdn.shopify.com/s/files/1/0002/7600/4882/files/57098278_92_D1.jpg?v=1728402778,https://cdn.shopify.com/s/files/1/0002/7600/4882/files/57098278_92.jpg?v=1728402699,https://cdn.shopify.com/s/files/1/0002/7600/4882/files/57098278_92_D3.jpg?v=1728402789,https://cdn.shopify.com/s/files/1/0002/7600/4882/files/57098278_92_D8.jpg?v=1728402819]",MANGO WOMAN,36,132.24863387978144, Veste tweed broche 
6627137159264,GILET,"dispeo, eligibility, GILET, Orfeo, TU",[],ORFEO1,56,0.0, 100% COTON 
14859601117563,Jupe,"Type : Jupe, XS, dropshipping, JEVASOWH, Jupe, L, M, recherche1:Prêt-À-Porter, recherche2:Jupes, S, SIEDRES1124, Siedrés","[https://cdn.shopify.com/s/files/1/0002/7600/4882/files/JOA-WRS24BT09MC-3.jpg?v=1732728026,https://cdn.shopify.com/s/files/1/0002/7600/4882/files/JOA-WRS24BT09MC-1.jpg?v=1732728027,https://cdn.shopify.com/s/files/1/0002/7600/4882/files/JOA-WRS24BT09MC-2.jpg?v=1732728028]",SIEDRES,36,0.0, Jupe en tricot taille basse à imprimé floral 
15085877166459,SIEGE SUR MESURE,"MSLVENTEPHYSIQUE0525, MSLVENTEPHYSIQUE0525V2, no-search, NONRETOURNABLE, SIEGE SUR MESURE, >100€, Maison Sarah Lavoine",[https://cdn.shopify.com/s/files/1/0002/7600/4882/files/Capture_20d_E2_80_99_C3_A9cran_202025-06-10_20_C3_A0_2017.34.41_401x_1-1_20_1_8fc73b39-c49e-4b23-96ab-498080b93b70.jpg?v=1749740131],MAISON SARAH LAVOINE,-1,2500.0,  Dimensions :  230X110X70   Matière :  (vide) 
6857951608928,Tops,"Tops, Under Armour",[],UNDER ARMOUR,2500,0.0,"  Composition :  60% Cotton,40% Polyester "
14868765737339,Chemises,"T2, T3, Type : Chemises, Chemises, couleur:BISOUS, Des Petits Hauts, dropshipping, no-search, numerodevente, recherche1Prêt-À-Porter, recherche2;Chemises, T0, T1",[],DES PETITS HAUTS,25,0.0, 100% COTON 
6728535998560,Pantalons Et Shorts,"dropshipping, JEVASOWH, Pantalons Et Shorts, Type : Pantalons Et Shorts, American Vintage, AMERICANVINTAGE0525, Collection : American Vintage","[https://cdn.shopify.com/s/files/1/0002/7600/4882/files/DOMY05AH22-GRISCH-MODEL-3.jpg?v=1701719831,https://cdn.shopify.com/s/files/1/0002/7600/4882/files/DOMY05AH22-GRISCH-MODEL-1.jpg?v=1702048572,https://cdn.shopify.com/s/files/1/0002/7600/4882/files/DOMY05AH22-GRISCH-1.jpg?v=1702048572,https://cdn.shopify.com/s/files/1/0002/7600/4882/files/DOMY05AH22-GRISCH-MODEL-4.jpg?v=1701719836,https://cdn.shopify.com/s/files/1/0002/7600/4882/files/DOMY05AH22-GRISCH-MODEL-2.jpg?v=1701719707]",AMERICAN VINTAGE,43,1135.4229017794592, Jogging droit 
14863629418875,Casquettes,"Casquettes, STOCKLYUNDERARMOUR1224, Under Armour",[https://cdn.shopify.com/s/files/1/0002/7600/4882/files/under-armour_7C1383477-025_Image_1_C1.jpg?v=1733736229],UNDER ARMOUR,18,0.0, Casquette réglable UA Launch pour hommes 
6593667170400,Autres,"12M, 18M, 6M, 9M, Autres, Bonnet A Pompon, dropshipping, eligibility","[https://cdn.shopify.com/s/files/1/0002/7600/4882/products/baby-dress-capsula-print-dark-blue-autres-bonnet-a-pompon-415928.jpg?v=1643325738,https://cdn.shopify.com/s/files/1/0002/7600/4882/products/baby-dress-capsula-print-dark-blue-autres-bonnet-a-pompon-112452.jpg?v=1643329488,https://cdn.shopify.com/s/files/1/0002/7600/4882/products/baby-dress-capsula-print-dark-blue-autres-bonnet-a-pompon-113756.jpg?v=1643324352]",BONNET A POMPON,39,0.0,
7033093161056,Pantalons,"5A, 7A, 9A, American Vintage Kids, AMERICANVINTAGE1124, CARAIBES VINTAGE, Collection : American Vintage Kids, couleur:CARAIBES VINTAGE, dropshipping, JEVASOWH, Pantalons, recherche1:Prêt-À-Porter, recherche2:Pantalons, Type : Pantalons, 11A, 13A, 1611240283, 3A","[https://cdn.shopify.com/s/files/1/0002/7600/4882/files/KLOP05AE23-CARAIVI-MODEL-3-large.jpg?v=1715335158,https://cdn.shopify.com/s/files/1/0002/7600/4882/files/KLOP05AE23-CARAIVI-MODEL-2-large.jpg?v=1715335158,https://cdn.shopify.com/s/files/1/0002/7600/4882/files/KLOP05AE23-CARAIVI-MODEL-1-large.jpg?v=1715335158,https://cdn.shopify.com/s/files/1/0002/7600/4882/files/KLOP05AE23-CARAIVI-MODEL-4-large.jpg?v=1715335158,https://cdn.shopify.com/s/files/1/0002/7600/4882/files/KLOP05AE23-CARAIVI-2.jpg?v=1715087927,https://cdn.shopify.com/s/files/1/0002/7600/4882/files/KLOP05AE23-CARAIVI-3.jpg?v=1715087927,https://cdn.shopify.com/s/files/1/0002/7600/4882/files/KLOP05AE23-CARAIVI-1.jpg?v=1715087928]",AMERICAN VINTAGE KIDS,89,95.416666666666657, Composition :  100% Coton
14835702727035,Pulls,"Type : Pulls, XL, XXL, Atelier Privé, ATELIERPRIVE1124, Collection : Atelier Privé, dropshipping, L, M, numerodelavente, Pulls, recherche1:Prêt-À-Porter, recherche2:Pulls","[https://cdn.shopify.com/s/files/1/0002/7600/4882/files/aph24pz01-anthracite-2.jpg?v=1731583937,https://cdn.shopify.com/s/files/1/0002/7600/4882/files/aph24pz01-anthracite-4.jpg?v=1731583937,https://cdn.shopify.com/s/files/1/0002/7600/4882/files/aph24pz01-anthracite-3.jpg?v=1731583937,https://cdn.shopify.com/s/files/1/0002/7600/4882/files/aph24pz01-anthracite-1.jpg?v=1731583937]",ATELIER PRIVE,52,324.74793388429754, Pull 100% cachemire 2 fils col camionneur 
6593648033888,Autres,"Autres, Bonnet A Pompon, dropshipping, eligibility, M, S","[https://cdn.shopify.com/s/files/1/0002/7600/4882/products/baby-boy-bloomer-taupe-autres-bonnet-a-pompon-214907.jpg?v=1643326392,https://cdn.shopify.com/s/files/1/0002/7600/4882/products/baby-boy-bloomer-taupe-autres-bonnet-a-pompon-436321.jpg?v=1643328610]",BONNET A POMPON,37,0.0,
6857963929696,Robes,JOSEFINE0224,"[https://cdn.shopify.com/s/files/1/0002/7600/4882/files/ALOP_ROSE_0052.jpg?v=1708426051,https://cdn.shopify.com/s/files/1/0002/7600/4882/files/ALOP_ROSE_0054.jpg?v=1708426051,https://cdn.shopify.com/s/files/1/0002/7600/4882/files/ALOP_ROSE_0053.jpg?v=1708426051,https://cdn.shopify.com/s/files/1/0002/7600/4882/files/ALOP_ROSE_0050.jpg?v=1708426052,https://cdn.shopify.com/s/files/1/0002/7600/4882/files/ALOP_ROSE_0051.jpg?v=1708426051]",JOSEFINE,450,0.0, 100% Viscose 
15164001386875,Vases,"14x9xH19.5cm, 20x13xH30.5cm, 24x16.5xH39.5cm, Collection : Côté Table, COTETABLE0725, Côté Table, dropshipping, JEVASOWH, nom:MER, numerodevente, Type : Vases, Vases","[https://cdn.shopify.com/s/files/1/0002/7600/4882/files/37743_20_1.jpg?v=1751902969,https://cdn.shopify.com/s/files/1/0002/7600/4882/files/vase-poisson-mer-24-x-16-5-x-h39-5cm-37743_37743_DEB_WEB_1_f2bac46c-377d-499a-9a50-fd528a770016.jpg?v=1752659860,https://cdn.shopify.com/s/files/1/0002/7600/4882/files/vase-poisson-mer-blanc-20x13xh30-5cm-gres-40235_40235_DET01_WEB_4.jpg?v=1752659892,https://cdn.shopify.com/s/files/1/0002/7600/4882/files/vase-poisson-mer-blanc-14x9xh19-5cm-gres-40236_40236_DEB_WEB_4.jpg?v=1752659793,https://cdn.shopify.com/s/files/1/0002/7600/4882/files/vase-poisson-mer-24-x-16-5-x-h39-5cm-37743_37743_DET01_WEB_1.jpg?v=1752659892,https://cdn.shopify.com/s/files/1/0002/7600/4882/files/vase-poisson-mer-blanc-14x9xh19-5cm-gres-40236_40236_DEB_WEB_4_793f7d2e-5117-4666-b516-9005f3a98368.jpg?v=1752659892,https://cdn.shopify.com/s/files/1/0002/7600/4882/files/vase-poisson-mer-24-x-16-5-x-h39-5cm-37743_37743_DEB_WEB_1_a121eea4-245e-4539-be2c-2e94802b3616.jpg?v=1752659897,https://cdn.shopify.com/s/files/1/0002/7600/4882/files/vase-poisson-mer-blanc-20x13xh30-5cm-gres-40235_40235_DEB_WEB_5_5b5605d7-812c-46d2-9867-2509e7552627.jpg?v=1752659892,https://cdn.shopify.com/s/files/1/0002/7600/4882/files/vase-poisson-mer-blanc-14x9xh19-5cm-gres-40236_40236_DET01_WEB_4.jpg?v=1752659892,https://cdn.shopify.com/s/files/1/0002/7600/4882/files/vase-poisson-mer-blanc-20x13xh30-5cm-gres-40235_40235_DEB_WEB_5.jpg?v=1752659836,https://cdn.shopify.com/s/files/1/0002/7600/4882/files/vase-poisson-mer-24-x-16-5-x-h39-5cm-37743_37743_DET02_WEB_1.jpg?v=1752659892,https://cdn.shopify.com/s/files/1/0002/7600/4882/files/37743_20_2.jpg?v=1751902971]",COTE TABLE,56,249.0, Vase Poisson Mer en Grès  
15218819465595,Pantalons,"24, 25, 26, 27, 28, 29, 30, 31, 32, 33, Acquaverde, ACQUAVERDE0825, Collection : Acquaverde, dropshipping, JEVASOWH, no-seach, Pantalons, Type : Pantalons","[https://cdn.shopify.com/s/files/1/0002/7600/4882/files/PIERDNS-TERRA_PIERCELONG3.jpg?v=1756215100,https://cdn.shopify.com/s/files/1/0002/7600/4882/files/PIERDNS-TERRA_PIERCELONG4.jpg?v=1756215099,https://cdn.shopify.com/s/files/1/0002/7600/4882/files/PIERDNS-TERRA_PIERCELONG1.jpg?v=1756215099,https://cdn.shopify.com/s/files/1/0002/7600/4882/files/PIERDNS-TERRA_PIERCELONG2.jpg?v=1756215100,https://cdn.shopify.com/s/files/1/0002/7600/4882/files/PIERDNS-TERRA_PIERCELONG.jpg?v=1756215095]",ACQUAVERDE,45,0.0, PANTALON PIERCE LONG DENIM COLOR STRETCH 
6924578685024,Sneakers,"43, 44, 45, Collection : Scotch & Soda Shoes, dropshipping, recherche1:Chaussures, recherche2:Baskets, resize0324, resize03243, Scotch & Soda Shoes, SCOTCHETSODASHOES0424, seo-generated-metafields20251116, Sneakers, Type : Sneakers, 40, 41, 42, 4241348","[https://cdn.shopify.com/s/files/1/0002/7600/4882/files/24831930_S29_04.jpg?v=1712237140,https://cdn.shopify.com/s/files/1/0002/7600/4882/files/24831930_S29_02.jpg?v=1712237144,https://cdn.shopify.com/s/files/1/0002/7600/4882/files/24831930_S29_03.jpg?v=1712237148]",SCOTCH & SODA SHOES,73,166.32851239669424,  Composition :  100% CUIR DE VACHE 
6556582379616,Bracelets,"14.5 cm, 15.5 cm, 16.5 cm, 17.5 cm, 18.5 cm, 20.5 cm, Bracelets, Paul Hewitt",[https://cdn.shopify.com/s/files/1/0002/7600/4882/products/bracelet-cuir-bordeauxor-rose-bracelets-paul-hewitt-427526.jpg?v=1622275384],PAUL HEWITT,55,145.83333333333334,  Détails :      Matière : Cuir Fermoir : Ancre 
14861513163131,Chaussettes,"Type : Chaussettes, 15/18, 19/22, Bonton, BONTON1224, Chaussettes, Collection : Bonton, dropshipping, numerodevente, recherche1:Enfants, recherche2:Chaussettes",[https://cdn.shopify.com/s/files/1/0002/7600/4882/files/MTB160005ADU152_1.jpg?v=1732719019],BONTON,200000,63.916666666666671, MTB16000523H 
6883082567776,Combinaisons,"dropshipping, Girlfriend Collective, GIRLFRIENDCOLLECTIVE0525, JEVASOWH Type : Combinaisons, L, M, S, XL, XS, XXL, XXXL, 305251251, 4XL, Collection : Girlfriend Collective, Combinaisons, couleur:Moon","[https://cdn.shopify.com/s/files/1/0002/7600/4882/files/6008_theunitard_moon_front.jpg?v=1709828640,https://cdn.shopify.com/s/files/1/0002/7600/4882/files/6008_theunitard_moon_back.jpg?v=1709828640,https://cdn.shopify.com/s/files/1/0002/7600/4882/files/600854679MOONUnitard.png?v=1709828640,https://cdn.shopify.com/s/files/1/0002/7600/4882/files/6008MOON-TheUnitard_3.jpg?v=1709828640,https://cdn.shopify.com/s/files/1/0002/7600/4882/files/6008MOON-TheUnitard_2.jpg?v=1709828640,https://cdn.shopify.com/s/files/1/0002/7600/4882/files/6008MOON-TheUnitard_4.jpg?v=1709828640]",GIRLFRIEND COLLECTIVE,48,49.083333333333336, L'Unitard 
7164981313632,Espadrilles,,[],SKFK,24,0.0, Espadrilles fabriquées en France. 
7134253252704,Sac à Bandoulière,"<20€, KIPLING0724",[],KIPLING,73,0.0, #N/A 
6627134898272,PULL,"dispeo, eligibility, Orfeo, PULL, TU","[https://cdn.shopify.com/s/files/1/0002/7600/4882/products/ELISE_LILAS_VUE_1-1.jpg?v=1663580914,https://cdn.shopify.com/s/files/1/0002/7600/4882/products/ELISE_LILAS_VUE_1.jpg?v=1663580914,https://cdn.shopify.com/s/files/1/0002/7600/4882/products/ELISE_LILAS_VUE_3.jpg?v=1663580914,https://cdn.shopify.com/s/files/1/0002/7600/4882/products/ELISE_LILAS_VUE_4.jpg?v=1663580914,https://cdn.shopify.com/s/files/1/0002/7600/4882/products/ELISE_LILAS_VUE_2.jpg?v=1663580910]",ORFEO,53,0.0, 40%ACR43%POL4%ELA13%MO 
4770623946848,Jimmy Choo,"Jimmy Choo, The Brand Collector","[https://cdn.shopify.com/s/files/1/0002/7600/4882/products/jimmy-choo-philippa-black-femme-jimmy-choo-the-brand-collector-199075.jpg?v=1607410128,https://cdn.shopify.com/s/files/1/0002/7600/4882/products/jimmy-choo-philippa-black-femme-jimmy-choo-the-brand-collector-689231.jpg?v=1607410128,https://cdn.shopify.com/s/files/1/0002/7600/4882/products/jimmy-choo-philippa-black-femme-jimmy-choo-the-brand-collector-780539.jpg?v=1607410128,https://cdn.shopify.com/s/files/1/0002/7600/4882/products/jimmy-choo-philippa-black-femme-jimmy-choo-the-brand-collector-781116.jpg?v=1607410128,https://cdn.shopify.com/s/files/1/0002/7600/4882/products/jimmy-choo-philippa-black-femme-jimmy-choo-the-brand-collector-166213.jpg?v=1607410128,https://cdn.shopify.com/s/files/1/0002/7600/4882/products/jimmy-choo-philippa-black-femme-jimmy-choo-the-brand-collector-912824.jpg?v=1607410128,https://cdn.shopify.com/s/files/1/0002/7600/4882/products/jimmy-choo-philippa-black-femme-jimmy-choo-the-brand-collector-551225.jpg?v=1607410128,https://cdn.shopify.com/s/files/1/0002/7600/4882/products/jimmy-choo-philippa-black-femme-jimmy-choo-the-brand-collector-911116.jpg?v=1607410128,https://cdn.shopify.com/s/files/1/0002/7600/4882/products/jimmy-choo-philippa-black-femme-jimmy-choo-the-brand-collector-880273.jpg?v=1607410128,https://cdn.shopify.com/s/files/1/0002/7600/4882/products/jimmy-choo-philippa-black-femme-jimmy-choo-the-brand-collector-256597.jpg?v=1607410128,https://cdn.shopify.com/s/files/1/0002/7600/4882/products/jimmy-choo-philippa-black-femme-jimmy-choo-the-brand-collector-126767.jpg?v=1607410128,https://cdn.shopify.com/s/files/1/0002/7600/4882/products/jimmy-choo-philippa-black-femme-jimmy-choo-the-brand-collector-528544.jpg?v=1607410128]",THE BRAND COLLECTOR,0,0.0," Jimmy Choo Philippa Black - Femme Chaque article est livré avec son certificat d'authenticité.   Marque :  Jimmy Choo  Couleur :  Black  Composition :  Canvas  Dimensions : H:7.5cm x W:10.5cm  Pays d'origine :  Italie  Etat :  AB - article en très bon état général, quelques traces d'usage  Envoi :  livraison contre signature. "
6624967196768,Hugo Boss,"dispeo, eligibility, Hugo Boss, Jaiio, TU","[https://cdn.shopify.com/s/files/1/0002/7600/4882/products/jaiio-452004-2.jpg?v=1662053218,https://cdn.shopify.com/s/files/1/0002/7600/4882/products/jaiio-452004-4.jpg?v=1662053218,https://cdn.shopify.com/s/files/1/0002/7600/4882/products/jaiio-452004-3.jpg?v=1662053218,https://cdn.shopify.com/s/files/1/0002/7600/4882/products/jaiio-452004-1.jpg?v=1662053218]",JAIIO1,0,0.0, Ceinture - Longueur 114cm - Hugo Boss - Noir - 100% Cuir - Très Bon État - Référence 452004   Matière :  Cuir   Etat :  Très Bon État 
6638992228448,Sweats,">100€, Newtone, Sweats, T0, T1, T2",[https://cdn.shopify.com/s/files/1/0002/7600/4882/products/sweatshirt-roller-yam-joy-fw20-fw20-523445.jpg?v=1670601232],NEWTONE2,0,0.0,"Sweatshirt roller 80% coton 20% polyester,  450gr.  
  
  Sweat doux lavé 
  Manches longues 
  Deux badges coté coeur 
  Print paillette 
  "
6630854000736,Pantalons Et Joggings,"<20€, AW21, Baby, Boy, Girl, New, Outlet, TheBradery, Trouva",[https://cdn.shopify.com/s/files/1/0002/7600/4882/products/RC215ND-INDIGO-1.jpg?v=1666094894],RYLEEANDCRU1,0,0.0,"  Autumn Winter 2021  Super soft slub knit pant.   
  Details  
 Wooden button detail at center front. Featuring elastic waistband, and a relaxed fit. Color: indigo Machine wash cold. Tumble Dry low. Soft washed, made of 100% Cotton 
 "
6694291177568,Sneakers,"Femme, Reebok, Sneakers, Stockly","[https://cdn.shopify.com/s/files/1/0002/7600/4882/files/gz0300_Image_2_C2.jpg?v=1697711307,https://cdn.shopify.com/s/files/1/0002/7600/4882/files/gz0300_Image_3_C2.jpg?v=1697711308,https://cdn.shopify.com/s/files/1/0002/7600/4882/files/gz0300_Image_1_C2.jpg?v=1697711308]",REEBOK,0,0.0," Dope tes performances avec cette chaussure de training Reebok pour homme. La tige textile est très légère. L'amorti FuelFoam est à la fois confortable et dynamique. Les rainures à l'avant-pied offrent la souplesse nécessaire pour soulever des poids.   Composition :  Synthétique, Textile "
6748978249824,Sweatshirt,"Patagonia, Sweatshirt","[https://cdn.shopify.com/s/files/1/0002/7600/4882/files/61400-nane_Image_2_C3.jpg?v=1703081105,https://cdn.shopify.com/s/files/1/0002/7600/4882/files/61400-nane_Image_1_C3.jpg?v=1703081105]",PATAGONIA,0,0.0," Chaude et coupe-vent, la Baby Retro-X® Jacket est fabriquée dans une polaire douce de 1,25 cm d’épaisseur, 100% polyester recyclé. Modèle confectionné dans un atelier Fair Trade Certified™.   Composition :  Polyester "
6760475492448,Sneakers,">100€, New Balance, NEWBALANCESTOCK0124, Sneakers, Stockly, STOCKLY0124","[https://cdn.shopify.com/s/files/1/0002/7600/4882/files/u574ll2_Image_1_C2_890804a8-1981-41c2-bf50-b7ccc79d24f5.jpg?v=1704458910,https://cdn.shopify.com/s/files/1/0002/7600/4882/files/u574ll2_Image_3_C2_c44c54ee-5a55-425c-9a97-4fd6d58d1fd7.jpg?v=1704458910,https://cdn.shopify.com/s/files/1/0002/7600/4882/files/u574ll2_Image_2_C2_9776717c-e3f7-4151-a519-f6c783c6cbad.jpg?v=1704458910]",NEW BALANCE,0,0.0," « La chaussure la plus New Balance de tous les temps » : plutôt explicite, non ? Pas tout à fait. La 574 est notre icône la plus improbable. La 574 a été conçue comme chaussure fiable et polyvalente, plutôt que comme une démonstration de technologies révolutionnaires et de matériaux haut de gamme. Cette polyvalence modeste et sans prétention, c’est exactement ce qui a propulsé la 574 parmi les meilleures chaussures de tous les temps. Modèle hybride route/trail avec une forme plus large que la génération précédente, la 574 offrait un mélange unique de nouveautés, de différences, de simplicité, de robustesse, de durabilité et de confort : elle est devenue incontournable aux quatre coins du monde.   Composition :  Daim, Synthétique "
6941505683552,Pullovers,"STOCKLYACNESTUDIOS0924, >100€, Acne Studios, ACNESTUDIO0424, Pullovers",[],ACNE STUDIOS,0,0.0," Ce pull à col ras du cou Acne Studios est réalisé en maille de coton mélangé et orné de clous et d'une animation appliquée créée en collaboration avec l'artiste Per Sundberg. Il présente une encolure et des poignets côtelés, ainsi qu'une coupe décontractée. Le modèle mesure 187 cm et porte la taille M. "
14839800004987,Tshirts,"k-way, Tshirts",[],KWAY,0,0.0,"  Collection: Kway   Produit: T-shirt homme K-way - Rouge Brique  
  🔥 Rouge Brique, Confortable, Élégant 🔥  
 👕  Description:  Faites une déclaration de style avec ce T-shirt homme K-way, rouge brique. Confortable et élégant, il est parfait pour ajouter une touche de couleur à votre garde-robe. Sa coupe classique et sa couleur vibrante en font un incontournable pour tous les hommes à la mode.  
 📏  Conseils sur la taille:  Ce T-shirt K-way taille normalement. Prenez votre taille habituelle pour un ajustement parfait.  
 🌿  Composition:  Fabriqué à partir de matériaux de qualité, ce T-shirt assure un confort optimal tout en étant respectueux de l'environnement.  
 🧺  Conseils d'entretien:  Pour garder votre T-shirt K-way en parfait état, nous vous conseillons un lavage à la main ou en machine à basse température. Évitez le sèche-linge pour préserver sa couleur et sa forme.  
  Kway, pour ceux qui n'ont pas peur de se démarquer.  "
15085643792763,T-shirts,"Produitenligne, reduc50, saleSS24, SS24, t-shirts-va25, ventearchive25, ventearchives25old, yellowSS24, DDMXTB0625, FLUXSS24","[https://cdn.shopify.com/s/files/1/0002/7600/4882/files/DDM-SS24-Close-Up-169.jpg?v=1748425412,https://cdn.shopify.com/s/files/1/0002/7600/4882/files/D-TS187-CO002-OC_1_1.webp?v=1748425413]",DROLE DE MONSIEUR,0,0.0," 
 
 
 Braided logo. This ochre 100% cotton interlock t-shirt with a ribbed neckline features a 'Drôle' embroidery on the front. 
 
 
 
    
  • 'Drôle' embroidery at front • Ribbed neckline • Interlock fabric • 100% cotton – 240 GSM  Made in Portugal Ref: D-TS187-CO002-OC  "
15237407768955,A definir,"L’Édition Prêt-À-Porter, no-search, BEACHWEAR, EDITIONPRETAPORTERPAPSTOCK, EDITIONPRETAPORTERPAPSTOCKONE",[https://cdn.shopify.com/s/files/1/0002/7600/4882/files/beliz59905-pck20240405-1.jpg?v=1758035851],L’EDITION PRET-A-PORTER,0,0.0," Haut de maillot de bain en lurex noir pailleté, coupe bandeau. Bande en silicone pour assurer le maintien sur la poitrine. Fermeture dans le dos. "
14877807116667,Sweat-shirt,"STOCKLYQUIKSILVER0125V3, STOCKLYQUIKSILVER1224, STOCKLYQUIKSILVERV3, Sweat-shirt, quiksilver, STOCKLYQSRX0125, STOCKLYQUIKSILVER0125, STOCKLYQUIKSILVER0125V2",[https://cdn.shopify.com/s/files/1/0002/7600/4882/files/quiksilver_7Caqyft03329-yjg0_Image_1_C2.jpg?v=1735304553],QUIKSILVER,0,0.0, Quiksilver Salt Water Hood (Yjg0) Sweat-Shirt & Sweat à Capuche 
15207225721211,Sweatshirt,"nike, no-search, Sweatshirt",[https://cdn.shopify.com/s/files/1/0002/7600/4882/files/nike_7Cdn1317-410_Image_1_C2.jpg?v=1755096728],NIKE,0,0.0," Le sweatshirt Nike PSG est conçu pour les fans du Paris Saint-Germain, offrant un confort optimal et un style sportif. Fabriqué avec des matériaux de haute qualité, il présente le logo emblématique du club sur la poitrine. Ce vêtement est idéal pour afficher votre soutien à l'équipe tout en restant à l'aise lors de vos activités quotidiennes. Sa coupe moderne et ses finitions soignées en font un choix parfait pour les amateurs de football et de mode. "
15020482068859,T Shirt,"Nike, no-search, T-shirt","[https://cdn.shopify.com/s/files/1/0002/7600/4882/files/nike_7Ccz0881-100_Image_1_C2.jpg?v=1743743134,https://cdn.shopify.com/s/files/1/0002/7600/4882/files/nike_7Ccz0881-100_Image_2_C2.jpg?v=1743743137]",NIKE,0,0.0, Le T-shirt Team Club est un vêtement léger indispensable pour l'entraînement et la compétition. Il est fabriqué en coton respirant pour vous garder au frais lorsque la température monte. 
15207197901179,T Shirt,"<20€, nike, T Shirt","[https://cdn.shopify.com/s/files/1/0002/7600/4882/files/nike_7Cbv6708-702_Image_1_C2.jpg?v=1755096608,https://cdn.shopify.com/s/files/1/0002/7600/4882/files/nike_7Cbv6708-702_Image_2_C2.jpg?v=1755096614]",NIKE,0,0.0," Le T-shirt Nike Park VII pour hommes, possède les caractéristiques suivantes: Le T-shirt Nike Park VII, est un T-shirt de sport à manches courtes qui convient pour la pratique de différents sports. Durabilité: Ce produit est fabriqué à partir de polyester recyclé. Spécifications: Modèle: Coupe régulière Contrôle de température: La technologie Dri-FIT vous garde au sec et vous assure un confort optimal. Inserts en mesh pour la ventilation Couleur: Vert fluo Matière: 100% polyester "
15123474383227,Chemise,">100€, Chemise, Patagonia, STOCKLYPATAGONIA0625",[],PATAGONIA,0,0.0," Chemise à manches courtes légère et ultraconfortable fabriquée dans une matière facile d’entretien en coton biologique et polyester recyclé. Modèle confectionné dans un atelier Fair Trade Certified™.
SPÉCIFICATIONS ET CARACTÉRISTIQUES
* MATIÈRE EN COTON BIOLOGIQUE ET POLYESTER RECYCLÉ Toile unie légère et respirante 60% coton biologique et 40% polyester recyclé, confortable et facile d’entretien
* STYLE CLASSIQUE Style classique et épuré avec patte de boutonnage frontale, parfait en toute occasion
* POCHE POITRINE Poche poitrine, côté gauche, pouvant accueillir des lunettes de soleil
* BAS DE VÊTEMENT EN ARRONDI Bas en arrondi qui maintient la chemise en place
* NOUS SOUTENONS LES OUVRIERS QUI FABRIQUENT CET ARTICLE Ce modèle est fabriqué dans un atelier Fair Trade Certified™, ce qui signifie que les ouvriers qui l’ont confectionné ont reçu une prime pour leur travail
* PAYS D’ORIGINE Fabriqué au Viêtnam.
* POIDS 159 g "
15303921992059,Maillot,"Calvin Klein, Maillot, STOCKLYCALVINKLEIN1125",[],CALVIN KLEIN,0,0.0," Maillot Medium Drawstring pour homme, couleur jaune, conçu en polyester. Parfait pour un usage lifestyle, ce maillot allie confort et style pour la saison Printemps / Été. "
6564714250336,Robes Et Jupes,,"[https://cdn.shopify.com/s/files/1/0002/7600/4882/products/robe-chemise-mali-nuit-robes-et-jupes-stella-forest-509120.jpg?v=1626365725,https://cdn.shopify.com/s/files/1/0002/7600/4882/products/robe-chemise-mali-nuit-robes-et-jupes-stella-forest-726406.jpg?v=1626359771,https://cdn.shopify.com/s/files/1/0002/7600/4882/products/robe-chemise-mali-nuit-robes-et-jupes-stella-forest-624021.jpg?v=1626359785]",STELLA FOREST,0,108.33333333333334," Robe chemise imprimée en viscose, resserrée à la taille par un lien intégré à nouer. Longueur totale (pour un 38) : 120 cm.    Coupe ajustée. Prendre sa taille habituelle    Composition :  100% Viscose   Entretien :   Lavage à la main "
6633860202592,Chanel,"Chanel, Collection : Vintega, dropshipping, robvintega, target2sell:2022-11-09 07:45:00, Type : Chanel, Vintega","[https://cdn.shopify.com/s/files/1/0002/7600/4882/products/chanel-sac-vintage-en-cuir-noir-389968.jpg?v=1667921687,https://cdn.shopify.com/s/files/1/0002/7600/4882/products/chanel-sac-vintage-en-cuir-noir-560510.jpg?v=1667921687,https://cdn.shopify.com/s/files/1/0002/7600/4882/products/chanel-sac-vintage-en-cuir-noir-463857.jpg?v=1667921687,https://cdn.shopify.com/s/files/1/0002/7600/4882/products/chanel-sac-vintage-en-cuir-noir-992202.jpg?v=1667921687,https://cdn.shopify.com/s/files/1/0002/7600/4882/products/chanel-sac-vintage-en-cuir-noir-611419.jpg?v=1667921687,https://cdn.shopify.com/s/files/1/0002/7600/4882/products/chanel-sac-vintage-en-cuir-noir-622342.jpg?v=1667921687,https://cdn.shopify.com/s/files/1/0002/7600/4882/products/chanel-sac-vintage-en-cuir-noir-121481.jpg?v=1667921686,https://cdn.shopify.com/s/files/1/0002/7600/4882/products/chanel-sac-vintage-en-cuir-noir-383376.jpg?v=1667921686,https://cdn.shopify.com/s/files/1/0002/7600/4882/products/chanel-sac-vintage-en-cuir-noir-635560.jpg?v=1667921687,https://cdn.shopify.com/s/files/1/0002/7600/4882/products/chanel-sac-vintage-en-cuir-noir-374945.jpg?v=1667921687,https://cdn.shopify.com/s/files/1/0002/7600/4882/products/chanel-sac-vintage-en-cuir-noir-158754.jpg?v=1667921687,https://cdn.shopify.com/s/files/1/0002/7600/4882/products/chanel-sac-vintage-en-cuir-noir-343466.jpg?v=1667921687,https://cdn.shopify.com/s/files/1/0002/7600/4882/products/chanel-sac-vintage-en-cuir-noir-616651.jpg?v=1667921686]",VINTEGA1,0,0.0,"    Sac Vintage en Cuir Noir. Intérieur en Cuir Bordeaux. Accastillage en métal Doré. En Très Bonne Condition : Sac restauré par un professionnel, Cuir Marqué, Intérieur légèrement abimé Code série : 391326    Dimensions    Largeur: 21cm , Hauteur: 14cm , Profondeur: 6cm , Bandoulière: 100cm     Accessoires    Aucun    SKU    BR675-207-59   * Les frais de livraison sont de 18€ TTC pour la France Métropolitaine / Andorre / Monaco et de 30€ TTC pour l’étranger afin de garantir un suivi, une assurance et une livraison express.    Les commandes seront expédiées sous 24h et livrées sous 5 jours ouvrés à partir de la date de la commande.  
    ** En raison de la typologie de produit, la livraison offerte à partir de 200€ n’est pas disponible.    *** Le paiement en 4 fois avec Alma n’est pas disponible sur cette vente.    **** Les frais de retour pour cette vente sont de 18€TTC.    "
6542509768800,Homme,"Homme, L, Le Mont St Michel, M, XL","[https://cdn.shopify.com/s/files/1/0002/7600/4882/products/tee-shirt-vintage-ofrena-homme-tee-shirt-le-mont-st-michel-606972.jpg?v=1617099398,https://cdn.shopify.com/s/files/1/0002/7600/4882/products/tee-shirt-vintage-ofrena-homme-tee-shirt-le-mont-st-michel-851808.jpg?v=1617101697,https://cdn.shopify.com/s/files/1/0002/7600/4882/products/tee-shirt-vintage-ofrena-homme-tee-shirt-le-mont-st-michel-784772.jpg?v=1617099924]",LE MONT ST MICHEL,0,220.00000000000003," Marinière tricotée en Bretagne avec un coton brut traditionnel français Encolure ronde Manches montées Broderie du Mont St Michel sur la manche et label cousu sur le bord en bas du vêtement   Laurent mesure 1,83m et porte du M.    Composition :  100% coton  Lavage en machine à 30° "
6620649619552,Body Et Combinaisons,"12M, 18M, 1M, 24M, 36M, 3M, 6M, 9230335, Body Et Combinaisons, BOHEME0923, Collection : Studio Bohème Paris, dropshipping, Enfant, INACTIF, Studio Bohème Paris, Type : Body Et Combinaisons","[https://cdn.shopify.com/s/files/1/0002/7600/4882/products/combimcleobanane.jpg?v=1659081514,https://cdn.shopify.com/s/files/1/0002/7600/4882/products/loismoreno-13.jpg?v=1659081514,https://cdn.shopify.com/s/files/1/0002/7600/4882/products/combinaisonLeoecrubanana1.jpg?v=1659081514,https://cdn.shopify.com/s/files/1/0002/7600/4882/products/combinaisonLeoecrubanana2.jpg?v=1659081514,https://cdn.shopify.com/s/files/1/0002/7600/4882/products/loismoreno-12.jpg?v=1659081514]",STUDIO BOHEME PARIS,0,245.0," Combinaison manches courtes et jambes longues en coton biologique très douce et confortable. Idéale dès la naissance, cette combinaison s'ouvre entièrement pour faciliter l'habillage des plus petits. Se porte en tenue de jour mais aussi en pyjama. Mixte, avec des détails bords francs à l'encolure.  Boutons pression à l'entrejambe et sur le devant. 
 
  Conseils taille: prendre une taille de plus que l'âge de votre bébé.   Par exemple du 6M pour un bébé de plus de 3 mois.    Composition: 100% coton pima biologique certifié GOTS.   Fabriquée au Portugal.  "
6628116529248,Cardigans,"Cardigans, Collection : Les Tricots de Léa, dropshipping, Les Tricots De Léa, T0, T1, target2sell:2022-09-28 07:45:00, tricotlog, Type :  Cardigans",[https://cdn.shopify.com/s/files/1/0002/7600/4882/products/21698_NOIR_A.jpg?v=1664272593],LES TRICOTS DE LEA,0,402.5,"  Gilet boutonné col V à volume oversize   Notre gilet boutonné col V en 100% Cachemire GG12. Cette création présente un volume oversize et des manches longues en côtes. Il peut se porter comme un gilet ou comme un pull avec les boutons au dos. Nous vous conseillons de le prendre votre taille habituelle pour un porter loose Il a été crée à Paris, son fils vient de Mongolie Intérieure et il a été tricoté au Cambodge avec le plus grand soin.   Nos mannequins mesurent entre 1m73 et 1m78 et portent une taille T0.    Composition :  100% Cachemire   Entretien :  Lavage à la main Blanchiment interdit Nettoyage à sec autorisé Pas de séchage tambour Repassage faible max 110° "
6645247410272,Robe mi-longue,"F_Motifs, F_Robe, F_Robe mi-longue, Femme, M, Motifs, Noir, Printemps / Été, Robe, Robe mi-longue, seller_6604970590441, tby-omaj, Très bon état, Zara, 38 / M, <20€","[https://cdn.shopify.com/s/files/1/0002/7600/4882/products/robe-mi-longue-802735.jpg?v=1675255058,https://cdn.shopify.com/s/files/1/0002/7600/4882/products/robe-mi-longue-841549.jpg?v=1675255058,https://cdn.shopify.com/s/files/1/0002/7600/4882/products/robe-mi-longue-445652.jpg?v=1675255058,https://cdn.shopify.com/s/files/1/0002/7600/4882/products/robe-mi-longue-535629.jpg?v=1675255058]",ZARA,0,0.0,Robe mi-longue Zara  Couleur :  Noir  Taille :  M  État :  Très bon état 
7136795394144,Tops,"Collection : Yoox, dropshipping, Tops, Type : Tops, Yoox, YOOX0624","[https://cdn.shopify.com/s/files/1/0002/7600/4882/files/49767315WW_14_R.jpg?v=1719576796,https://cdn.shopify.com/s/files/1/0002/7600/4882/files/49767315WW_14_D.jpg?v=1719576785,https://cdn.shopify.com/s/files/1/0002/7600/4882/files/49767315WW_14_E.jpg?v=1719576791,https://cdn.shopify.com/s/files/1/0002/7600/4882/files/49767315WW_14_F.jpg?v=1719815154]",YOOX,0,20.75, Shirt Striped Organic cotton-poplin Ruffled trims Buttoned cuffs Faux pockets Button fastenings through front Side slit hemline Non-stretchy fabric Mid-weight fabric Machine wash Imported    Composition :  100% Coton Biologique 
7136726024288,Blouses,"Blouses, Collection : Yoox, dropshipping, Type : Blouses, Yoox, YOOX0624","[https://cdn.shopify.com/s/files/1/0002/7600/4882/files/38956768QM_14_R.jpg?v=1719575854,https://cdn.shopify.com/s/files/1/0002/7600/4882/files/38956768QM_14_F.jpg?v=1719809138]",YOOX,0,41.583333333333336, crepe no appliqués basic solid color short sleeves v-neck no pockets large sized   Composition :  100% Soie 
6558715084896,Femme,"Drôle De Monsieur, Femme, L, M, S, XL, XS",[https://cdn.shopify.com/s/files/1/0002/7600/4882/products/hoodie-cropped-bordeaux-femme-femme-drole-de-monsieur-824800.jpg?v=1624130645],DROLE DE MONSIEUR,0,382.5,"   Hoodie  Cropped - Bordeaux - Femme 
 Inscription : ""Not From Paris Madame"". 
  Composition :  100% Coton "
6581962473568,Robes Et Jupes,"Collection : Ba&sh, dispeo, eligibility, T0, T1, T2, T3, Type : Robes Et Jupes","[https://cdn.shopify.com/s/files/1/0002/7600/4882/products/robe-janeiro-noir-femme-robes-et-jupes-bash-705036.jpg?v=1636399960,https://cdn.shopify.com/s/files/1/0002/7600/4882/products/robe-janeiro-noir-femme-robes-et-jupes-bash-235644.jpg?v=1636410650,https://cdn.shopify.com/s/files/1/0002/7600/4882/products/robe-janeiro-noir-femme-robes-et-jupes-bash-220082.jpg?v=1636395019,https://cdn.shopify.com/s/files/1/0002/7600/4882/products/robe-janeiro-noir-femme-robes-et-jupes-bash-714079.jpg?v=1636392838]",BA&SH,0,375.0,  Composition :  Tissu Principal : 15% Polyester 85% Acetate 
6678200352864,Chemises Et Tops,"dropshipping, GUILLEMETTE0923, INACTIF, L, M, Maison Guillemette, S, Type : Chemises Et Tops, XL, XS, 9230788, Chemises Et Tops, Collection : Maison Guillemette","[https://cdn.shopify.com/s/files/1/0002/7600/4882/files/19894_748ef35e-bc2e-4005-9068-c20c1febaff2.jpg?v=1741879981,https://cdn.shopify.com/s/files/1/0002/7600/4882/files/19893_188acda9-db48-443b-a6d4-d89a63a9c6d0.jpg?v=1741879981,https://cdn.shopify.com/s/files/1/0002/7600/4882/files/19890_36362386-dbec-4158-856d-b34af5eeff0a.jpg?v=1741879981,https://cdn.shopify.com/s/files/1/0002/7600/4882/files/19892_b738b11e-b89d-4702-8dc6-9aab1cde39f7.jpg?v=1741879981]",MAISON GUILLEMETTE,0,445.00000000000006," Top avec manches bouffantes en jacquard italien.   Carla, notre mannequin brune, fait un tour de taille de 73 cm, un tour de poitrine de 87 cm et un tour de hanches (là où nous sommes le plus large) de 97 cm. Elle mesure 1,75m et porte la taille S.    Composition :  Composition : 94% polyester, 5% polyamide et 1% élasthanne.   Entretien :  Lavage à la main, repassage doux autorisé, ne pas mettre au sèche-linge. "
6578631966816,Accessoires,"Accessoires, AVNIER, avniertaille, eligibility, TU","[https://cdn.shopify.com/s/files/1/0002/7600/4882/products/echarpe-avnier-x-saint-james-cullyham-orange-fluo-accessoires-avnier-276338.jpg?v=1634722768,https://cdn.shopify.com/s/files/1/0002/7600/4882/products/echarpe-avnier-x-saint-james-cullyham-orange-fluo-accessoires-avnier-630993.jpg?v=1634722674,https://cdn.shopify.com/s/files/1/0002/7600/4882/products/echarpe-avnier-x-saint-james-cullyham-orange-fluo-accessoires-avnier-556211.jpg?v=1634669558,https://cdn.shopify.com/s/files/1/0002/7600/4882/products/echarpe-avnier-x-saint-james-cullyham-orange-fluo-accessoires-avnier-223123.jpg?v=1634671773]",AVNIER,0,18.333333333333336,"  Caractéristiques :   Echarpe de marin réversible orange fluo et noire - 100% laine - Maille jacquard - Fabriqué à Saint James en Franc. 
  Composition:   100% laine Woolmark 
  Conseils d'entretien :  Lavez le vêtement à l’envers pour protéger le tissu de l’action de la machine.  Lavez le vêtement en machine à 30° ou à froid afin de conserver l’éclat des couleurs dans le temps et éviter un rétrécissement. Séchez le vêtement à l’air libre pour que la solidité du tissu dure davantage et éviter un rétrécissement. "
6605983187040,Baskets,"36, 36.5, 37.5, 38, 38.5, 39, 40, Baskets, Collection : Nike, dropshipping, Enfant, INACTIF, Nike, recherche1:Chaussures, recherche2:Baskets, Type : Baskets","[https://cdn.shopify.com/s/files/1/0002/7600/4882/products/baskets-nike-air-max-90-ltr-gs-blanc-enfant-399305.jpg?v=1673078232,https://cdn.shopify.com/s/files/1/0002/7600/4882/products/baskets-nike-air-max-90-ltr-gs-blanc-enfant-884104.jpg?v=1673078232,https://cdn.shopify.com/s/files/1/0002/7600/4882/products/baskets-nike-air-max-90-ltr-gs-blanc-enfant-152676.jpg?v=1673078232,https://cdn.shopify.com/s/files/1/0002/7600/4882/products/baskets-nike-air-max-90-ltr-gs-blanc-enfant-375014.jpg?v=1673078232]",NIKE,0,0.0, Basket Junior Nike AIR MAX 90 LTR GS  - Réf. DH2605-100. Couleur : Blanc Noir.     Détails .  - Empeigne en cuir et synthétique.  - Semelle intermédiaire en PU sur toute la longueur pour un amorti en toute légèreté.  - Semelle extérieure en caoutchouc avec motif gaufré. 
6599035453536,Néon LED à forme,"dropshipping, Néon LED à forme, Yellow Pop","[https://cdn.shopify.com/s/files/1/0002/7600/4882/products/pizza-signe-en-neon-led-neon-sign-yellowpop-988691.jpg?v=1646835443,https://cdn.shopify.com/s/files/1/0002/7600/4882/products/pizza-signe-en-neon-led-neon-sign-yellowpop-704936.jpg?v=1646835443,https://cdn.shopify.com/s/files/1/0002/7600/4882/products/pizza-signe-en-neon-led-neon-sign-yellowpop-182984.jpg?v=1646835443]",YELLOW POP,0,423.33333333333337,"  
  La livraison est de 2 à 4 semaines à compter de la commande.   
 
  Prenez une tranche bien chaude et dégustez-la à la lumière d'un néon en forme de pizza. Avec de savoureuses gouttes de fromage fondant, ce morceau va au-delà des attentes   les plus folles  . Accrochez-le chez vous pour immortaliser votre plat préféré ou placez-le dans la vitrine d'une pizzeria pour attirer la foule en fin de soirée.  
  Couleur    présentées :  Rouge, Jaune et Orange  
  Conçu pour briller  
 
  Néon en forme de pizza  
  Tube néon super résistant  
  Support creux coupé à la forme et transparent  
 
   
  
 
 
    
 
 "
6585124421728,Housses Et Trousses,"Default Title, dispeo, eligibility, Housses Et Trousses, HVISK","[https://cdn.shopify.com/s/files/1/0002/7600/4882/products/petite-trousse-a-maquillage-aver-paisley-victoria-blue-accessoires-hvisk-498009.jpg?v=1638551885,https://cdn.shopify.com/s/files/1/0002/7600/4882/products/petite-trousse-a-maquillage-aver-paisley-victoria-blue-accessoires-hvisk-245847.jpg?v=1638552097,https://cdn.shopify.com/s/files/1/0002/7600/4882/products/petite-trousse-a-maquillage-aver-paisley-victoria-blue-accessoires-hvisk-565392.jpg?v=1638551134]",HVISK,0,0.0," Sac à cosmétiques fabriqué à partir de matériaux recyclés. Le sac a un motif matelassé et une fermeture à glissière. Le sac contient un compartiment et une poche intérieure. 
  Composition :  50% Polyamide recyclé 50% Polyester recyclé 
  Dimensions :  H12 cm x L18 cm x P10 cm "
6638991245408,Sweats,"5230469, Collection : Newtone, dropshipping, INACTIF, Newtone, Newtone0523, recherche1:PrÃªt-Ã -porter, recherche2:Sweatshirt, SRPFINALRETOUR0923, Sweats, T0, T1, T2, Type : Sweats",[https://cdn.shopify.com/s/files/1/0002/7600/4882/products/sweatshirt-roller-denim-joy-fw20-fw20-394593.jpg?v=1670601211],NEWTONE,0,266.66666666666669,"Sweatshirt roller 80% coton 20% polyester,  450gr.  
  
  Sweat doux lavé 
  Manches longues 
  Deux badges coté coeur 
  Print paillette 
    La marque se réserve le droit de modifier les badges en fonction des stocks disponibles.  "
6625465991264,Culottes,"<20€, A L'Unite, Collection : Smoon, Culottes, dropshipping, Flux Abondant, L, M, S, Smoon, target2sell:2022-09-08 07:45:00, Type : Culottes, XL, XS, XXL","[https://cdn.shopify.com/s/files/1/0002/7600/4882/products/culotte-coton-verte.jpg?v=1662481471,https://cdn.shopify.com/s/files/1/0002/7600/4882/products/packshot-artemis-coton.webp?v=1662558979]",SMOON1,0,483.16763934040966,"  En raison de la typologie de produit, les retours ne sont pas acceptés.   Découvrez la première culotte menstruelle en  coton biologique  ET  sans couture . Composée de coton bio, la culotte menstruelle Artémis pour  flux abondant  intègre notre technologie sans couture pour rester imperceptible sous les vêtements et  ultra performante . Capable d'absorber l'équivalent de  4 tampons , cette culotte  ultra confortable  offre une efficacité sans faille de jour comme de nuit.     ASTUCE : la culotte en coton pour flux abondant est facilement reconnaissable avec son élastique rouge !  
     Matières françaises et italiennes.   Matière principale :   80% polyamide, 20% elasthanne   Fond :   51% hydrophilamide, 42% polyamide, 7% elasthanne   Absorbant :   100% polyester   Membrane :   86% polyester, 14% polyuréthane   "
6760501313632,Vestes,"Vestes, XL, dropshipping, L, M, recherche1:Prêt-À-Porter, recherche2:Vestes, S, Stockly, The North Face, Type : Vestes","[https://cdn.shopify.com/s/files/1/0002/7600/4882/files/nf0a824s5261_Image_3_C2_552a4b5a-95fd-4133-a0e2-bb906883d811.jpg?v=1704459485,https://cdn.shopify.com/s/files/1/0002/7600/4882/files/nf0a824s5261_Image_1_C2_b1775f71-5161-45e5-b5cb-2e6e6738a9b4.jpg?v=1704459485]",THE NORTH FACE,0,0.0," La veste zippée Mountain Athletics vous accompagne partout durant vos entraînements. Sa matière offre une chaleur instantanée, et il est idéal porté sur un T-shirt pour vous tenir chaud lors de vos séances.   Composition :  100 % Polyester "
6904481185888,Sacs À Main,"resizebrand14, Sacs À Main, The Brand Collector, THEBRANDCOLLECTOR0324, Type : Sacs À Main, 3240904, Collection : The Brand Collector, dropshipping, recherche1:Accessoires, recherche2:Sacs","[https://cdn.shopify.com/s/files/1/0002/7600/4882/files/1JRfYk61F4xs0vgEBLzBO_efJYg3J5gC__1709166560.jpg?v=1711452195,https://cdn.shopify.com/s/files/1/0002/7600/4882/files/1I8OS_6zKj5zIYElvOooVl7-JsMpfkPyV_1709166592.jpg?v=1711452195,https://cdn.shopify.com/s/files/1/0002/7600/4882/files/1ZpG9CL3PZ5vaHy7_zCVIwj8O-2fCvIZA_1709166548.jpg?v=1711452195,https://cdn.shopify.com/s/files/1/0002/7600/4882/files/1R0P-wA5ODtEqG7t8N4p3Em8mhHBoBkSR_1709166598.jpg?v=1711452195,https://cdn.shopify.com/s/files/1/0002/7600/4882/files/1qi4jnUG8cFstZxabpQ4E_kjix5UInF82_1709166558.jpg?v=1711452195,https://cdn.shopify.com/s/files/1/0002/7600/4882/files/1-sWVkatBnjJ2OdYFvVie4XJEDVQvq7Ly_1709166606.jpg?v=1711452195,https://cdn.shopify.com/s/files/1/0002/7600/4882/files/1IUNuZ5FqEUFP9tKs0knfwOxxUDmZDlQC_1709166609.jpg?v=1711452195,https://cdn.shopify.com/s/files/1/0002/7600/4882/files/1WW43g4k5-ndr63X_U5XPRvFKBKxYEtCB_1709166553.jpg?v=1711452195,https://cdn.shopify.com/s/files/1/0002/7600/4882/files/1FXQ4qcXShR95fxtyNrX1zPw-Gx_7ud7V_1709166600.jpg?v=1711452195,https://cdn.shopify.com/s/files/1/0002/7600/4882/files/19pxnnWx9pKRQKYOOH0V7rrLUIAuNRLRm_1709166555.jpg?v=1711452195,https://cdn.shopify.com/s/files/1/0002/7600/4882/files/1EVij8ZMfyRb0FMPfC3qO7ebT_eEJDD8w_1709166599.jpg?v=1711452195,https://cdn.shopify.com/s/files/1/0002/7600/4882/files/1FkMM2kG0XgOVuaHBvFpJMr1OFtkr1W2U_1709166550.jpg?v=1711452195,https://cdn.shopify.com/s/files/1/0002/7600/4882/files/1udGFG4H0OWuhrn3wzEXbIq9kQJZSVSNs_1709166594.jpg?v=1711452195,https://cdn.shopify.com/s/files/1/0002/7600/4882/files/11Xl7IRUFh6P6_ddcJbEsD6mEsolKbnhN_1709166602.jpg?v=1711452195,https://cdn.shopify.com/s/files/1/0002/7600/4882/files/1t6GAsZMy1dB-RhQNnLOZerDbFv2G1X8G_1709166590.jpg?v=1711452195,https://cdn.shopify.com/s/files/1/0002/7600/4882/files/1NGJYHeQJ38Umjj3hPQq5OyuB-TgCRXqh_1709166593.jpg?v=1711452195,https://cdn.shopify.com/s/files/1/0002/7600/4882/files/163TBxJHXHh0mAdmPB_qc_KgUmworpBzT_1709166561.jpg?v=1711452195,https://cdn.shopify.com/s/files/1/0002/7600/4882/files/1rqAfDJPAO0HScx0xoJ5FEeBIcGet5S5q_1709166596.jpg?v=1711452195,https://cdn.shopify.com/s/files/1/0002/7600/4882/files/1GcE-TOD-cbtTuqEVLD7nFYa4uEf0CfX8_1709166563.jpg?v=1711452195,https://cdn.shopify.com/s/files/1/0002/7600/4882/files/1-arJnbbGpHh_jakB7UNSjZHw49ahmdne_1709166557.jpg?v=1711452195,https://cdn.shopify.com/s/files/1/0002/7600/4882/files/12KhnK1Cm_wtTu39_jQSI8IROvW00xA7o_1709166604.jpg?v=1711452195,https://cdn.shopify.com/s/files/1/0002/7600/4882/files/19VCDr6VD4rxlfuSpy--ZsWRoi1NnM6bj_1709166607.jpg?v=1711452195,https://cdn.shopify.com/s/files/1/0002/7600/4882/files/19cjGddmDNx3WWU9EGJNBYNouLLj9-i90_1709166551.jpg?v=1711699627]",THE BRAND COLLECTOR,0,0.0," 
  

   
 Brand:  Gucci 

   
 Model:  Bamboo 
   
 Color:  Black 

   
 Material:  Canvas 

   
 Dimensions:  W27cm x H25cm x D11cm 

  
   
 Serial number:  000 0509 002122 
   
   
 Inclusions:  Shoulder Strap 
   
   
 Country of origin:  Italy 
  

   

  

   

  
   
     Condition:  AB - good condition. 
     
    If you're in search of a bag that is both practical and elegant, then this GUCCI bamboo bag will be perfect for you! It has the ability to charm fashion enthusiasts, whether they are women, with its captivating beauty. The exterior surface of the item exhibits a slight loss of shape and rubbing, especially on the shoulder strap and handle, where there is also slight rubbing. Minor scratches are present on the metal fittings. The interior shows signs of rubbing, particularly in the pockets and corners. Additionally, there is a keeping/storage smell present in the item. We recommend that you look at all the photos before purchasing to ensure that you are satisfied with the condition of the item. 
   
  

   

  
   
     Delivery: 
    
   
   
   
   
 TBC reference (SKU):  1709166120749579 
   
   
    An authenticity certificate delivered by The Brand Collector is coming with
    this item
   
  
 "
6606831452256,Tops,"7230123, <20€, Collection : Mango, dispeo, INACTIF, L, M, Mango, Mango0723, recherche1:Prêt-à-porter, recherche2:Tops, S, Tops, Type : Tops, XS","[https://cdn.shopify.com/s/files/1/0002/7600/4882/products/top-laset-vert-pastel-femme-top-mango-205960.jpg?v=1651638059,https://cdn.shopify.com/s/files/1/0002/7600/4882/products/top-laset-vert-pastel-femme-top-mango-509607.jpg?v=1651728379,https://cdn.shopify.com/s/files/1/0002/7600/4882/products/top-laset-vert-pastel-femme-top-mango-155532.jpg?v=1651730157,https://cdn.shopify.com/s/files/1/0002/7600/4882/products/top-laset-vert-pastel-femme-top-mango-733570.jpg?v=1651746399,https://cdn.shopify.com/s/files/1/0002/7600/4882/products/top-laset-vert-pastel-femme-top-mango-874027.jpg?v=1651602932,https://cdn.shopify.com/s/files/1/0002/7600/4882/products/top-laset-vert-pastel-femme-top-mango-197810.jpg?v=1651738947,https://cdn.shopify.com/s/files/1/0002/7600/4882/products/top-laset-vert-pastel-femme-top-mango-441203.jpg?v=1651730623,https://cdn.shopify.com/s/files/1/0002/7600/4882/products/top-laset-vert-pastel-femme-top-mango-124061.jpg?v=1651636991,https://cdn.shopify.com/s/files/1/0002/7600/4882/products/top-laset-vert-pastel-femme-top-mango-795880.jpg?v=1651724743,https://cdn.shopify.com/s/files/1/0002/7600/4882/products/top-laset-vert-pastel-femme-top-mango-278179.jpg?v=1651633323]",MANGOWOMAN1,0,191.66666666666669," Crop top coton noeuds.   Caractéristiques :  Col rond. Style crop. Sans manches. Bretelles larges. Collection Committed. Fermeture à noeuds réglables. 100 % coton   Composition :  :100% coton    Entretien :  laver en machine max. 30°c, ne pas utiliser d'eau de javel, repasser max.110°c, nettoyage à sec perchloroethylene, pas de séchage en machine   * Les prix boutique affichés sont ceux appliqués sur le marché français.  "
6607920922720,T-Shirts Et Chemises,"6230231, Collection : The Kooples, dispeo, Homme, INACTIF, L, M, recherche1:Prêt-à-porter, recherche2:T-Shirts, S, T-Shirts Et Chemises, The Kooples, thekooples0623, Type : T-Shirts Et Chemises, XS","[https://cdn.shopify.com/s/files/1/0002/7600/4882/products/tshirt-noir-homme-chemises-et-tops-the-kooples-888700.jpg?v=1652212492,https://cdn.shopify.com/s/files/1/0002/7600/4882/products/tshirt-noir-homme-chemises-et-tops-the-kooples-178894.jpg?v=1652240880,https://cdn.shopify.com/s/files/1/0002/7600/4882/products/tshirt-noir-homme-chemises-et-tops-the-kooples-289038.jpg?v=1652207852,https://cdn.shopify.com/s/files/1/0002/7600/4882/products/tshirt-noir-homme-chemises-et-tops-the-kooples-311485.jpg?v=1652224953,https://cdn.shopify.com/s/files/1/0002/7600/4882/products/tshirt-noir-homme-chemises-et-tops-the-kooples-739229.jpg?v=1652241859]",THE KOOPLES,0,104.0,"    Composition :  Exterieur:100% Coton    Entretien :  Lavage machine 30° AMR
 Pas de blanchiment 
 Séchage tambour interdit
 Repassage 110°max
 Nett, à sec ts solv norm,    Fabrication :  CHN   Saison :  W20 "
6662583713888,Bas,"36, 5230268, Bas, Collection : Laurence Bras, dropshipping, INACTIF, Laurencebras0623, SRPFINALRETOUR0923, Type : Bas","[https://cdn.shopify.com/s/files/1/0002/7600/4882/files/840-002TS008-005PA109-053.jpg?v=1685695694,https://cdn.shopify.com/s/files/1/0002/7600/4882/files/840-002TS008-005PA109-011.jpg?v=1685695694,https://cdn.shopify.com/s/files/1/0002/7600/4882/files/840-002TS008-005PA109-046.jpg?v=1685695694,https://cdn.shopify.com/s/files/1/0002/7600/4882/files/840-002TS008-005PA109-037.jpg?v=1685695694]",LAURENCE BRAS,0,129.16666666666669," Pantalon droit, taille haute, ceinture élastique, clous argentés au niveau de la cheville et de la poche, poches latérales plaquées   Composition :  100% Coton "
6670972813408,Tapis,"nonretournable, recherche1:Maison, recherche2:Décoration, Tapis, Type : Tapis, 1240749, Collection : Les Tapis Sauvages, couleur:Ecru à motifs bleu majorelle, dropshipping, Les Tapis Sauvages, LESTAPISSAUVAGES0124, Moyen, Moyentapis","[https://cdn.shopify.com/s/files/1/0002/7600/4882/files/3153_02.jpg?v=1690539914,https://cdn.shopify.com/s/files/1/0002/7600/4882/files/3153_04.jpg?v=1690539914,https://cdn.shopify.com/s/files/1/0002/7600/4882/files/3153_06.jpg?v=1690539913,https://cdn.shopify.com/s/files/1/0002/7600/4882/files/3153_01.jpg?v=1690539913,https://cdn.shopify.com/s/files/1/0002/7600/4882/files/3153_07.jpg?v=1690539913,https://cdn.shopify.com/s/files/1/0002/7600/4882/files/3153_03.jpg?v=1690539914,https://cdn.shopify.com/s/files/1/0002/7600/4882/files/3153_05.jpg?v=1690539913]",LES TAPIS SAUVAGES,0,365.83333333333337,"  Tapis Berbère - Beni Ouarain   
  Dimensions :  2,50X1,63M 
  Couleur :  Ecru À Motifs Bleu Majorelle 
  
 Les tapis berbères marocains reflètent l'excellence de l'artisanat marocain, tissés sur des métiers traditionnels en bois dans les régions montagneuses du Maroc (Haut-Atlas ou Moyen Atlas selon les typologies de tapis), par des femmes berbères chez elles ou regroupées en coopératives dans des villages montagneux reculés.
Tous les tapis berbères sont fabriqués à partir de laine de mouton et tissés en noeuds. Il faut compter entre 4 et 8 semaines de fabrication pour un tapis berbère, cela dépend de la taille et de la complexité des motifs.
Les tapis berbères Azilal sont fabriqués dans la région de la ville du même nom dans le haut-Atlas. Traditionnellement ornés de motifs multiples monochrome, ils se caractérisent aujourd’hui par une multitude de motifs ultra colorés, parfois fluos sur fond écru. Les tapis Azilal ont un tissage moins dense que les Beni Ouarain par exemple et peuvent être tissés parfois avec un fil de trame en coton, qui se retrouve notamment dans les franges. Ce sont des tapis un peu moins épais et plus souples que les traditionnels Beni Ouarain.
En choisissant un tapis berbère Azilal pour votre intérieur, vous contribuez à la pérennisation de savoirs faire traditionnels ancestraux.
Fabriqués à partir de matériaux naturels, ce sont des objets durables, adopter un tapis berbère c'est le garder durant des années ! 
  Composition :  100% laine 
  Entretien :  Pour l'entretien courant de vos tapis, nous vous recommandons le passage de votre aspirateur sans la brosse du balai (uniquement aspiration), la brosse risquant de ratisser le tapis et d'emmener au fur et à mesure des passages de la laine. En cas de tâche, nous vous conseillons de sécher la tâche au maximum et au plus vite avec du papier absorbant pour enlever l'excédent sur le dessus et le dessous du tapis. Nous vous conseillons de mouiller dès que possible et uniquement à l'eau froide la tâche et de la savonner avec du savon de Marseille ou de la lessive douce., faire mousser puis rincer à l'eau froide. Cette opération peut être répétée jusqu'à disparition de la tâche. "
6671599599712,Sneakers,,"[https://cdn.shopify.com/s/files/1/0002/7600/4882/files/a03537c_Image_2_C2.jpg?v=1691056990,https://cdn.shopify.com/s/files/1/0002/7600/4882/files/a03537c_Image_3_C2.jpg?v=1691056990,https://cdn.shopify.com/s/files/1/0002/7600/4882/files/a03537c_Image_1_C2.jpg?v=1691509754]",CONVERSE,0,0.0," Mise à jour inattendue d'un classique de tous les temps, la Chuck 70 Plus associe des caractéristiques emblématiques à un style futuriste. Une fusion de toile coupée et cousue s'associe à des lignes asymétriques audacieuses pour un look marquant. Les détails en caoutchouc et les patchs à la cheville attirent tous les regards sur vous, tandis que le rembourrage de qualité supérieure vous aide à rester léger sur vos pieds.   Composition :  Toile, OrthoLite "
6672168681568,Running,"Collection : New Balance, dropshipping, Femme, New Balance, Newbalance0823, recherche1:Chaussures, recherche2:Baskets, Running, Stockly, Type : Running, 36, 37, 38, 39, 40, 41, 5, 8230401","[https://cdn.shopify.com/s/files/1/0002/7600/4882/files/w520lp7_Image_2_C2.jpg?v=1691483608,https://cdn.shopify.com/s/files/1/0002/7600/4882/files/w520lp7_Image_1_C2.jpg?v=1691483608,https://cdn.shopify.com/s/files/1/0002/7600/4882/files/w520lp7_Image_3_C2.jpg?v=1691483608]",NEW BALANCE,0,0.0," Le New Balance 520v7 allie confort et performances et est prêt à tout. Avec le confort et le soutien comme priorité, la chaussure de course pour femmes est parfaite pour le running.   Composition :  Synthétique, Synthétique "
6676806074464,T-Shirts & Tops,"recherche1:Prêt-à-porter, recherche2:T-shirts, T-Shirts & Tops, Type : T-Shirts & Tops, XXS, 9230790, Collection : Petit Bateau, dropshipping, femme, INACTIF, langshop, Petit Bateau, PETITBATEAU0923","[https://cdn.shopify.com/s/files/1/0002/7600/4882/files/1807_116884_null_2_49567XX_null.jpg?v=1693821485,https://cdn.shopify.com/s/files/1/0002/7600/4882/files/1807_116884_null_1_49567XX_null.jpg?v=1693821485]",PETIT BATEAU,0,15.833333333333334," Voguant sur la mode bébés, enfants et femmes, Petit Bateau prend le large au gré de ses collections mêlant codes classiques et coloris lumineux.  T-shirt Rose clair  T-shirt à manches longues. Col rond.    Coloris  : rose clair  Matière  : 100% coton  "
6673083760736,Bas,"Type : Bas, W31 X L32, Wrangler, WRANGLER0823, 8230771, Bas, Collection : Wrangler, dropshipping, Homme, INACTIF, recherche1:Prêt-à-porter, recherche2:Jeans","[https://cdn.shopify.com/s/files/1/0002/7600/4882/files/W12193175_1.jpg?v=1692184385,https://cdn.shopify.com/s/files/1/0002/7600/4882/files/W12193175_6.jpg?v=1692184464,https://cdn.shopify.com/s/files/1/0002/7600/4882/files/W12193175_5.jpg?v=1692184416,https://cdn.shopify.com/s/files/1/0002/7600/4882/files/W12193175_4.jpg?v=1692184411,https://cdn.shopify.com/s/files/1/0002/7600/4882/files/W12193175_2.jpg?v=1692184389,https://cdn.shopify.com/s/files/1/0002/7600/4882/files/W12193175_3.jpg?v=1692184393]",WRANGLER,0,0.0,"  Composition :  98% COTON, 2% ÉLASTHANNE   Entretien :  Laver à 40 degrés, ne pas blanchir, ne pas sécher au sèche-linge, repasser "
6665107603552,Maillots de bain,"M, Maillots de bain, recherche1:Accessoires, recherche2:Maillots de bains, S, SRPFINALRETOUR0923, Type : Maillots de bain, XL, XXL, 6230447, ApnÃ©e, ApnÃ©e0623, Collection : ApnÃ©e, dropshipping, eligibility, INACTIF, L","[https://cdn.shopify.com/s/files/1/0002/7600/4882/products/POCHETTEMAILLOT_5022d0de-6730-4d13-b465-cde95c3a088d.jpg?v=1687266804,https://cdn.shopify.com/s/files/1/0002/7600/4882/products/7V5A1751.jpg?v=1687506640,https://cdn.shopify.com/s/files/1/0002/7600/4882/products/ENZOONDULATIONS-Blue_B.jpg?v=1687506640,https://cdn.shopify.com/s/files/1/0002/7600/4882/products/ENZOONDULATIONS-Blue_B__1.jpg?v=1687506640,https://cdn.shopify.com/s/files/1/0002/7600/4882/products/maillots2_1.png?v=1687506640]",APNEE,0,65.833333333333343,"   
 Éco-conçu à partir de déchets plastiques collectés dans la Mer Méditerranée et sur les plages, ce short de bain 100% recyclé, à la coupe ajustée, vous promet confort et élégance pour vos escapades estivales.   En savoir plus sur la collection éco-conçue   
   Conseil taille  :     Référez-vous au Guide des tailles.   Pour référence, Nicolas mesure 1m87 et porte du L.  
     Pochon étanche offert   "
6773596880992,Accessoires,"Type : Accessoires, 1240599, Accessoires, Collection : Labdip, dropshipping, Labdip, LABDIP0124, recherche1:Accessoires, recherche2:Sacs, TU","[https://cdn.shopify.com/s/files/1/0002/7600/4882/files/AVA-Sherpa-Noir-_PO1174_-Banane-noir-labdip-devantzoom.jpg?v=1704907598,https://cdn.shopify.com/s/files/1/0002/7600/4882/files/AVA-Sherpa-Noir-_PO1174_-Banane-noir-labdip-devant.jpg?v=1704907598]",LABDIP,0,325.5," Dans la famille moumoute sherpa, je demande la banane ! Après le succès indéniable de notre veste Barney découvrez AVA, le sac banane irrésistible, pratique et spacieuse, elle ne vous quittera plus. Disponible en 4 couleurs. "
6570811916384,Baskets,"4240001, 45 1/3, Adidas, ADIDAS0324V3, Baskets, Collection : Adidas, dropshipping, pegashoesxelyn, Type : Baskets","[https://cdn.shopify.com/s/files/1/0002/7600/4882/products/basket-adidas-originals-stan-smith-blanc-mixte-chaussure-adidas-954775.jpg?v=1630612945,https://cdn.shopify.com/s/files/1/0002/7600/4882/products/basket-adidas-originals-stan-smith-blanc-mixte-chaussure-adidas-136069.jpg?v=1630612945,https://cdn.shopify.com/s/files/1/0002/7600/4882/products/basket-adidas-originals-stan-smith-blanc-mixte-baskets-mixte-adidas-182170.jpg?v=1630617803]",ADIDAS,0,0.0, Basket adidas Originals Stan Smith. Coloris : Blanc Rose. Référence : CP9702. Rendue célèbre au début des années 70 par l'un des plus grands joueurs de tennis de tous les temps la chaussure adidas Stan Smith est devenue une icône de la mode. Composition. - Tige en cuir aérée par 3 rangées de trous et cousue directement à la semelle pour plus de solidité. - Doublure et semelle intérieure en textile et synthétique. - Semelle extérieure en caoutchouc. 
6851219816544,Colliers,"recherche1:Accessoires, recherche2:Colliers, TU, Type : Colliers, TU, Type : Colliers, Collection : Emma & Chloé, Colliers, dropshipping, Emma & Chloé, EMMAETCHLOE0924","[https://cdn.shopify.com/s/files/1/0002/7600/4882/products/LIBERTY_OR_B_AMAZONITE_1.jpg?v=1707318997,https://cdn.shopify.com/s/files/1/0002/7600/4882/products/LIBERTY_OR_A_AMAZONITE_1.jpg?v=1707318997,https://cdn.shopify.com/s/files/1/0002/7600/4882/products/LIBERTY_OR_C_AMAZONITE_1_21201171-594b-45d5-ba5a-28b40c9a9e26.jpg?v=1707750019,https://cdn.shopify.com/s/files/1/0002/7600/4882/products/LIBERTY_OR_B_NACRE_1.jpg?v=1707318997,https://cdn.shopify.com/s/files/1/0002/7600/4882/products/LIBERTY_OR_A_NACRE_1.jpg?v=1707750019]",EMMA & CHLOE,0,338.66666666666657,"  Découvrez notre collier chaîne Liberty et laissez vous séduire par son élégance. N'attendez plus pour le porter !       
 • Matériau : Acier Inoxydable • Finition : Or   18 carats  • Pierre : Nacre ou Amazonite  • Longueur : 40 cm  • Chaîne de réglage : 5 cm  • Poids : 10 g 
  "
7136507232352,Mocassins,"Collection : Yoox, dropshipping, Mocassins, Type : Mocassins, Yoox","[https://cdn.shopify.com/s/files/1/0002/7600/4882/files/11635837TI_14_R.jpg?v=1719582333,https://cdn.shopify.com/s/files/1/0002/7600/4882/files/11635837TI_14_D.jpg?v=1719582323,https://cdn.shopify.com/s/files/1/0002/7600/4882/files/11635837TI_14_E.jpg?v=1719582328,https://cdn.shopify.com/s/files/1/0002/7600/4882/files/11635837TI_14_F.jpg?v=1719840264]",YOOX,0,568.77049180327879, leather no appliqués solid color square toeline flat leather lining leather sole contains non-textile parts of animal origin   Composition :  Cuir 
7136509755488,Bottines,"Bottines, Collection : Yoox, dropshipping, Type : Bottines, Yoox","[https://cdn.shopify.com/s/files/1/0002/7600/4882/files/11677247KI_14_D.jpg?v=1719582371,https://cdn.shopify.com/s/files/1/0002/7600/4882/files/11677247KI_14_R.jpg?v=1719582381,https://cdn.shopify.com/s/files/1/0002/7600/4882/files/11677247KI_14_E.jpg?v=1719582377,https://cdn.shopify.com/s/files/1/0002/7600/4882/files/11677247KI_14_F.jpg?v=1719840529]",YOOX,0,0.0, satin leather suede effect detachable application solid color narrow toeline stiletto heel covered heel leather lining leather sole contains non-textile parts of animal origin small sized   Composition :  Cuir Fibres Textiles 
7136715931744,Pantalons,"Collection : Yoox, dropshipping, Pantalons, Type : Pantalons, Yoox","[https://cdn.shopify.com/s/files/1/0002/7600/4882/files/36612518PC_14_R.jpg?v=1719575745,https://cdn.shopify.com/s/files/1/0002/7600/4882/files/36612518PC_14_F.jpg?v=1719808334]",YOOX,0,0.0," plain weave solid color low waisted logo detail button closing multipockets straight leg   Composition :  97% Coton, 3% Élasthanne "
6568194113632,Baskets,"36.5, Baskets, Collection : Nike, dropshipping, Nike, NIKE1024, PEGASHOESNIKE0225, PEGASHOESNIKE0425, pegashoesxelyn, resize14, Type : Baskets","[https://cdn.shopify.com/s/files/1/0002/7600/4882/products/basket-nike-jordan-eclipse-junior-812871-005-noir-junior-nike-junior-nike-768074.jpg?v=1629818060,https://cdn.shopify.com/s/files/1/0002/7600/4882/products/basket-nike-jordan-eclipse-junior-812871-005-noir-junior-nike-junior-nike-788520.jpg?v=1629818060,https://cdn.shopify.com/s/files/1/0002/7600/4882/products/basket-nike-jordan-eclipse-junior-812871-005-noir-junior-nike-junior-nike-112667.jpg?v=1629818060,https://cdn.shopify.com/s/files/1/0002/7600/4882/products/basket-nike-jordan-eclipse-junior-812871-005-noir-junior-nike-junior-nike-364363.jpg?v=1629818060,https://cdn.shopify.com/s/files/1/0002/7600/4882/products/basket-nike-jordan-eclipse-junior-812871-005-noir-junior-baskets-junior-nike-776335.jpg?v=1629823730]",NIKE,0,0.0, Basket Nike Jordan Eclipse Junior. Coloris : Noir Gris Blanc Rouge. Référence : 812871-005. La basket Nike Jordan Eclipse offre un confort optimal dans un design minimaliste. Composition. - Empeigne en tissu offrant confort légèreté et aération. - Forme basse pour une totale liberté de mouvement au niveau de la cheville. - Languette néoprène pour une tenue confortable. - Doublure en mousse et semelle intérieure OrthoLite pour plus de souplesse. - Semelle intermédiaire en IU faisant office de semelle extérieure pour une résistance remarquable et un poids réduit. - Unité Air-Sole encapsulée pour un amorti en toute légèreté. - Motif de traction à chevrons pour des mouvements dans toutes les directions. 
6658013298784,Robes Et Combinaisons,"TARAJARMON0424, Type : Robes Et Combinaisons, 34, 36, 38, 40, 42, 4240277, 44, Collection : Tara Jarmon, dropshipping, Robes Et Combinaisons, Tara Jarmon","[https://cdn.shopify.com/s/files/1/0002/7600/4882/products/products_25967927_image4_original.jpg?v=1682347245,https://cdn.shopify.com/s/files/1/0002/7600/4882/products/products_25967927_image3_original.jpg?v=1682347245,https://cdn.shopify.com/s/files/1/0002/7600/4882/products/products_25967927_image2_original.jpg?v=1682347837,https://cdn.shopify.com/s/files/1/0002/7600/4882/products/products_25967927_image1_original.jpg?v=1682347837]",TARA JARMON,0,588.16666666666674," Robe droite. 
 Col en V. 
 Manches courtes. 
 2 poches. 
 Ceinture sous passants. 
 Fermeture zippée au dos.   Coloris  : bleu marine 
  Matière  : 63% polyester, 27% viscose, 7% coton et 3% élasthanne 
  Entretien  : lavage à 30°C "
7084726550624,Sneakers,"35, 36, 37, 38, 39, 39.5, 40, 40.5, 41.5, 42, 42.5, 43.5, 44, 44.5, 45, 46, 46.5, 47, 48, 49, Collection : Karhu, dropshipping, Karhu, recherche1:Chaussures, recherche2:Sneakers, resize14, Sneakers, Stockly, STOCKLYSNEAKERS0125, Type : Sneakers","[https://cdn.shopify.com/s/files/1/0002/7600/4882/files/f804167_Image_3_C1.jpg?v=1717075119,https://cdn.shopify.com/s/files/1/0002/7600/4882/files/f804167_Image_2_C1.jpg?v=1717075119,https://cdn.shopify.com/s/files/1/0002/7600/4882/files/f804167_Image_1_C1.jpg?v=1717075119]",KARHU,0,0.0," La Fusion 2.0 est un hommage au modèle original de 1996 du même nom, qui était autrefois la chaussure phare de la collection Karhu. En collaboration avec le designer original, Karhu a réinterprété la Fusion pour ramener ce design iconique dans une sneaker pour aujourd'hui - la Fusion 2.0. "
15318689087867,Tops,"XS, Pilates, Sujeción media-alta, THEBRADERYDIC25, tiktokshop, Yoga, Born Living Yoga, BORNLIVINGYOGA1225, Collection : Born Living Yoga, dropshipping, L, M, no-search, S, Tops, Type : Tops, XL","[https://cdn.shopify.com/s/files/1/0002/7600/4882/files/YUTO-TP-SLATE-ARTIC-4_17d1f273-3b7f-428a-80f9-7546d39db972.jpg?v=1765963026,https://cdn.shopify.com/s/files/1/0002/7600/4882/files/YUTO-TP-SLATE-ARTIC-5_4b9a0154-2190-4813-885b-80d48906407c.jpg?v=1765963025,https://cdn.shopify.com/s/files/1/0002/7600/4882/files/YUTO-TP-SLATE-ARTIC-2_fb950ffc-afb8-4317-bacf-03122355ab96.jpg?v=1765963025,https://cdn.shopify.com/s/files/1/0002/7600/4882/files/YUTO-TP-SLATE-ARTIC-6_4dc52949-2078-4f85-8eb5-875e0b274306.jpg?v=1765963026,https://cdn.shopify.com/s/files/1/0002/7600/4882/files/YUTO-TP-SLATE-ARTIC-3_4b27b106-825e-427d-b095-571160f40dbb.jpg?v=1765963025,https://cdn.shopify.com/s/files/1/0002/7600/4882/files/YUTO-TP-SLATE-ARTIC-1_aa941bc5-3782-49c0-bd86-b0a15c4ba0fc.jpg?v=1765963025,https://cdn.shopify.com/s/files/1/0002/7600/4882/files/DETALLE-TOP-YUTO-SLATE_ARTIC_f79090aa-0f95-4c20-a725-cd86d4c09167.jpg?v=1765963026]",BORN LIVING YOGA,0,0.0," Top  en  matière SkinMove , cette pièce de Born Living Yoga allie performance et confort. Doté d'une coupe ajustée et de tirants croisés dans le dos, il offre un excellent maintien pendant votre pratique de yoga ou toute autre activité dynamique. Son design exclusif et son impression sur tissu teinté évitent toute transparence.  Pensé pour des sessions actives, il se distingue également par son toucher agréable et sa capacité à sécher rapidement, vous assurant une liberté de mouvement optimale. Ce top est idéal pour s'associer à un legging ou un short, vous permettant de rester élégante tout en vous entraînant.  Ce  top  Born Living Yoga, choisie par TheBradery, met en avant des qualités telles que la durabilité, grâce à ses fibres respectueuses de l’environnement, et ses propriétés anti-bactériennes qui garantissent une sensation de fraîcheur tout au long de votre journée. 🌟   Composition  : Tissu 4 Way Stretch, conçue avec des fibres durables, offrant un haut niveau de protection solaire."
14863846474107,Produits Corps,"3 fois 50ml, >100€, dropshipping, Produits Corps, recherche1:Beauté, recherche2:Corps, Sabon, SABON1224, Type : Produits Corps","[https://cdn.shopify.com/s/files/1/0002/7600/4882/files/Captured_ecran2024-12-04a17.58.48_ee46a147-6059-4be8-b980-5e148ae30593.png?v=1733331632,https://cdn.shopify.com/s/files/1/0002/7600/4882/files/7290118801658.jpg?v=1733248837]",SABON,0,109.08333333333336," Votre expérience SABON commence ici ! L'huile de douche Sabon est riche de 4 huiles naturelles : avocat, jojoba, germe de blé et olive. Elles lavent mais aussi nourrissent et adoucissent la peau. Elles donnent à l'huile de douche une texture douce qui laisse une peau au toucher de velours. 3 senteurs pour 3 expériences. Ce coffret vous permet d'expérimenter 3 parfums uniques. Patchouli Lavender Vanilla est la rencontre chaleureuse de 3 ingrédients naturels : sensualité, douceur et relaxation. Green Rose est le mélange audacieux d'une rose avec un zest de citron vert. Enfin, Delicate Jasmine sublime le jasmin, fleur précieuse et odorante. Le coffret contient 3 huiles de douche dans leur bouteille de 50 ml. C'est le cadeau parfait pour offrir un moment de douceur quotidien. Les 3 senteurs sont parfaites si vous souhaitez découvrir de nouvelles expériences olfactives. "
6702032879712,Pulls Et Gilets,"LARMOIREDESUZETTE0125, Pulls Et Gilets, T1, T2, Type : Pulls Et Gilets, Collection : L'Armoire De Suzette, dropshipping, JEVASOWH, L'Armoire De Suzette","[https://cdn.shopify.com/s/files/1/0002/7600/4882/files/J0610_KAKI-1317.jpg?v=1698337498,https://cdn.shopify.com/s/files/1/0002/7600/4882/files/J0610_KAKI-1315.jpg?v=1698337498,https://cdn.shopify.com/s/files/1/0002/7600/4882/files/J0610_KAKI-1319.jpg?v=1698337499,https://cdn.shopify.com/s/files/1/0002/7600/4882/files/J0610_KAKI-1318.jpg?v=1698337498,https://cdn.shopify.com/s/files/1/0002/7600/4882/files/J0610_KAKI-1314.jpg?v=1698337498]",L'ARMOIRE DE SUZETTE,0,0.0," Pull en maille overzise, manches longues, col V 
  Composition :  56% ACRYLIQUE 30% POLYAMIDE 7% LAINE 7% VISCOSE 
  Lavage :  LAVAGE 30° 
   Origine :   ITALIE  "
14910639636859,Maille Et Sweats,"S, SELECTIONPAPLUXE0225, Sélection PAP Luxe, Type : Maille Et Sweats, Collection : Sélection PAP Luxe, dropshipping, Maille Et Sweats, PAPSAVE0225","[https://cdn.shopify.com/s/files/1/0002/7600/4882/files/STELLA-McCARTNEY_601847SNP10_6440_3.jpg?v=1738761443,https://cdn.shopify.com/s/files/1/0002/7600/4882/files/STELLA-McCARTNEY_601847SNP10_6440_4.jpg?v=1738761446,https://cdn.shopify.com/s/files/1/0002/7600/4882/files/STELLA-McCARTNEY_601847SNP10_6440_1.jpg?v=1738761436,https://cdn.shopify.com/s/files/1/0002/7600/4882/files/STELLA-McCARTNEY_601847SNP10_6440_2.jpg?v=1738761440]",SELECTION PAP LUXE,0,70.750000000000014,"  Composition :  R: 8% ELASTAN, 92% COTTON, T: 100% COTTON "
14839798661499,Parkas,"Collection : Kway, dropshipping, Kway, Parkas, resize14, S, Stockly, STOCKLYKWAY1124, STOCKLYSGF1124, Type : Parkas",[https://cdn.shopify.com/s/files/1/0002/7600/4882/files/k-way_7c8494206878038_Image_1_C1.webp?v=1731937453],KWAY,0,334.16666666666669,"  Imperméable, Unisexe, Confortable  
 🧥 La Parka Le Vrai Eiffel 3.0 de K-Way, votre alliée contre les intempéries. Coupe longue, design imperméable et doublure polaire pour un confort optimal. Son logo en silicone et sa capuche ajustable apportent une touche de style. Plusieurs couleurs disponibles pour satisfaire toutes vos envies. 
 📏 Modèle mixte, taille standard. Choisissez votre taille habituelle, que vous soyez une femme ou un homme. 
 🌿 Conçue en nylon et polyester, cette parka allie durabilité et respect de l'environnement. 
 🧼 Pour un entretien optimal, suivez les instructions du fabricant. Gardez votre parka K-Way impeccable pour longtemps! 
 Adoptez la Parka Le Vrai Eiffel 3.0 pour un look chic et décontracté, quel que soit le temps. "
14844947399035,Vestes,"Type : Vestes, Vestes, XXL, Collection : Napapijri, dropshipping, L, M, Napapijri, resize14, S, Stockly, STOCKLYNAPAPIJRI1124, STOCKLYSGF1124","[https://cdn.shopify.com/s/files/1/0002/7600/4882/files/napapijri_7cnp0a4ht1h98_Image_3_C1.jpg?v=1732284051,https://cdn.shopify.com/s/files/1/0002/7600/4882/files/napapijri_7cnp0a4ht1h98_Image_1_C1.jpg?v=1732284043,https://cdn.shopify.com/s/files/1/0002/7600/4882/files/napapijri_7cnp0a4ht1h98_Image_2_C1.jpg?v=1732284046]",NAPAPIJRI,0,120.83333333333334," Veste pour homme, inspirée de l'emblématique Rainforest, en nylon Ottoman enduit gris foncé avec traitement hydrofuge sans PFC, avec logo Napapijri contrasté imprimé sur le devant avec le drapeau emblématique. Porté comme un sweat-shirt, il est doté d'une ouverture zippée latérale classique et d'œillets d'aération des deux côtés.   - Capuche réglable avec revers surélevé  - Poignets élastiques dissimulés  - Poche frontale zippée avec rabat velcro  - Deux poches zippées sur le devant  - Coutures rubanées aux points critiques  - Badge signature sur la manche  - Détails signature. "
14886117212539,Pulls,"S, Stockly, STOCKLYMAXMARA0125V2, Type : Pulls, XS, Collection : Max Mara, dropshipping, Max Mara, Pulls","[https://cdn.shopify.com/s/files/1/0002/7600/4882/files/max-mara_7C2421346031600012_Image_2_C1.jpg?v=1737737285,https://cdn.shopify.com/s/files/1/0002/7600/4882/files/max-mara_7C2421346031600012_Image_1_C1.jpg?v=1737737285]",MAX MARA,0,0.0," Coupe  longue,  motif   à rayures ,  décolleté  en  V ,  fermeture  avec  boutons  et  poches  à rabat ; une pièce  casual  en  laine  à manches longues.  Ne passez pas à côté de ce Pulls signé Max Mara, une pièce d'exception 🌟   Composition :  En laine"
15320542413179,T-Shirts Et Tops,"dropshipping, Karl Marc John, KARLMARCJOHN1225, seo-generated-metafields20251225, T-Shirts Et Tops, Type : T-Shirts Et Tops, Type : T-Shirts Et Tops, 309219195124, 38, Collection : Karl Marc John","[https://cdn.shopify.com/s/files/1/0002/7600/4882/files/products_38016505_image4_original.jpg?v=1766500230,https://cdn.shopify.com/s/files/1/0002/7600/4882/files/products_38016505_image1_original.jpg?v=1766500230,https://cdn.shopify.com/s/files/1/0002/7600/4882/files/products_38016505_image2_original.jpg?v=1766500229,https://cdn.shopify.com/s/files/1/0002/7600/4882/files/products_38016505_image3_original.jpg?v=1766500230,https://cdn.shopify.com/s/files/1/0002/7600/4882/files/products_38016505_image5_original.jpg?v=1766500230]",KARL MARC JOHN,0,16.583333333333332," Top  à manches longues, cette pièce se distingue par son  col Claudine  élégant et sa  fermeture par goutte boutonnée au dos , apportant une touche de sophistication à votre garde-robe. Conçu pour un style contemporain, ce top est idéal tant pour le bureau que pour des occasions plus décontractées.  Agréable à porter, il s'associe parfaitement avec un jean ou une jupe afin de créer une silhouette chic et décontractée.  Une  création  Karl Marc John que TheBradery a mise en avant pour sa finesse et son style raffiné ✨  Composition : 100% coton"
15149199360379,Chemises,,"[https://cdn.shopify.com/s/files/1/0002/7600/4882/files/products_36574730_image3_original.jpg?v=1751278086,https://cdn.shopify.com/s/files/1/0002/7600/4882/files/products_36574730_image2_original.jpg?v=1751278086,https://cdn.shopify.com/s/files/1/0002/7600/4882/files/products_36574730_image1_original.jpg?v=1751278078]",KARL MARC JOHN,0,0.0, Chemisier à manches courtes. Décolleté devant. Motifs à rayures. Liens de serrage à la taille. Fermeture boutonnée. 
6616189042784,Sandales,"36, 37, 38, 39, 40, 41, ARCHJEVASO0424, Collection : White Sun, dropshipping, NEWSTOCKARCHIVE0725V2, numerodevente, Sandales, Type : Sandales, White Sun","[https://cdn.shopify.com/s/files/1/0002/7600/4882/products/WS-3971_20_3.jpg?v=1656600845,https://cdn.shopify.com/s/files/1/0002/7600/4882/products/WS-3971_20_4.jpg?v=1656600847,https://cdn.shopify.com/s/files/1/0002/7600/4882/products/WS-3971_20_2.jpg?v=1656600844,https://cdn.shopify.com/s/files/1/0002/7600/4882/products/WS-3971_20_1.jpg?v=1657127500]",WHITE SUN,0,300.58333333333331," Sandales Rubra - Or Clair Croco    Partie supérieure :  lt Or Croco Imprimé Chèvre   Semelle :  brun   Conseil taille :  Prenez votre taille habituelle   Composition :  100% Cuir   entretien :  Utilisez un imperméabilisant pour conserver la souplesse du Cuir. Si vos sandales ont besoin d'être nettoyées, enlevez la saleté avec une brosse douce et nettoyez-les avec du savon et un chiffon doux uniquement. Il est préconisé d'éviter le contact avec l'eau afin d'épargner les auréoles. "
6639374434400,Pantalons,"23, 24, 25, 26, 27, 28, 29, 30, 31, 32, ARCHIVE1125, ARCHIVESJEVASO1025, Collection : Reiko, dropshipping, no-search, numerodevente, Pantalons, Reiko, REIKO1025ARCHIVE, TRIARCHIVE1125DEF, Type : Pantalons","[https://cdn.shopify.com/s/files/1/0002/7600/4882/products/jeans-mom-harlem-dnm-bl-533-226858.jpg?v=1671249312,https://cdn.shopify.com/s/files/1/0002/7600/4882/products/jeans-mom-harlem-dnm-bl-533-349885.jpg?v=1671249312,https://cdn.shopify.com/s/files/1/0002/7600/4882/products/jeans-mom-harlem-dnm-bl-533-203234.jpg?v=1671249312,https://cdn.shopify.com/s/files/1/0002/7600/4882/products/jeans-mom-harlem-dnm-bl-533-120806.jpg?v=1671249312,https://cdn.shopify.com/s/files/1/0002/7600/4882/products/jeans-mom-harlem-dnm-bl-533-247312.jpg?v=1671249312]",REIKO,0,14475.133333333335,"En  denim , ce  jean Mom Harlem  de Reiko propose une silhouette intemporelle et tendance. Sa coupe élastique garantit confort et aisance pour s'adapter à toutes vos envies de style.  Idéal pour vos sorties décontractées ou même au bureau, ce jean se marie à la perfection avec un t-shirt sobre ou une blouse élégante.  Une  création  Reiko qui combine style contemporain et confort exceptionnel ✨  Composition : 59% Organiqueanic Coton, 40% Coton, 1% Élasthanne."
6866088263776,Blouses Et Chemises,"M, numerodevente, S, seo-generated-metafields20251118, The Kooples, TRIARCHIVES1125DEF, Type : Blouses Et Chemises, XL, XS, XS, XS, ARCHIVE1125, ARCHIVESJEVASO1025, Blouses Et Chemises, Collection : The Kooples, dropshipping, L","[https://cdn.shopify.com/s/files/1/0002/7600/4882/files/HCCC26126KBLA26_F.jpg?v=1709120966,https://cdn.shopify.com/s/files/1/0002/7600/4882/files/HCCC26126KBLA26_G.jpg?v=1709120970]",THE KOOPLES,0,113.825,"Chemise. Manches courtes. Motifs panthères. Fermeture boutonnée.   Le mannequin porte la taille M et mesure 1,89 m. "
15303503217019,Colliers,"dropshipping, seo-generated-metafields20251126, TU, Type : Colliers, Type : Colliers, 258062321907, Badhnati Jewelry, BADHNATIJEWELRY1125, Collection : Badhnati Jewelry, Colliers",[https://cdn.shopify.com/s/files/1/0002/7600/4882/files/CollierflowercabochonMidnight.jpg?v=1764146494],BADHNATI JEWELRY,0,47.474999999999994,  Collier en bandana de coton noir et ses grigris: Fait main long ~75 cm  
15288188404091,Pochettes Et Trousses,"Bazar Atelier Sablon, BAZARATELIERSABLON1125, Collection : Bazar Atelier Sablon, dropshipping, Pochettes Et Trousses, seo-generated-metafields20251118, TU, Type : Pochettes Et Trousses, Type : Pochettes Et Trousses",[https://cdn.shopify.com/s/files/1/0002/7600/4882/files/BAZARATELIERSABLON-POCHETTEENVELOPPE_12_7aad06f0-da92-4653-9a22-835c87b3e29c.jpg?v=1763060057],BAZAR ATELIER SABLON,0,16.658333333333331," 
  Découvrez notre pochette enveloppe, un indispensable pour ranger son bazar dans son sac.   
 
 
  Modèle: Pile Poil  
  Couleur: Marron  
 Composition:  Velours imprimé Polyester & Doublure Camel 100% Coton Oeko-Tex  
 
 Dimensions : 12 x 19.5 cm 
 
 Origine: Made in France 
 
 
   
   "
15302068535675,Sacs,"_porte_porté épaule, _related_storm kba travel, _type_voyage, LANCASTER1125, LancasterXTB1125, no-search, seo-generated-metafields20251124, Collection : Lancaster, dropshipping, Lancaster, LANCASTER1125, Sacs, seo-generated-metafields20251124, Type : Sacs, _ligne_storm kba travel, _porte_porté main","[https://cdn.shopify.com/s/files/1/0002/7600/4882/files/516-52-BLEUFUME-3_feb4b4c6-fb27-40ef-abae-2695d219219a.png?v=1763915437,https://cdn.shopify.com/s/files/1/0002/7600/4882/files/516-52-BLEUFONC-4_9417855d-3c4a-4fbc-b6fa-2a9814410da3.png?v=1763915435,https://cdn.shopify.com/s/files/1/0002/7600/4882/files/516-52-ROSEFUME-3_b27bbc00-3d45-4f34-bee0-f6784388fb18.png?v=1763915434,https://cdn.shopify.com/s/files/1/0002/7600/4882/files/516-52-BLEUFUME-2_a3262810-e156-40b6-b7cc-a9c13b7152dd.png?v=1763915436,https://cdn.shopify.com/s/files/1/0002/7600/4882/files/516-52-ORANGE-3_f9489403-ecef-498a-a80d-e85480900843.png?v=1763915436,https://cdn.shopify.com/s/files/1/0002/7600/4882/files/516-52-ROSEANTIC-4_c81d83ae-ea88-490c-a166-229c69494e71.png?v=1763915435,https://cdn.shopify.com/s/files/1/0002/7600/4882/files/516-52-VERTFONCE-2_9340382b-1b56-40c4-90ba-9d7a85f61043.png?v=1763915433,https://cdn.shopify.com/s/files/1/0002/7600/4882/files/516-52-ORANGE-1_6c9edbfd-7b7f-4ab0-87d3-f95b2bf43754.png?v=1763915436,https://cdn.shopify.com/s/files/1/0002/7600/4882/files/516-52-ORMAT-2_7e9c3ee1-d25c-4cf3-b234-77e01ed00ec1.png?v=1763915435,https://cdn.shopify.com/s/files/1/0002/7600/4882/files/516-52-ROSEANTIC-1_33d2b3ab-2242-4f25-8df8-3f1b042f8e3b.png?v=1763915436,https://cdn.shopify.com/s/files/1/0002/7600/4882/files/516-52-ROUGE-3_bba1ac91-3353-4f34-89f1-a76cf45a69b9.png?v=1763915436,https://cdn.shopify.com/s/files/1/0002/7600/4882/files/516-52-NOIR-1_94776063-347e-4f12-b29d-287519ac822e.png?v=1763915435,https://cdn.shopify.com/s/files/1/0002/7600/4882/files/516-52-ROSEANTIC-3_4249fe70-b844-4d60-b59c-111e692b7615.png?v=1763915436,https://cdn.shopify.com/s/files/1/0002/7600/4882/files/516-52-BLEUFONC-2_d6224fd9-629f-47ae-b8e3-ed5537ca23e8.png?v=1763915435,https://cdn.shopify.com/s/files/1/0002/7600/4882/files/516-52-ROUGE-1_5db75e87-169b-4c1c-af5c-99f41b324450.png?v=1763915436,https://cdn.shopify.com/s/files/1/0002/7600/4882/files/516-52-NOIR-3_60911326-a68d-4a86-a685-3120b0a1c5fd.png?v=1763915435,https://cdn.shopify.com/s/files/1/0002/7600/4882/files/516-52-IVOIRE-4_f2578e49-fa5c-4971-8d5c-16a59a578a5c.png?v=1763915436,https://cdn.shopify.com/s/files/1/0002/7600/4882/files/516-52-ARGENT-3_65b89003-342c-4ea3-9a21-befa13500126.png?v=1763915433,https://cdn.shopify.com/s/files/1/0002/7600/4882/files/516-52-BLEUFUME-1_5b115a81-3522-4c35-a021-3464f06656d1.png?v=1763915436,https://cdn.shopify.com/s/files/1/0002/7600/4882/files/516-52-BLEUFUME-4_e8d7327d-36f5-4283-9a4b-f442bdeeb338.png?v=1763915435,https://cdn.shopify.com/s/files/1/0002/7600/4882/files/516-52-ROSEFUME-2_937e1345-55cd-4127-8cdd-a11cf557c67c.png?v=1763915436,https://cdn.shopify.com/s/files/1/0002/7600/4882/files/516-52-ORMAT-4_f4c23d0c-fc46-497f-bce0-394b5c7136e5.png?v=1763915435,https://cdn.shopify.com/s/files/1/0002/7600/4882/files/516-52-VERTFONCE-1_e016d5e0-629e-4ea2-8c16-1d94f78ea99d.png?v=1763915434,https://cdn.shopify.com/s/files/1/0002/7600/4882/files/516-52-VERTFONCE-4_3f4a71bb-3693-4eae-b324-2d2010693d19.png?v=1763915435,https://cdn.shopify.com/s/files/1/0002/7600/4882/files/516-52-ROUGE-2_b3ff84b5-baff-4ab5-8063-11ba13452212.png?v=1763915435,https://cdn.shopify.com/s/files/1/0002/7600/4882/files/516-52-NOIR-2_cd08ab65-a143-4751-ae30-cf4f2d793e64.png?v=1763915435,https://cdn.shopify.com/s/files/1/0002/7600/4882/files/516-52-BLEUFONC-3_d39dec76-cdd9-4763-ab45-ec216376d4e9.png?v=1763915433,https://cdn.shopify.com/s/files/1/0002/7600/4882/files/516-52-NOIR-4_af43c641-fcb6-4d1d-b2bb-e35d97aa3678.png?v=1763915436,https://cdn.shopify.com/s/files/1/0002/7600/4882/files/516-52-ROSEFUME-4_3282fae9-9942-48ea-9312-a146a019ed90.png?v=1763915434,https://cdn.shopify.com/s/files/1/0002/7600/4882/files/516-52-IVOIRE-2_38f62aa8-c533-4382-8acd-6cc5ae60d2b5.png?v=1763915436,https://cdn.shopify.com/s/files/1/0002/7600/4882/files/516-52-ARGENT-1_96a23e68-81ae-421d-9166-60a5b1ea6e0f.png?v=1763915435,https://cdn.shopify.com/s/files/1/0002/7600/4882/files/516-52-VERTFONCE-3_5ac1dfa9-c0d9-4a96-b3fa-c686c870eb7e.png?v=1763915436,https://cdn.shopify.com/s/files/1/0002/7600/4882/files/516-52-IVOIRE-3_2f2bc716-25c2-4401-90ee-6ff89e635639.png?v=1763915436,https://cdn.shopify.com/s/files/1/0002/7600/4882/files/516-52-ORMAT-1_74e11111-08b1-436e-b3aa-77cea3989884.png?v=1763915435,https://cdn.shopify.com/s/files/1/0002/7600/4882/files/516-52-ORANGE-2_65c29e74-43a0-47a7-842b-4e78140c6d73.png?v=1763915435,https://cdn.shopify.com/s/files/1/0002/7600/4882/files/516-52-ORMAT-3_1587df5b-c4ce-4a1c-8cc9-3bd533bb82e6.png?v=1763915436,https://cdn.shopify.com/s/files/1/0002/7600/4882/files/516-52-ARGENT-4_73298025-ede9-43af-a1de-44dbe48bca9c.png?v=1763915435,https://cdn.shopify.com/s/files/1/0002/7600/4882/files/516-52-ROUGE-4_f48583c5-ad88-4a85-8827-8ff65147941f.png?v=1763915435,https://cdn.shopify.com/s/files/1/0002/7600/4882/files/516-52-ROSEFUME-1_b01cc24b-0dc7-4737-a427-f89e7419f0b1.png?v=1763915435,https://cdn.shopify.com/s/files/1/0002/7600/4882/files/516-52-IVOIRE-1_fee1ba2e-e53e-47a7-874d-0be706485358.png?v=1763915433,https://cdn.shopify.com/s/files/1/0002/7600/4882/files/516-52-ORANGE-4_c7294120-660a-4405-a986-77e71f314db4.png?v=1763915435,https://cdn.shopify.com/s/files/1/0002/7600/4882/files/516-52-BLEUFONC-1_1019c33a-5c7b-4b6e-8afe-0b486c769d48.png?v=1763915434,https://cdn.shopify.com/s/files/1/0002/7600/4882/files/516-52-ARGENT-2_6613a053-ebdd-4dad-b342-b9d4b388cb48.png?v=1763915434,https://cdn.shopify.com/s/files/1/0002/7600/4882/files/516-52-ROSEANTIC-2_f038f4cd-35e7-4eeb-9b93-858db047a130.png?v=1763915436]",LANCASTER,0,116.64999999999999," Ce sac de voyage est confectionné en matière synthétique. Il comporte poche arrière extérieure zippée, une poche intérieure zippée ainsi qu'un emplacement pour carte à l'extérieur. Il se porte à la main ou à l'épaule.   Composition :  Toile enduite garnie cuir de vachette   Endretien :  Nettoyer régulièrement votre sac avec un chiffon doux pour enlever la poussière. Utilisez un chiffon légèrement humide pour les saletés. Evitez l’exposition à la lumière, à la chaleur, à l’eau et aux corps gras.   Dimensions :  50 x 38 x 22 cm "
6746620887136,Corps,"dropshipping, Laura Mercier, LAURAMERCIER1125ARCHIVEV2, no-search, numerodevente, TU, Type : Corps, Collection : Laura Mercier, Corps","[https://cdn.shopify.com/s/files/1/0002/7600/4882/files/UK200009109_LAURA_MERC_1.jpg?v=1733925290,https://cdn.shopify.com/s/files/1/0002/7600/4882/files/Captured_ecran2024-09-27a10.55.23.png?v=1733925290,https://cdn.shopify.com/s/files/1/0002/7600/4882/files/Captured_ecran2024-09-27a10.54.59.png?v=1733925290,https://cdn.shopify.com/s/files/1/0002/7600/4882/files/UK200009109_LAURA_MERC_2.jpg?v=1733925290,https://cdn.shopify.com/s/files/1/0002/7600/4882/files/736150101419.jpg?v=1733925290]",LAURA MERCIER,0,26161.80399971053,"Crème au fini  soyeux  et au  toucher légèrement fouetté , enrichie d'une infusion de  vitamines A, C et E , avec  huile de pépins de raisin  et  huile de son de riz .  Ne passez pas à côté de ce soin corps signé Laura Mercier, une pièce d'exception. 🌟  Composition : Infusion de  vitamines A, C et E ,  huile de pépins de raisin ,  huile de son de riz ,  extrait de vanille ,  miel ,  amande douce ,  protéines de riz hydrolysées ,  provitamine B-5 ."
15246003339643,Pulls,"M, Maison 123, MAISON123, MAISON1231125, MAISON123TEJ, numerodevente, Pulls, S, seo-generated-metafields20251127, Type : Pulls, Collection : Maison 123, dropshipping, L","[https://cdn.shopify.com/s/files/1/0002/7600/4882/files/row_2137_img_3_f0c37786.jpg?v=1759161272,https://cdn.shopify.com/s/files/1/0002/7600/4882/files/row_2139_img_1_c22985d3.jpg?v=1759161273,https://cdn.shopify.com/s/files/1/0002/7600/4882/files/row_2138_img_3_f0c37786.jpg?v=1759161272,https://cdn.shopify.com/s/files/1/0002/7600/4882/files/row_2137_img_1_c22985d3.jpg?v=1759161273,https://cdn.shopify.com/s/files/1/0002/7600/4882/files/row_2137_img_2_48488e5c.jpg?v=1759161272,https://cdn.shopify.com/s/files/1/0002/7600/4882/files/row_2139_img_2_48488e5c.jpg?v=1759161272,https://cdn.shopify.com/s/files/1/0002/7600/4882/files/row_2137_img_4_a233b1de.jpg?v=1759161273,https://cdn.shopify.com/s/files/1/0002/7600/4882/files/row_2138_img_4_a233b1de.jpg?v=1759161273,https://cdn.shopify.com/s/files/1/0002/7600/4882/files/row_2139_img_3_f0c37786.jpg?v=1759161273,https://cdn.shopify.com/s/files/1/0002/7600/4882/files/row_2139_img_4_a233b1de.jpg?v=1759161272,https://cdn.shopify.com/s/files/1/0002/7600/4882/files/row_2138_img_2_48488e5c.jpg?v=1759161272,https://cdn.shopify.com/s/files/1/0002/7600/4882/files/row_2138_img_1_c22985d3.jpg?v=1759161272]",MAISON 123,0,57.474999999999994," Top  en  viscose légère , cette pièce se distingue par sa  coupe moderne  et son col élégant. Les détails minutieux ajoutent une note de sophistication à cet essentiel de votre garde-robe. Idéal pour accompagner un pantalon chic ou une jupe fluide, il s'adapte à toutes les occasions.  Une  création  Maison 123 que TheBradery a mise en avant pour sa qualité et son style intemporel 💫  Composition : 50 % viscose, 28 % polyester, 22 % polyamide"
6652921282656,Robes,no-search,"[https://cdn.shopify.com/s/files/1/0002/7600/4882/products/vanessa-edelweiss-6.jpg?v=1679913998,https://cdn.shopify.com/s/files/1/0002/7600/4882/products/vanessa-edelweiss-12.jpg?v=1679913998,https://cdn.shopify.com/s/files/1/0002/7600/4882/products/vanessa-edelweiss-8.jpg?v=1679913998,https://cdn.shopify.com/s/files/1/0002/7600/4882/products/vanessa-edelweiss-15.jpg?v=1679913998,https://cdn.shopify.com/s/files/1/0002/7600/4882/products/vanessa-edelweiss-13.jpg?v=1679568459,https://cdn.shopify.com/s/files/1/0002/7600/4882/products/vanessa-edelweiss-11.jpg?v=1679913998,https://cdn.shopify.com/s/files/1/0002/7600/4882/products/vanessa-edelweiss-1.jpg?v=1679913998]",ELISE CHALMIN,0,1631.0833333333335," La robe Vanessa Edelweiss Forever a tout pour vous séduire. Une coupe fluide, à porter ceinturée ou non pour flatter toutes les morphologies. Une longueur mi-longue idéale à porter en journée à plat ou en soirée, twistée par des accessoires. C'est un must pour la mi saison, ou pour l'hiver avec un joli pull, des bottes et un manteau long (notre trench Pipa évidemment).  
   
 DESCRIPTION 
 
 Robe mi-longue 
 Volantée en bas 
 Ceinture fine 
 Manches légèrement bouffantes 
 Poches 
 Motif Edelweiss Forever dessiné par Élise avec amour  
 
 Fabriquée en Europe 
 
 COMPOSITION ET ENTRETIEN 
 
 100% lyocell 
 Certifié Oeko-tex 
 Nettoyage en machine, programme délicat 
 Repassage doux sur l'envers 
 Pas de javel, ni de sèche linge 
 
 CONSEILS TAILLE 
 
  
 Victoria mesure 1m74 et porte du 36 
 "
7209645342816,Tapis,"50x80 cm, Collection : Nazar, couleur:Rouge, dropshipping, Nazar, no-search, numerodevente, recherche1:Maison, recherche2:Tapis, Tapis, Type : Tapis",[https://cdn.shopify.com/s/files/1/0002/7600/4882/files/GAL735ROU_03.jpg?v=1726755986],NAZAR,0,0.0,  Modèle :  GALA  Couleur :  Rouge  Motif :  Moderne 
6867923763296,Gilets,"NA-KD, NAKD0424, recherche1:Prêt-À-Porter, recherche2:Gilets, Type : Gilets, 36, 38, 4240489, Collection : NA-KD, dropshipping, Gilets","[https://cdn.shopify.com/s/files/1/0002/7600/4882/files/products_30021736_image1_original.jpg?v=1709224079,https://cdn.shopify.com/s/files/1/0002/7600/4882/files/products_30021736_image2_original.jpg?v=1709224079,https://cdn.shopify.com/s/files/1/0002/7600/4882/files/products_30021736_image3_original.jpg?v=1709224079]",NA-KD,0,430.00482093663913,"Gilet à  manches longues. Maille cÃ´telée sur les manches et à  la base. Fermeture boutonnée.    Les tailles indiquées sont aux normes européennes. Pour connaître les correspondances et choisir votre taille le plus judicieusement, n'hésitez pas à  consulter notre guide des tailles.  "
7165020012640,Pantalons,,[],SKFK,0,0.0," Jupe-culotte, poches obliques et fermeture zippée sur le devant. Tissu lin-coton uni. "
7216966729824,Tapis,"9240749, Collection : Les Tapis Sauvages, dropshipping, Les Tapis Sauvages, LESTAPISSAUVAGES0924, Moyen, NONRETOURNABLE, recherche1:Maison, recherche2:Tapis, Tapis, TSFDP200924, Type : Tapis","[https://cdn.shopify.com/s/files/1/0002/7600/4882/files/3688_07.jpg?v=1727342659,https://cdn.shopify.com/s/files/1/0002/7600/4882/files/3688_06.jpg?v=1727958770,https://cdn.shopify.com/s/files/1/0002/7600/4882/files/3688_01_azilalecrumotifscolores.jpg?v=1727960988,https://cdn.shopify.com/s/files/1/0002/7600/4882/files/3688_03_azilalecrumotifscolores.jpg?v=1727520921,https://cdn.shopify.com/s/files/1/0002/7600/4882/files/3688_07_azilalecrumotifscolores.jpg?v=1727520921,https://cdn.shopify.com/s/files/1/0002/7600/4882/files/3688_05_azilalecrumotifscolores.jpg?v=1727520921,https://cdn.shopify.com/s/files/1/0002/7600/4882/files/3688_06_azilalecrumotifscolores.jpg?v=1727520921,https://cdn.shopify.com/s/files/1/0002/7600/4882/files/3688_04_azilalecrumotifscolores.jpg?v=1727520921,https://cdn.shopify.com/s/files/1/0002/7600/4882/files/3688_02_azilalecrumotifscolores.jpg?v=1727520921]",LES TAPIS SAUVAGES,0,299.91666666666669," Tapis berbère marocain Azilal
 Ecru à motifs colorés 
 Dimensions 1,95X1,52M
 100% laine
 Fabriqué artisanalement au Maroc 

 Les tapis berbères marocains reflètent l'excellence de l'artisanat marocain, tissés sur des métiers traditionnels en bois dans les régions montagneuses du Maroc (Haut-Atlas ou Moyen Atlas selon les typologies de tapis), par des femmes berbères chez elles ou regroupées en coopératives dans des villages montagneux reculés.
 Tous les tapis berbères sont fabriqués à partir de laine de mouton et tissés en noeuds. Il faut compter entre 4 et 8 semaines de fabrication pour un tapis berbère, cela dépend de la taille et de la complexité des motifs.
 Les tapis berbères Azilal sont fabriqués dans la région de la ville du même nom dans le haut-Atlas. Traditionnellement ornés de motifs multiples monochrome, ils se caractérisent aujourd’hui par une multitude de motifs ultra colorés, parfois fluos sur fond écru. Les tapis Azilal ont un tissage moins dense que les Beni Ouarain par exemple et peuvent être tissés parfois avec un fil de trame en coton, qui se retrouve notamment dans les franges. Ce sont des tapis un peu moins épais et plus souples que les traditionnels Beni Ouarain.
 En choisissant un tapis berbère Azilal pour votre intérieur, vous contribuez à la pérennisation de savoirs faire traditionnels ancestraux.
 Fabriqués à partir de matériaux naturels, ce sont des objets durables, adopter un tapis berbère c'est le garder durant des années ! "
6663942013024,Shorts,"no-search, numerodevente, Shorts, Type : Shorts, 4A, 6A, 8A, ARCHJEVASO0424, Collection : Cyrillus, Cyrillus, dropshipping, NEWSTOCKARCHIVE0725V2","[https://cdn.shopify.com/s/files/1/0002/7600/4882/products/products_26188178_image1_original.jpg?v=1686574962,https://cdn.shopify.com/s/files/1/0002/7600/4882/products/products_26188178_image3_original.jpg?v=1686574962,https://cdn.shopify.com/s/files/1/0002/7600/4882/products/products_26188178_image2_original.jpg?v=1686574962,https://cdn.shopify.com/s/files/1/0002/7600/4882/products/products_26188178_image4_original.jpg?v=1686574962]",CYRILLUS,0,148.25,Short de bain. Motifs étoiles devant. Doublure intégrée. Taille élastique avec liens de serrage.  Les modèles intemporels à la fois chics et classiques de Cyrillus sont le témoignage d’une créativité sans cesse améliorée depuis la création de la marque en 1977.   Coloris  : bleu   Matière  : 100% polyamide   Matière doublure  : 100% mesh   Entretien  : lavage à 30°C
4642077638752,Birkenstock,"37, Birkenstock","[https://cdn.shopify.com/s/files/1/0002/7600/4882/products/mules-yao-balance-nubuck-mocca-femme-mules-birkenstock-114316.jpg?v=1591052856,https://cdn.shopify.com/s/files/1/0002/7600/4882/products/mules-yao-balance-nubuck-mocca-mules-birkenstock-431681.jpg?v=1591002904,https://cdn.shopify.com/s/files/1/0002/7600/4882/products/mules-yao-balance-nubuck-mocca-mules-birkenstock-119853.jpg?v=1591002724,https://cdn.shopify.com/s/files/1/0002/7600/4882/products/mules-yao-balance-nubuck-mocca-mules-birkenstock-261911.jpg?v=1591002778,https://cdn.shopify.com/s/files/1/0002/7600/4882/products/mules-yao-balance-nubuck-mocca-mules-birkenstock-233886.jpg?v=1591002177,https://cdn.shopify.com/s/files/1/0002/7600/4882/products/mules-yao-balance-nubuck-mocca-mules-birkenstock-715204.jpg?v=1591002559]",BIRKENSTOCK,0,430.83333333333331,"  Couleur : Marron.    Détails.   - Empeigne en cuir, pour plus de confort et un enfilage facile.   - Boucle métallique gravée Birkenstock sur la lanière.   - Birkenstock gravé sur le côté.   - Semelle intérieure en cuir velours pour un amorti optimal en toute légèreté.   - Semelle extérieure en EVA.  "
6608838066272,Robes Et Combinaisons,"Combinaison, dispeo, eligibility, L, RVCA","[https://cdn.shopify.com/s/files/1/0002/7600/4882/products/combinaison-trippy-dana-saloon-jaune-femme-combinaison-rvca-563457.jpg?v=1652689984,https://cdn.shopify.com/s/files/1/0002/7600/4882/products/combinaison-trippy-dana-saloon-jaune-femme-combinaison-rvca-848479.jpg?v=1652695803,https://cdn.shopify.com/s/files/1/0002/7600/4882/products/combinaison-trippy-dana-saloon-jaune-femme-combinaison-rvca-257050.jpg?v=1652696011,https://cdn.shopify.com/s/files/1/0002/7600/4882/products/combinaison-trippy-dana-saloon-jaune-femme-combinaison-rvca-103077.jpg?v=1652694843]",RVCA,0,0.0," Combinaison pour Femme. Les caractéristiques produit sont les suivantes : Taille ajustée, Bretelles fines, Dos nu et Laçage à nouer dans le dos.   Composition :  96% modal, 4% élasthanne "
4741305761888,Anaki,Anaki,[],OLD,0,0.0, Bottine à lacet semelle gomme  Composition : cuir vernis Doublure : Cuir  Entretien : crème nourrissante pour cuir 
4330663575648,Hauts,Hauts,"[https://cdn.shopify.com/s/files/1/0002/7600/4882/products/tee-shirt-holala-ecru-hauts-des-petits-hauts-217034.jpg?v=1598513621,https://cdn.shopify.com/s/files/1/0002/7600/4882/products/tee-shirt-holala-ecru-hauts-des-petits-hauts-685828.jpg?v=1598513621]",DES PETITS HAUTS,0,76.666666666666671, TS col rond ML empiècement soie épaule brodé boutonné devant 
7208492073056,Running,">100€, Asics, Running, STOCKLYASICS0125, STOCKLYASICS0924",[],ASICS,0,0.0," La chaussure GEL-CUMULUS™ 24 GTX est une basket polyvalente de tous les jours pour une variété de coureurs couvrant différentes distances. De la tige à la mousse sous le pied, cette chaussure est plus douce et plus réactive. "
7208513634400,,"eastpak, STOCKLYEASTPAK0924",[],EASTPAK,0,0.0," Caractéristiques du produit Eastpak Volker
 Matière : Polyester
 Fermeture : Fermeture éclair
 Genre : Masculin
 Age : Adulte
 Volume (L) : 35
 Longueur (cm) : 24
 Hauteur (cm) : 49
 Largeur (cm) : 34 "
7224644304992,,,"[https://cdn.shopify.com/s/files/1/0002/7600/4882/files/OJUP09O20622E_52_1.jpeg?v=1728467077,https://cdn.shopify.com/s/files/1/0002/7600/4882/files/OJUP09O20622E_52_3.jpeg?v=1728467086,https://cdn.shopify.com/s/files/1/0002/7600/4882/files/OJUP09O20622E_52_2.jpeg?v=1728467081,https://cdn.shopify.com/s/files/1/0002/7600/4882/files/OJUP09O20622E_52_4.jpeg?v=1728467088]",ZAPA,0,0.0,"La jupe Jamelia arbore un joli imprimé paisley aux couleurs chaudes et acidulées. On aime sa coupe longue, fluide et son jeu de trapèze. Une jupe à accessoriser avec une ceinture large pour un vestiaire bohème-chic, et résolument dans l'air du temps. Chloé porte la Jupe Jamelia avec le Top Tikamoon . Jupe longue, fluide, évasée taille haute Jupon doublé asymétrie sur la longueur avant détail fils métallisés dorés Longueur : 76cm"
7226748698720,Veste,"Castelli, STOCKLYCASTELLI1024, Veste",[https://cdn.shopify.com/s/files/1/0002/7600/4882/files/castelli_7c4522546-085_Image_1_C1.webp?v=1729166660],CASTELLI,0,0.0," Conçu pour être le gilet parfait. GORE-TEX INFINIUM WINDSTOPPER Protection contre le vent et l'eau sur le devant et dos nanotechnologique respirant et hydrofuge. Coupe extensible et se range dans une demi-poche lorsqu'il n'est pas utilisé. C'est une pièce essentielle de votre garde-robe cycliste. Le gilet Perfetto RoS 2 est une tentative de gilet parfait. Il est chaud et coupe-vent mais respirant grâce au tissu exclusif GORE-TEX INFINIUM WINDSTOPPER de Castelli sur le devant et au tissu extensible Nano Flex sans membrane sur le dos. Il résiste aux éclaboussures sur route mouillée ou dans des conditions changeantes. Il est léger et compact, se glisse facilement dans une poche de maillot et offre suffisamment d'espace. Il comporte trois poches arrière dédiées et une fermeture éclair YKK Vislon bidirectionnelle que vous pouvez ouvrir par le bas pour accéder au matériel dans les poches de votre maillot. Il a une réflexion à 360° grâce à la bordure réfléchissante sur les emmanchures et à la bande réfléchissante sous les poches. Il s'ajuste près du corps et possède un col montant particulièrement confortable par temps frais. Caractéristiques Meilleur gilet de course ou d'entraînement avec devant coupe-vent et dos respirant et imperméable GORE-TEX INFINIUM WINDSTOPPER 203 Matériau extensible léger sur le devant Nano Flex Light tissé sur le dos pour une extensibilité respirante avec une bonne protection contre l'eau Ouverture supérieure et inférieure Fermeture éclair YKK Vislon pour une ventilation facile réglage en un clin d'œil 3 poches arrière Insert réfléchissant au bas des poches et autour des emmanchures Température : 12°C - 20°C / 54°F - 68°F Coupe : Performance Technologies POLARTEC ALPHA DIRECT POLARTEC NEOSHELL Tissu léger pour vêtements conçu pour une activité physique portée sur de longues périodes et un effort intense dans des conditions extrêmes. Extrêmement respirant, imperméable et coupe-vent. Offre une liberté de mouvement et une protection maximales. "
7227665743968,wallet,">100€, BRANDCOLLECTORxTB1024, Category_Wallet, Designer_Hermès, Quality_AB, Sex_Female",[https://cdn.shopify.com/s/files/1/0002/7600/4882/files/840192-0_1691516697_1693563396.jpg?v=1729068620],THE BRAND COLLECTOR,0,0.0," 
  

   
 Brand:  Hermès 

   
 Model:  Béarn 
   
 Color:  Beige 

   
 Material:  Leather 

   
 Dimensions:  H 9cm x W 17.5cm x D 1.5cm 

  
   
 Serial number:  T 
   
   
 Inclusions:  / 
   
   
 Country of origin:  France 
  

   

  
   
 Retail price:  2310,0€ 
  

   

  
   
     Condition:  AB - good condition. 
     
    Introducing a Hermes Béarn Soufflet Long Wallet designed for ladies in a graceful beige hue, exuding elegance. Crafted from Chevre leather, this wallet boasts a coin purse secured with belt clasps for easy access. The interior features practicality with a zippered coin pocket, a spacious bill compartment, five card pockets, and three open pockets. The wallet is in overall good condition, with minor scratches on the metal parts, some surface scuffs, and corner scuffs. Inside, there are light stains. We recommend that you look at all the pictures before you make your purchase to make sure you are satisfied with the condition of the item. 
   
  

   

  
   
     Delivery: 
    
   
   
   
   
 TBC reference (SKU):  1691516693379924 
   
   
    An authenticity certificate delivered by The Brand Collector is coming with
    this item
   
  
 "
14835915391355,Bracelet,"Bracelet, Garmin, STOCKLYGARMIN1124",[https://cdn.shopify.com/s/files/1/0002/7600/4882/files/garmin_7c0753759319663_Image_1_C1.webp?v=1731945813],GARMIN,0,0.0," GARMIN - BRACELET QUICKFIT 26MM : CLIPSEZ ET DECLIPSEZ A L'INFINI ! 
Ultra pratique , le bracelet Quickfit 26mm Garmin vous suivra dans tous vos délires ! 
La solution la plus simple et la plus rapide pour changer de bracelet à votre montre Garmin . Grâce à un système ingénieux , il vous suffit de clipser et déclipser le bracelet pour le changer, sans outil requis . 
Disponible dans différents coloris et différentes matières , vous pourrez laisser libre cours à vos envies pour vous pavaner en ville ou pendant vos épreuves sportives ! 

POUR QUELS USAGES EST FAIT LE BRACELET QUICKFIT 26MM GARMIN ? 

Adaptable aux montres de la marque Garmin 
Activités disponibles sur votre montre 
Usage sportif ou urbain "
14936107352443,tote,"Quality_B, Sex_Female, >100€, BRADERY, Category_Tote bag, Designer_Bottega Veneta",[https://cdn.shopify.com/s/files/1/0002/7600/4882/files/1Ed6wA_GZhHGaQYF_8fyqpfgrPxZrUFcu_1733916532.jpg?v=1740555382],BOTTEGA VENETA,0,0.0," 
  

   
 Brand:  Bottega Veneta 

   
 Model:  Fourre-Tout 
   
 Color:  Blue 

   
 Material:  Leather 

   
 Dimensions:  W35cm x H27cm x D7cm(Approx) / Handle Drop 20cm(Approx) 

  
   
 Serial number:  B05227725H 
    
   
 Country of origin:  Italy 
  

   

  

   

  
   
     Condition:  B - good condition. 
     
    Outside condition : lose shape , rubbing Inside condition : rubbing , stain Handle condition : rubbing Corner condition : rubbing Metal fittings condition : scratches Odor : There is keeping(storage) smell. 
   
  

   

  
   
     Delivery: 
    
   
   
   
   
 TBC reference (SKU):  1733856463386799 
   
   
    An authenticity certificate delivered by The Brand Collector is coming with
    this item
   
  
 
"
15113737535867,,<20€,"[https://cdn.shopify.com/s/files/1/0002/7600/4882/files/449142-marketplace.jpg?v=1750083658,https://cdn.shopify.com/s/files/1/0002/7600/4882/files/449137-marketplace.jpg?v=1750083658,https://cdn.shopify.com/s/files/1/0002/7600/4882/files/449138-marketplace.jpg?v=1750083657,https://cdn.shopify.com/s/files/1/0002/7600/4882/files/449139-marketplace.jpg?v=1750083658,https://cdn.shopify.com/s/files/1/0002/7600/4882/files/449140-marketplace.jpg?v=1750083658,https://cdn.shopify.com/s/files/1/0002/7600/4882/files/449141-marketplace.jpg?v=1750083658]",OCTOPUS X L'OREAL PARIS,0,0.0,"Applicateur multi-usage : un embout précis pour une application ciblée ou en tant que correcteur. Une surface large pour estomper ou appliquer en tant que fond de teint. Disponible en 15 teintes.   INGRÉDIENTS : G2078510 1 - INGREDIENTS:  ISODODECANE • HEXYL/SUCCINYL DIMETHICONE CROSSPOLYMER • TRIMETHYLSILOXYSILICATE • TRIMETHYLSILOXYSILICATE/DIMETHICONOL CROSSPOLYMER • DISTEARDIMONIUM HECTORITE • NYLON-611/DIMETHICONE COPOLYMER • PHENOXYETHANOL • TRIETHOXYSILYLETHYL POLYDIMETHYLSILOXYETHYL DIMETHICONE • ISOPROPYL TITANIUM TRIISOSTEARATE • PROPYLENE CARBONATE • ALCOHOL DENAT. • ALUMINA • SILICA ● [+/- MAY CONTAIN: CI 77491, CI 77492, CI 77499 / IRON OXIDES • CI 77891 / TITANIUM DIOXIDE • CI 77007 / ULTRAMARINES]. (F.I.L. Z70054503/1).
Les listes d’ingrédients entrant dans la composition des produits de notre marque sont régulièrement mises à jour. Avant d’utiliser un produit de notre marque, vous êtes invités à lire la liste d’ingrédients figurant sur son emballage afin de vous assurer que les ingrédients sont adaptés à votre utilisation personnelle   INSTRUCTIONS :  Appliquez grâce a son embout précis pour une application ciblée et un effet correcteur. Appliquez avec la surface large pour un effet fond de teint. Estompez avec une brosse, une éponge ou vos doigts.   PAO : 24.0 mois   TAILLE : 15ml   COULEUR : Beige   COULEUR MARKETING : Medium Warm 270"
15020476858747,Baskets,"Baskets, Nike, no-search, Sneakers","[https://cdn.shopify.com/s/files/1/0002/7600/4882/files/nike_7Ccj3818-002_Image_1_C2.jpg?v=1743743046,https://cdn.shopify.com/s/files/1/0002/7600/4882/files/nike_7Ccj3818-002_Image_3_C2.jpg?v=1743743052,https://cdn.shopify.com/s/files/1/0002/7600/4882/files/nike_7Ccj3818-002_Image_2_C2.jpg?v=1743743050]",NIKE,0,0.0," La Nike WearAllDay porte bien son nom : c'est une sneaker de tous les jours, qui permet aux enfants de vivre pleinement leurs aventures. Polyvalence, durabilité et confort sont rassemblés dans une chaussure idéale pour accompagner chaque pas des enfants en pleine croissance. "
14971981955451,Sandales,">100€, Birkenstock, Sandales, STOCKLY160525, STOCKLYBIRKENSTOCK0325, STOCKLYBIRKENSTOCK0325V2","[https://cdn.shopify.com/s/files/1/0002/7600/4882/files/birkenstock_7C1018461_Image_2_C2.jpg?v=1742994722,https://cdn.shopify.com/s/files/1/0002/7600/4882/files/birkenstock_7C1018461_Image_1_C2.jpg?v=1742994713]",BIRKENSTOCK,0,0.0," L'Arizona CT est une version robuste et aventureuse de l'emblématique sandale Arizona, conçue pour les amateurs d'activités de plein air qui recherchent une combinaison de durabilité et de style classique. Cette édition, appelée « Crosstown », se caractérise par une construction robuste et des matériaux de haute qualité qui permettent de la porter longtemps et confortablement dans n'importe quel environnement. "
14863670018427,Sneakers,">100€, Nike, Sneakers, STOCKLYNIKE1224","[https://cdn.shopify.com/s/files/1/0002/7600/4882/files/nike_7Cdd1873-401_Image_1_C2.jpg?v=1733736373,https://cdn.shopify.com/s/files/1/0002/7600/4882/files/nike_7Cdd1873-401_Image_2_C2.jpg?v=1733736382,https://cdn.shopify.com/s/files/1/0002/7600/4882/files/nike_7Cdd1873-401_Image_3_C2.jpg?v=1733736388]",NIKE,0,0.0," Ces sneakers marine et beige sont la quintessence de l'élégance décontractée. Leur silhouette sobre est rehaussée par des couleurs terreuses, offrant un style à la fois discret et unique, parfait pour enrichir votre garde-robe de tous les jours avec une touche d'originalité. "
6851103588448,WOMEN ACCESSORIES,"FOTO OK, out-of-stock, out-of-stock-hidden, P00016, SOLID COLOR, TBxMarlea0523?, UNI, VALENTINO GARAVANI, WALLETS, WOMEN, WOMEN ACCESSORIES, XMAS15, 24/11/2023, >100€, ACCESSORIES, ALL ACCESSORIES, ALL WOMEN, BEIGE","[https://cdn.shopify.com/s/files/1/0002/7600/4882/products/826c9915434ae1f8a1fac448ce19eb8c.jpg?v=1707302976,https://cdn.shopify.com/s/files/1/0002/7600/4882/products/74bcc936b8cb14fb0b165f218d51baa3.jpg?v=1707302976,https://cdn.shopify.com/s/files/1/0002/7600/4882/products/4075f09df7892fbb09fccc19cd84e298.jpg?v=1707302976]",VALENTINO GARAVANI,0,0.0," 
 Composition: 100% calf leather   

 Textured leather 
 Top zip closure 
 Back logo detail 
 Internal card slots 
 Snap button closure 
 Height 8 cm 
 Width 2 cm 
 Length 14 cm 
 Made in  Italy 
 Gender: WOMEN 
 Product code: 3W2P0605VSH_P45 
 Barcode: 8052962134585 
 Code: ACC VQ 2 WA SS P00016 1882 
 "
6729114255456,Jupes,LAURENCEBRAS,"[https://cdn.shopify.com/s/files/1/0002/7600/4882/files/CHESNUT1.jpg?v=1700198802,https://cdn.shopify.com/s/files/1/0002/7600/4882/files/CHESNUT3.jpg?v=1700198803,https://cdn.shopify.com/s/files/1/0002/7600/4882/files/CHESNUT4.jpg?v=1700198803]",LAURENCE BRAS,0,296.25," Jupe longue, coupe ample et asymétrique, détails de borderies 
    Composition :  100% Crêpe De Viscose "
6641351098464,Vans,"38, 38.5, 39, 40, 40.5, 41, 42, 42.5, 43, 44, 44.5, 45, 46, 47, >100€, Stockly, stocklyperma0523, Vans, 36, 36.5, 37","[https://cdn.shopify.com/s/files/1/0002/7600/4882/products/sneakers-ua-style-73-dx-anahaim-factory-blanc-femme-654875.jpg?v=1672820943,https://cdn.shopify.com/s/files/1/0002/7600/4882/products/sneakers-ua-style-73-dx-anahaim-factory-blanc-femme-576034.jpg?v=1672820943,https://cdn.shopify.com/s/files/1/0002/7600/4882/products/sneakers-ua-style-73-dx-anahaim-factory-blanc-femme-446038.jpg?v=1672820943]",STOCKLY,0,0.0," Les Style 73 DX font partie de notre programme de réédition des productions de notre usine d'Anaheim et renvoient au style rétro des modèles sportifs de Vans du début des années 90. Rendant hommage à notre première usine Vans, basée à Anaheim en Californie, ces chaussures à lacets classiques associent finitions rétro et confort moderne, notamment grâce à la semelle intérieure UltraCush. Les Style 73 DX sont aussi dotées d'une bande de renfort haute, de bordures ultra-brillantes et d'une palette de couleurs inspirée de notre histoire. Ces chaussures présentent une tige résistante en cuir.   Composition :  Cuir, Mousse "
4780161204320,Culottes Et Bas,"Culottes Et Bas, Jolies Mômes, XS","[https://cdn.shopify.com/s/files/1/0002/7600/4882/products/bas-bresilien-lheure-dhiver-culottes-et-bas-jolies-momes-133587.jpg?v=1607411125,https://cdn.shopify.com/s/files/1/0002/7600/4882/products/bas-bresilien-lheure-dhiver-culottes-et-bas-jolies-momes-816410.jpg?v=1607411125,https://cdn.shopify.com/s/files/1/0002/7600/4882/products/bas-bresilien-lheure-dhiver-culottes-et-bas-jolies-momes-578463.jpg?v=1607411125,https://cdn.shopify.com/s/files/1/0002/7600/4882/products/bas-bresilien-lheure-dhiver-culottes-et-bas-jolies-momes-339867.jpg?v=1607411125]",JOLIES MOMES,0,20.833333333333336," - raffinement et jolies fesses ! - coloris bleu marine envoutant - échancrure travaillée avec précision - dessiné et conçu dans notre atelier de Biarritz - fabriqué à partir de matières nobles existantes #zerodechet #upcycling - production locale à Lisbonne // série limitée - acheminé en camion pour limiter le bilan carbone  Un brésilien renversant aux allures bohèmes avec sa dentelle Française bleu marine et une forme revue qui vous fera une silhouette de rêve. Le confort est tel que vous vous sentirez à l'aise durant toute la journée !   CONSEILS Taille basse Ce modèle convient à toutes les morphologies MATIERES dentelle Française 85% polyamide 15% elastane ruban élastique 80% polyamide 20% elastane Nous vous recommandons de laver ce produit à la main. Evitez de repasser, nettoyer à sec ou de sécher en tambour.  "
4775837302880,Accessoires,"Accessoires Lacoste, Lacoste Femme, TU","[https://cdn.shopify.com/s/files/1/0002/7600/4882/products/echarpe-marinealizarine-farine-echarpe-lacoste-456868.jpg?v=1607410723,https://cdn.shopify.com/s/files/1/0002/7600/4882/products/echarpe-marinealizarine-farine-echarpe-lacoste-737995.jpg?v=1607410723]",LACOSTE,0,86.666666666666671," Composition : Partie : Autres Couleurs:48% Viscose 20% Coton 18% Polyester 8% Polyamide 6% Elasthanne /Support Principal:39% Viscose 29% Coton 15% Polyester 12% Polyamide 5% Elasthanne  

 Conseils D'Entretien : Lavage Machine 30 T. Doux
 Pas De Blanchiment
 Sechage Tambour Interdit
 Repassage Moyen (150 C)
 Nettoyage  A Sec Interdit 

 Sechage A Plat "
6545706582112,Maillots De Bain Femme,"couleur:Lychee Velvet, no-search, OLD_ALBERTINE","[https://cdn.shopify.com/s/files/1/0002/7600/4882/products/maillot-de-bain-1-piece-phoenix-lychee-velvet-bain-albertine-845786.jpg?v=1732112571,https://cdn.shopify.com/s/files/1/0002/7600/4882/products/maillot-de-bain-1-piece-phoenix-lychee-velvet-bain-albertine-190523.jpg?v=1732112709,https://cdn.shopify.com/s/files/1/0002/7600/4882/products/maillot-de-bain-1-piece-phoenix-lychee-velvet-bain-albertine-518887.jpg?v=1732112691]",ALBERTINE,0,1665.0," Une-pièce bustier ""plissé"" sur le buste avec effet ""culotte haute"". Liens cou et dos à nouer. 
   Conseils taille :      Maya mesure 1m69, taille 38/40 - 95C.  
 Prendre sa taille habituelle. Si vous êtes grande (+1m73) et/ou vous   faites   un bonnet C+, prendre une taille au dessus.    
  Composition :   Lychee: 92% Polyamide 8% Elasthanne  Velvet: 85% Polyamide 15% Elasthanne 
  Entretien:  Le secret pour garder son maillot longtemps ? Nous vous conseillons d'évitez le contact avec les crèmes solaires et/ou les huiles pour le corps. Les surfaces abrasives peuvent elles aussi abimer vos maillots. Il est conseillé de bien rincer son maillot de bain après chaque utilisation à l'eau claire et de le laver à la main ou en programme délicat. Ne jamais laisser son maillot de bain sécher en plein soleil ou humide dans une pochette trop longtemps. "
6635392991328,Pulls Et Sweats,"Collection : NOTSHY, dropshipping, L/XL, NOTSHY, Pulls Et Sweats, S/M, target2sell:2022-11-21 07:45:00, Type : Pulls Et Sweats, XS/S","[https://cdn.shopify.com/s/files/1/0002/7600/4882/products/pull-aimee-gris-intemporel-579260.jpg?v=1668785308,https://cdn.shopify.com/s/files/1/0002/7600/4882/products/pull-aimee-gris-intemporel-858897.jpg?v=1668785309,https://cdn.shopify.com/s/files/1/0002/7600/4882/products/pull-aimee-gris-intemporel-911546.jpg?v=1668785308]",NOTSHY,0,113.75," On craque pour le poncho Aimée en 100% cachemire et ses manches courtes, idéal pour vos looks du Printemps. Portez-le avec le pantalon Julia pour une tenue confortable ou structurez votre look en l'associant avec un jean taille haute et des bottines.  100% cachemire 2 fils 12GG Coupe ample Manches courtes Fentes sur les côtés Anissa mesure 1m73 et porte une taille S   Composition:  100% Cachemire 2 fils   Entretien:  Lavage à la main à froid. Ne pas blanchir. Ne pas sécher en machine. Repasser à moyenne température sur l'envers. Nettoyage à sec en douceur. "
6542533722208,Chemises Et Tops,"34, 36, 38, 40, 42, Chemises Et Tops, Le Mont St Michel","[https://cdn.shopify.com/s/files/1/0002/7600/4882/products/chemise-cateline-bleu-marine-femme-chemise-le-mont-st-michel-460545.jpg?v=1617088342,https://cdn.shopify.com/s/files/1/0002/7600/4882/products/chemise-cateline-bleu-marine-femme-chemise-le-mont-st-michel-284940.jpg?v=1617058970,https://cdn.shopify.com/s/files/1/0002/7600/4882/products/chemise-cateline-bleu-marine-femme-chemise-le-mont-st-michel-919354.jpg?v=1617088342,https://cdn.shopify.com/s/files/1/0002/7600/4882/products/chemise-cateline-bleu-marine-femme-chemise-le-mont-st-michel-339630.jpg?v=1617088342,https://cdn.shopify.com/s/files/1/0002/7600/4882/products/chemise-cateline-bleu-marine-femme-chemise-le-mont-st-michel-133911.jpg?v=1617061479]",LE MONT ST MICHEL,0,442.50000000000006," Chemise imprimé floral Tissu 100% coton Forme assez courte et large Grand col Manches 1/2 froncées avec poignet de chemise sans fente Patte de boutonnage visible Boutons métalliques vernis noir Empiècement en haut du dos avec pli plat Fentes côtés Dos légèrement plus long que l'avant   Noémie mesure 1,70m et porte du S.    Composition :  100% coton  Lavage à 30° en machine "
6557280108640,Chemises Et Tops,,"[https://cdn.shopify.com/s/files/1/0002/7600/4882/products/chemisier-cornelia-broderie-ecru-chemises-et-tops-stella-suzie-787604.jpg?v=1632816984,https://cdn.shopify.com/s/files/1/0002/7600/4882/products/chemisier-cornelia-broderie-ecru-chemises-et-tops-stella-suzie-878561.jpg?v=1622501889,https://cdn.shopify.com/s/files/1/0002/7600/4882/products/chemisier-cornelia-broderie-ecru-chemises-et-tops-stella-suzie-706759.jpg?v=1622502154]",MAISON STELLA & SUZIE,0,3134.9999999999977," Col montant dentelle  Entièrement boutonné  Empiècement volants poitrine, épaule et dos  Détails dentelle bas de manches  Poignets boutonnés  Coloris: blanc 
  Composition:  77% coton, 33% nylon 
  Dimensions:  60 cm (pour un 36) 
  Notre mannequin fait un 36, mesure 1,70m et porte un 36    Nous vous conseillons de prendre votre taille habituelle   
  Entretien:  Lavage 30°, sèche-linge déconseillé 
 Fabriquée en Inde "
6597856952416,Jeans Et Pantalons,"12-18 mois, 18-24 mois, 2-3 ans, 3-4 ans, 9-12 mois, <20€, dropshipping, eligibility, Jeans Et Pantalons, kids&bébéBBmango, Mango","[https://cdn.shopify.com/s/files/1/0002/7600/4882/products/pantalon-yucca-beige-bebe-garcon-pantalon-et-leggings-mango-930841.jpg?v=1646716452,https://cdn.shopify.com/s/files/1/0002/7600/4882/products/pantalon-yucca-beige-bebe-garcon-pantalon-et-leggings-mango-538060.jpg?v=1646688558,https://cdn.shopify.com/s/files/1/0002/7600/4882/products/pantalon-yucca-beige-bebe-garcon-pantalon-et-leggings-mango-941673.jpg?v=1646706538,https://cdn.shopify.com/s/files/1/0002/7600/4882/products/pantalon-yucca-beige-bebe-garcon-pantalon-et-leggings-mango-224409.jpg?v=1646737330,https://cdn.shopify.com/s/files/1/0002/7600/4882/products/pantalon-yucca-beige-bebe-garcon-pantalon-et-leggings-mango-363858.jpg?v=1646729031,https://cdn.shopify.com/s/files/1/0002/7600/4882/products/pantalon-yucca-beige-bebe-garcon-pantalon-et-leggings-mango-225456.jpg?v=1646725086]",MANGO,0,105.0," Pantalon Lin Coton   Details :  Droit,Tissu En Coton Et Lin Mélangés,Coupe Longue,Passants Pour La Ceinture,Deux Poches Latérales,Deux Poches Passepoilées Boutonnées À L'Arrière,Fermeture Éclair Avec Bouton   Composition :  :55% Lin, 45% Coton    Entretien :  Ne Pas Utiliser D'Eau De Javel, Repasser Max.110°C, Laver En Machine Max. 30°C Essorage Court, Ne Pas Laver A Sec, Pas De Séchage En Machine Spring-Sumer 21  * Les prix boutique affichés sont ceux appliqués sur le marché français.  "
6626404302944,Vestes,"34, 36, 38, 40, 42, Collection : salut beauté, dropshipping, salut beauté, target2sell:2022-09-17 08:45:00, Type : Vestes, Vestes","[https://cdn.shopify.com/s/files/1/0002/7600/4882/products/DSC01970zoom_WEBSITE_e76a344d-e00f-40ad-8330-0ca07e664e21.png?v=1663055618,https://cdn.shopify.com/s/files/1/0002/7600/4882/products/DSC02361_WEBSITE.png?v=1663259102,https://cdn.shopify.com/s/files/1/0002/7600/4882/products/bandeau4.png?v=1663055618,https://cdn.shopify.com/s/files/1/0002/7600/4882/products/4fb9d9b5-cb87-47a5-a694-c06c8d00b388.png?v=1663259102,https://cdn.shopify.com/s/files/1/0002/7600/4882/products/DSC01943_WEBSITE_333c08b7-ffbc-4088-94ba-e184cb4d713b.png?v=1663259088,https://cdn.shopify.com/s/files/1/0002/7600/4882/products/DSC01957_WEBSITE.png?v=1663055618]",SALUTBEAUTE1,0,900.0," 
 
 
 
             la veste boss, c'est le blazer oversize aux multiples facettes. portée en total look ou dépareillée, avec une jupe, un jean, des bottes, des sneakers, elle fera toujours un carton, parole de brenda. la veste de girlboss par excellence. 
  matière & entretien  
 
 
 ♻️  ce tissu est upcyclé : il a été récupéré dans les fins de séries d'un fabricant français. 
 
 63% polyester, 32% viscose, 5% élasthanne. 
 nettoyage à sec. 
 
  
     taille 
 
 virginie porte un 36 et mesure 1m72.    pour plus de précision, nous te conseillons de consulter le guide des tailles   ci-dessus  .  
 
 
 
 
 
   
 
 
   
 "
6635364909152,Chaussures,"Chaussures, Collection : Jaiio, dropshipping, Jaiio, Maje, target2sell:2022-11-21 07:45:00, Type : Chaussures","[https://cdn.shopify.com/s/files/1/0002/7600/4882/products/maje-boots-maje-40-noir-193123.jpg?v=1668784331,https://cdn.shopify.com/s/files/1/0002/7600/4882/products/maje-boots-maje-40-noir-842111.jpg?v=1668784331,https://cdn.shopify.com/s/files/1/0002/7600/4882/products/maje-boots-maje-40-noir-271870.jpg?v=1668784331,https://cdn.shopify.com/s/files/1/0002/7600/4882/products/maje-boots-maje-40-noir-597255.jpg?v=1668871885]",JAIIO,0,0.0,"  Le prix annoncé correspond au prix de revente en seconde main, établi par JAIIO. Ce dernier diffère du prix boutique proposé dans le cadre de l'achat d'un produit neuf.   Boots - Talon 8cm - Tige 10cm - légères traces d'usure - Maje - Noir - Taille 40 - Cuir - Très bon état - Référence 380026   Matière :  Cuir   Etat :  Très Bon État "
7136790282336,Robes,"Collection : Yoox, dropshipping, Robes, Type : Robes, Yoox, YOOX0624","[https://cdn.shopify.com/s/files/1/0002/7600/4882/files/49742912FI_14_D.jpg?v=1719576719,https://cdn.shopify.com/s/files/1/0002/7600/4882/files/49742912FI_14_R.jpg?v=1719576731,https://cdn.shopify.com/s/files/1/0002/7600/4882/files/49742912FI_14_E.jpg?v=1719576724,https://cdn.shopify.com/s/files/1/0002/7600/4882/files/49742912FI_14_F.jpg?v=1719814577]",YOOX,0,40.901639344262293, Dress Charmeuse Pleated Knitted trims Drawstring waist Side splits Non-stretchy fabric Mid-weight fabric Dry clean Imported    Composition :  100% Polyester 
7136784777312,Tops,"Collection : Yoox, dropshipping, Tops, Type : Tops, Yoox, YOOX0624","[https://cdn.shopify.com/s/files/1/0002/7600/4882/files/49732155AF_14_E.jpg?v=1719576639,https://cdn.shopify.com/s/files/1/0002/7600/4882/files/49732155AF_14_R.jpg?v=1719576644,https://cdn.shopify.com/s/files/1/0002/7600/4882/files/49732155AF_14_D.jpg?v=1719576635,https://cdn.shopify.com/s/files/1/0002/7600/4882/files/49732155AF_14_F.jpg?v=1719813962]",YOOX,0,83.250000000000014, Top Tulle Cotton-jersey Paneled Crochet trims Ruffled Slips on Slightly stretchy fabric Mid-weight fabric Dry clean Imported    Composition :  100% Coton 
7136643547232,Robes,"Collection : Yoox, dropshipping, Robes, Type : Robes, Yoox, YOOX0624","[https://cdn.shopify.com/s/files/1/0002/7600/4882/files/15122785KM_14_R.jpg?v=1719574919,https://cdn.shopify.com/s/files/1/0002/7600/4882/files/15122785KM_14_F.jpg?v=1719805377]",YOOX,0,166.58333333333334, crepe belt solid color deep neckline one-shoulder side closure hook-and-bar zip fully lined   Composition :  100% Soie 
6581975482464,Pantalons Et Combinaisons,"Collection : Ba&sh, dispeo, eligibility, T0, T1, T2, T3, Type : Pantalons Et Combinaisons","[https://cdn.shopify.com/s/files/1/0002/7600/4882/products/pantalon-mitch-carbone-femme-pantalons-bash-694257.jpg?v=1636406527,https://cdn.shopify.com/s/files/1/0002/7600/4882/products/pantalon-mitch-carbone-femme-pantalons-bash-445945.jpg?v=1636404103,https://cdn.shopify.com/s/files/1/0002/7600/4882/products/pantalon-mitch-carbone-femme-pantalons-bash-249935.jpg?v=1636388239,https://cdn.shopify.com/s/files/1/0002/7600/4882/products/pantalon-mitch-carbone-femme-pantalons-bash-150704.jpg?v=1636401286,https://cdn.shopify.com/s/files/1/0002/7600/4882/products/pantalon-mitch-carbone-femme-pantalons-bash-313864.jpg?v=1636391554,https://cdn.shopify.com/s/files/1/0002/7600/4882/products/pantalon-mitch-carbone-femme-pantalons-bash-171773.jpg?v=1636404412]",BA&SH,0,1031.6666666666665," Le pantalon MITCH adopte une allure effortless et chic à la fois. Ce pantalon large se porte taille haute. On note les fronces à la taille et le pli cassé sur la jambe. Un pantalon ample confectionné dans une matière souple et fraîche, légèrement satinée.   - Pantalon large - Taille haute - Pli devant - 66% lyocell, 33% coton, 1% élasthanne   Composition :  Tissu Principal : 2% Elasthanne 33% Coton 65% Lyocell-Doublure : 100% Coton "
6602472718432,Pantalons Et Jupes,"34, 36, 38, 40, 42, 44, Collection : Sophie and Lucie, dispeo, eligibility, Pantalons Et Jupes, sophieandlucie, Type : Pantalons Et Jupes","[https://cdn.shopify.com/s/files/1/0002/7600/4882/products/pantalon-setenta-setbon-fresa-sophieandlucie-653833.jpg?v=1648782016,https://cdn.shopify.com/s/files/1/0002/7600/4882/products/pantalon-setenta-setbon-fresa-sophieandlucie-339606.jpg?v=1648782016]",SOPHIE AND LUCIE,0,130.00413223140495,"   
 Pantalon en satin fin, taille haute fixe et fermeture à glissière latérale. Style évasé. "
6636301975648,Anses,"<20€, Anses, Baubeau Paris, Collection : Baubeau Paris, Default Title, dropshipping, target2sell:2022-11-28 07:45:00, Type : Anses",[https://cdn.shopify.com/s/files/1/0002/7600/4882/products/petite-anse-chataigne-974477.jpg?v=1669404956],BAUBEAU PARIS,0,25.0," Petite anse amovible Cuir de vache Longueur : 45 cm Pièces métalliques dorées Fabriqué à la main au portugal. 
  Composition :   cuir de vachette pleine fleur 
  Conseil d'entretien :     Pour un bon entretien de nos créations, voici nos petits conseils. Prenez soin de toujours rembourrer votre sac et de le mettre dans son sac en tissu Baubeau Paris quand vous ne l'utilisez pas. Évitez le contact avec les corps gras. Si votre sac vient à être taché, nettoyez le cuir avec un tissu doux et clair. 
  Dimensions :  45 cm "
6642708119648,Pulls Col V,"Collection : AbsolutCashmereNew, dropshipping, M, Pulls Col V, Type : Pulls Col V, >100€, AbsolutCashmereNew",[],ABSOLUT CASHMERE,0,0.0,"  Pull Alicia Col V Ml -  Perle   
  Saison  : AH22 AC 
  Composition :  100% CACHEMIRE 12GG 
   Entretien :   Lavage à la main ou en machine programme laine à froid. Ne pas javelliser. Ne pas sécher en tambour. Repassage doux (sur l’envers). Nettoyage à sec. Sécher à plat.  "
6625447346272,Chaussures,"38, 39, 40, accessperma, Chaussures, Collection : Made By Sarenza, dropshipping, Made By Sarenza, Perma0523, retourSRP, Type : Chaussures","[https://cdn.shopify.com/s/files/1/0002/7600/4882/products/0000237302_445200_04.jpg?v=1662470971,https://cdn.shopify.com/s/files/1/0002/7600/4882/products/0000237302_445200_06.jpg?v=1662470971,https://cdn.shopify.com/s/files/1/0002/7600/4882/products/0000237302_445200_05.jpg?v=1662470971,https://cdn.shopify.com/s/files/1/0002/7600/4882/products/0000237302_445200_03.jpg?v=1662470971,https://cdn.shopify.com/s/files/1/0002/7600/4882/products/0000237302_445200_07.jpg?v=1662470972,https://cdn.shopify.com/s/files/1/0002/7600/4882/products/0000237302_445200_08.jpg?v=1662470972,https://cdn.shopify.com/s/files/1/0002/7600/4882/products/0000237302_445200_09.jpg?v=1662470972,https://cdn.shopify.com/s/files/1/0002/7600/4882/products/0000237302_445200_02.jpg?v=1662470971]",MADE BY SARENZA,0,140.0, Sartorial Folk Souliers #2   Conseil taille :  Prenez votre pointure habituelle.   Composition :  Cuir 
6625635565664,Chemises & Tops,"34, 36, 38, 40, 42, Chemises & Tops, Collection : Plume Paris, dispeo, eligibility, numerodelavente, Plume Paris, recherche1:Prêt-à-porter, recherche2:T-Shirts, Type : Chemises & Tops","[https://cdn.shopify.com/s/files/1/0002/7600/4882/products/top-leonie-tangerine-orange-145224.jpg?v=1675153901,https://cdn.shopify.com/s/files/1/0002/7600/4882/products/top-leonie-tangerine-orange-789941.jpg?v=1675153901,https://cdn.shopify.com/s/files/1/0002/7600/4882/products/top-leonie-tangerine-orange-797289.jpg?v=1675153901,https://cdn.shopify.com/s/files/1/0002/7600/4882/products/top-leonie-tangerine-orange-885037.jpg?v=1675153901,https://cdn.shopify.com/s/files/1/0002/7600/4882/products/top-leonie-tangerine-orange-518761.jpg?v=1675153901,https://cdn.shopify.com/s/files/1/0002/7600/4882/products/top-leonie-tangerine-orange-224043.jpg?v=1675153901,https://cdn.shopify.com/s/files/1/0002/7600/4882/products/top-leonie-tangerine-orange-615225.jpg?v=1675153901,https://cdn.shopify.com/s/files/1/0002/7600/4882/products/top-leonie-tangerine-orange-111399.jpg?v=1675153901,https://cdn.shopify.com/s/files/1/0002/7600/4882/products/top-leonie-tangerine-orange-482231.jpg?v=1675153901,https://cdn.shopify.com/s/files/1/0002/7600/4882/products/top-leonie-tangerine-orange-577203.jpg?v=1675153901,https://cdn.shopify.com/s/files/1/0002/7600/4882/products/top-leonie-tangerine-orange-479296.jpg?v=1675153901]",PLUME PARIS,0,258.33333333333337," Notre caraco LÉONIE est parfait pour se porter de différentes façons, seul ou en dessous d'un gilet, il ajoutera un plus à votre tenue grâce a sa dentelle délicate sur l'encolure. Existe en 6 coloris !   Céline mesure 1m73 et porte une taille 36.    Composition :  Soie   Entretien :  Pour votre top LÉONIE, choisissez un programme délicat à 30° avec une lessive spéciale soie sans ajouter d'adoucissant. Nous vous conseillons de protéger votre vêtement avec un filet de protection ou une taie d'oreiller. Déposez votre chemise entre deux serviettes éponges propres et tamponnez-la. 
Étendez votre vêtement et laissez-le sécher à l'air libre. Le séchage en machine est vivement déconseillé. Repassez délicatement votre vêtement avec le programme ""soie"". "
6596019945568,Bottes Et Bottines,"35, 36, 37, 38, 39, 40, 41, Bottes Et Bottines, dropshipping, eligibility, Souliers Martinez","[https://cdn.shopify.com/s/files/1/0002/7600/4882/products/bottines-cow-boy-tejas-cuir-tresse-cognac-bottes-et-bottines-souliers-martinez-709628.jpg?v=1646738207,https://cdn.shopify.com/s/files/1/0002/7600/4882/products/bottines-cow-boy-tejas-cuir-tresse-cognac-bottes-et-bottines-souliers-martinez-163660.jpg?v=1646733719,https://cdn.shopify.com/s/files/1/0002/7600/4882/products/bottines-cow-boy-tejas-cuir-tresse-cognac-bottes-et-bottines-souliers-martinez-294795.jpg?v=1646733839,https://cdn.shopify.com/s/files/1/0002/7600/4882/products/bottines-cow-boy-tejas-cuir-tresse-cognac-bottes-et-bottines-souliers-martinez-954536.jpg?v=1646736625,https://cdn.shopify.com/s/files/1/0002/7600/4882/products/bottines-cow-boy-tejas-cuir-tresse-cognac-bottes-et-bottines-souliers-martinez-964116.jpg?v=1646735047,https://cdn.shopify.com/s/files/1/0002/7600/4882/products/bottines-cow-boy-tejas-cuir-tresse-cognac-bottes-et-bottines-souliers-martinez-351572.jpg?v=1646733988,https://cdn.shopify.com/s/files/1/0002/7600/4882/products/bottines-cow-boy-tejas-cuir-tresse-cognac-bottes-et-bottines-souliers-martinez-205515.jpg?v=1646737232]",SOULIERS MARTINEZ,0,530.0," La botte cowboy basse Tejas apportera une touche d'Amérique moderne à votre garde-robe d'hiver. Fabriqué en cuir tissé au toucher naturel, ce modèle emblématique transformera tous vos looks. Un talon monobloc incliné de 5 cm sur une semelle épaisse complète le look.  Tous nos produits sont fabriqués à la main dans nos ateliers de la côte espagnole.   Talon :  5 cm   Conseil taille:  Ce modèle chausse petit, prenez la pointure du dessus.
Ce modèle n'est pas disponible en demi-pointures, prenez la pointure juste au-dessus si votre pointure est intermédiaire.   Composition :  L'artisanat et l'héritage sont les fondements de notre voyage créatif. Tous nos produits sont tissés, assemblés et finalisés en Espagne dans le cadre d'une démarche engagée en faveur de la fabrication et de l'artisanat locaux.  

Le cuir est un matériau naturel, ce qui signifie que des irrégularités peuvent apparaître. C'est un signe de la qualité artisanale de nos produits.  

Dessus : 100% cuir 
Semelle intérieure : 100% cuir 
Semelle extérieure : 100% cuir "
6589478568032,Plaids,"150x200 Cm, <20€, Collection : TODAY, dispeo, Plaids, target2sell:2022-05-26 07:45:00, TODAY, Type : Plaids","[https://cdn.shopify.com/s/files/1/0002/7600/4882/products/plaid-doux-150x200-uni-winter-spirit-polar-blue-bleu-plaid-today-220939.jpg?v=1641236363,https://cdn.shopify.com/s/files/1/0002/7600/4882/products/plaid-doux-150x200-uni-winter-spirit-polar-blue-bleu-plaid-today-506870.jpg?v=1641238836,https://cdn.shopify.com/s/files/1/0002/7600/4882/products/plaid-doux-150x200-uni-winter-spirit-polar-blue-bleu-plaid-today-563359.jpg?v=1641236219]",TODAY,0,70.833333333333343,  Composition :  100% Polyester   Qualité :  300 gsm   Oeko Tex :  NON   Taille :  150x200cm   Conseils d'entretien :  lavage 30°C blanchiment interdit repassage délicat 110°C séchage basse température 60°C nettoyage à sec interdit 
6657250295904,Sacs,"4230602, Collection : Sequoia, dispeo, INACTIF, Sacs, Sequoia, Sequoia0423, SRPFINALRETOUR0923, TU, Type : Sacs",[https://cdn.shopify.com/s/files/1/0002/7600/4882/products/S54-066-CAMEL-1.jpg?v=1681702457],SEQUOIA,0,57.5,  Matière extérieur :  Refente De Cuir De Vachette Lisse Façon Croco  Matière intérieur :  Textile 
6668892766304,Sandales,"couleur:Blue, dropshipping, Femme, Melissa Shoes, MÉLISSASHOES1223, recherche1:Chaussures, recherche2:Sandales, Sandales, Type : Sandales, 12230318, 35/36, 37, 38, 39, 40, 41/42, Collection : Melissa Shoes","[https://cdn.shopify.com/s/files/1/0002/7600/4882/products/278294053_1212738269472136_1575080338118253946_n.jpg?v=1689600280,https://cdn.shopify.com/s/files/1/0002/7600/4882/products/33601_AB622_04_HD.jpg?v=1689175343,https://cdn.shopify.com/s/files/1/0002/7600/4882/products/33601_AB622_00_HD.jpg?v=1689175343,https://cdn.shopify.com/s/files/1/0002/7600/4882/products/33601_AB622_02_HD.jpg?v=1689175343,https://cdn.shopify.com/s/files/1/0002/7600/4882/products/33601_AB622_03_HD.jpg?v=1689175343,https://cdn.shopify.com/s/files/1/0002/7600/4882/products/33601_AB622_01_HD.jpg?v=1689177005]",MELISSA SHOES,0,0.0, Simon Miller et Melissa collaborent pour créer la paire de sabots ultime. Très confortable et élégante dans sa couleur blanc bleur. 
6904477089888,Tote Bags,"resizebrand14, The Brand Collector, THEBRANDCOLLECTOR0324, Tote Bags, Type : Tote Bags, 3240904, Collection : The Brand Collector, dropshipping, recherche1:Accessoires, recherche2:Sacs","[https://cdn.shopify.com/s/files/1/0002/7600/4882/files/896046-1_1698517740_1708598124.jpg?v=1711452024,https://cdn.shopify.com/s/files/1/0002/7600/4882/files/896046-3_1698517739.jpg?v=1711452024,https://cdn.shopify.com/s/files/1/0002/7600/4882/files/896046-2_1698517739.jpg?v=1711452024,https://cdn.shopify.com/s/files/1/0002/7600/4882/files/896046-0_1698517740_1708598124.jpg?v=1711698938]",THE BRAND COLLECTOR,0,0.0," 
  

   
 Brand:  Gucci 

   
 Model:   
   
 Color:  Black 

   
 Material:  Leather 

   
 Dimensions:  21cm x 24cm x 9.5cm 

  
   
 Serial number:  179775 
   
   
 Inclusions:  Dust bag 
   
   
 Country of origin:  Italy 
  

   

  

   

  
   
     Condition:  AB - good condition. 
     
    If you appreciate a casual, modern look, this Gucci bag is perfect for you! Its splendor will seduce fashion-conscious women and men alike. Condition: The bag is in good condition, although it is a little deformed and its corner has a slight rubbing. However, there are no defects on the inside. We recommend that you look at all the pictures before making your purchase to ensure that you are satisfied with the condition of the bag. 
   
  

   

  
   
     Delivery: 
    
   
   
   
   
 TBC reference (SKU):  1698517737868901 
   
   
    An authenticity certificate delivered by The Brand Collector is coming with
    this item
   
  
 "
6752379142240,Boucles d'oreilles,"12230957, Boucles d'oreilles, dropshipping, NS, OFEE1223, recherche1:Accessoires, recherche2:Boucles d'Oreille, resize1, Type : Boucles d'oreilles","[https://cdn.shopify.com/s/files/1/0002/7600/4882/files/BOFROM-0.06NYside_2.jpg?v=1703839814,https://cdn.shopify.com/s/files/1/0002/7600/4882/files/BOFROM-0.06NYback_1.jpg?v=1703839814,https://cdn.shopify.com/s/files/1/0002/7600/4882/files/BOFROM-0.06NYTop_3.jpg?v=1703859912]",OFEE,0,240.83333333333334,"   Couleur :  Or jaune    Type Or :  Or 375/1000    Poids (en gr) :  0,06 "
6544306307168,Chemises & Tops,"34, 36, 38, 40, 42, 5230203, Chemises & Tops, Collection : Pablo, dropshipping, eligibility, INACTIF, Pablo, Pablo0523, recherche1:Prêt-à-porter, recherche2:Chemises, Type : Chemises & Tops","[https://cdn.shopify.com/s/files/1/0002/7600/4882/products/chemisier-top-pmc22m7361100-chemises-et-tops-pablo-179392.jpg?v=1617286675,https://cdn.shopify.com/s/files/1/0002/7600/4882/products/chemisier-top-pmc22m7361100-chemises-et-tops-pablo-703029.jpg?v=1617286657,https://cdn.shopify.com/s/files/1/0002/7600/4882/products/chemisier-top-pmc22m7361100-chemises-et-tops-pablo-918534.jpg?v=1617286641,https://cdn.shopify.com/s/files/1/0002/7600/4882/products/chemisier-top-pmc22m7361100-chemises-et-tops-pablo-775461.jpg?v=1617256716,https://cdn.shopify.com/s/files/1/0002/7600/4882/products/chemisier-top-pmc22m7361100-chemises-et-tops-pablo-326865.jpg?v=1617258522]",PABLO,0,704.1680672268908, Chemise avec lavallière confectionnée en broderie anglaise contrastée. Son look rétro un brin bohème donnera le ton d'une allure ultra-féminine portée avec un jean slim! - Col lavallière - Manches longues - Patte de boutonnage - Bas arrondi - Coupe loose  Chemise avec lavallière confectionnée en broderie anglaise contrastée. Son look rétro un brin bohème donnera le ton d'une allure ultra-féminine portée avec un jean slim! - Col lavallière - Manches longues - Patte de boutonnage - Bas arrondi - Coupe loose   Composition :  100% Coton   Entretien :  Laver à 30°c séparément 
6634701979744,Assises,,"[https://cdn.shopify.com/s/files/1/0002/7600/4882/products/canape-alienor-2-places-en-velours-noir-119973.jpg?v=1695028179,https://cdn.shopify.com/s/files/1/0002/7600/4882/products/canape-alienor-2-places-en-velours-noir-872790.jpg?v=1695028179,https://cdn.shopify.com/s/files/1/0002/7600/4882/products/canape-alienor-2-places-en-velours-noir-155888.jpg?v=1695028179,https://cdn.shopify.com/s/files/1/0002/7600/4882/products/canape-alienor-2-places-en-velours-noir-851295.jpg?v=1695028179,https://cdn.shopify.com/s/files/1/0002/7600/4882/products/canape-alienor-2-places-en-velours-noir-223928.jpg?v=1695028179,https://cdn.shopify.com/s/files/1/0002/7600/4882/products/canape-alienor-2-places-en-velours-noir-107856.jpg?v=1695028179,https://cdn.shopify.com/s/files/1/0002/7600/4882/files/PP-213320.jpg?v=1695028179]",POTIRON,0,374.16666666666669," Petit canapé velours 2 places - pieds en bois foncé  Le canapé 2 places Aliénor en velours noir fera mouche au premier coup d’œil ! Sa conception a tout pour capturer le regard : un clair-obscur qui oppose le velours lisse, caressant, l’hévéa chaleureux à l’austérité du noir, et le dossier galbé aux lignes minimalistes et géométriques. Cette perle noire habille élégamment petits et grands espaces, avec sobriété et assurance.   Revêtement en velours noir 100 % polyester  Rembourrage en mousse  Structure en pin et bois d’ingénierie  Pieds en bois d’hévéa   Dimensions  Longueur : 125 cm  Hauteur : 72 cm  Profondeur : 73 cm  Hauteur d’assise : 43 cm   Petit canapé 2 places en velours noir, un iconique revisité  Le canapé 2 places Aliénor noir peut paraître tout droit sorti d’un décor des Sixties, avec ses lignes galbées et ses pieds fins obliques. Et pourtant, il trouve tout aussi aisément sa place dans un thème loft, boudoir, que contemporain ou classique. Dans la plus pure tradition des tissus nobles, le velours noir lui transmet de son intensité et de sa profondeur. Avec son allure sobre et mesurée, ce petit canapé 2 places offre un design chic, une assise stable et accueillante qu’il fera bon de retrouver dans un salon, un bureau, une bibliothèque ou une chambre moderne.   L’indémodable velours noir du canapé 2 places Aliénor  De petite largeur, ce confortable canapé en velours noir présente des dimensions idéales pour préserver un espace un peu trop exigu, donner du cachet à une entrée ou alors créer des volumes de caractère dans un salon. Vous pouvez décider de le placer tout seul ou doublé d’un alter ego. Choisissez-le d’une couleur identique pour la continuité ou décliné en ocre, bleu perle, pour l’effet punchy. D’une redoutable élégance, il s’accommode à merveille de plaids et de coussins colorés, à motifs ou unis, selon le style que vous voulez affirmer.     Détails :  Petit canapé 2 places - pieds bois foncé    Nombre de places :  2 places   Fonction :  fixe   Dimensions :  125x72x73
  ; Hauteur d'assise: 43cm   Poids maximum supporté :  240kg   Matériaux :  Velours   Composition :  Structure en pin et bois d'ingénierie, pieds en bois d'hévéa - Rembourrage en mousse - Revêtement en velours 100% polyester - A monter   Certificats Fournisseurs :  Le fabricant de ce produit est certifié FSC et OEKO-TEX. Le label environnemental FSC s'assure qu'un produit à base de bois respecte les procédures garantissant la gestion durable des forêts. La certification Oeko-Tex assure en outre que le tissu ne contient pas de substances nocives pour la santé.    Entretien :  Non déhoussable - Nettoyer avec un tissu humide    La livraison des commandes incluant un produit volumineux se fait sur rendez-vous et systématiquement par deux professionnels de livraison de mobilier.   Notre partenaire de transport vous contacte par SMS ou Email avec un lien vous permettant de choisir votre date de livraison.   Dès la planification du rendez-vous, un mail de confirmation vous est adressé avec les informations nécessaires au bon déroulement de la prestation.   Le rendez-vous pris est exclusivement à la demi-journée, sur des créneaux maximums de 5h.   La veille de la livraison, notre partenaire de transport vous contacte afin d’affiner le rendez-vous sur un créneau de 2h.  "
6635664965728,Chaussures Et Accessoires,"5230268, Chaussures Et Accessoires, Collection : Laurence Bras, dropshipping, INACTIF, Laurencebras0623, SRPFINALRETOUR0923, TU, Type : Chaussures Et Accessoires","[https://cdn.shopify.com/s/files/1/0002/7600/4882/products/ceinture-highway-combo-1-504146.jpg?v=1669045732,https://cdn.shopify.com/s/files/1/0002/7600/4882/products/ceinture-highway-combo-1-281771.jpg?v=1669045732,https://cdn.shopify.com/s/files/1/0002/7600/4882/products/ceinture-highway-combo-1-599153.jpg?v=1669045732]",LAURENCE BRAS,0,80.0," Ceinture large bicolore, finitions en métal, boucle carrée, portée nouée
   Composition :  100% Viscose "
6673618731104,Boucles d'Oreilles,"recherche2:Bijoux, TU, Type : Boucles d'Oreilles, 8230770, Boucles d'Oreilles, Collection : Hipanema, dropshipping, Hipanema, HIPANEMA0823, INACTIF, recherche1:Accessoires","[https://cdn.shopify.com/s/files/1/0002/7600/4882/files/159_100607_null_2_H21YOUREM_null.jpg?v=1692711279,https://cdn.shopify.com/s/files/1/0002/7600/4882/files/159_100607_null_1_H21YOUREM_null.jpg?v=1692711279,https://cdn.shopify.com/s/files/1/0002/7600/4882/files/159_100607_null_3_H21YOUREM_null.jpg?v=1692711279,https://cdn.shopify.com/s/files/1/0002/7600/4882/files/159_100607_null_4_H21YOUREM_null.jpg?v=1692711279]",HIPANEMA,0,233.33333333333334," Depuis une dizaine d’années, Hipanema et Wild insufflent la chaleur et la magie du Brésil dans leurs créations colorées et raffinées. Porteuses de belles histoires et de mantras de vie, ces pièces au style bohème chic unique invitent à la liberté et à la joie. Pour chaque jour se parer de soleil et de couleurs vibrantes en toute élégance.  Créoles Laiton plaqué or jaune  Créoles en  laiton plaqué à l'or jaune  et serties de perles en verre. Fermoir papillon.   Chaque bijou est accompagné de son pochon et de son certificat d’authenticité.    Coloris :  noir, vert bouteille et turquoise  Matière :  laiton plaqué à l'or jaune14 carats, perles en verre, résine, polyester et lurex  Dimensions :  9,5 x 5,5 cm   Du fait de l'unicité de chaque bijou, le grammage, la taille et le caratage des matériaux sont donnés à titre indicatif. Ils peuvent varier légèrement d'une pierre à l'autre et d'une mesure à une autre.  Le produit peut être retourné sous 14 jours, à condition qu’il soit dans le même état qu’au moment de sa réception par le membre. L’emballage et/ou blister ne doit pas être descellé. Le produit doit être retourné neuf, inutilisé et complet. Pour plus d’infos sur votre droit de rétractation, merci de consulter les CGV.   
 
   Découvrez notre guide bijoux et trouvez LE bijou qui vous correspond.   "
6696226750560,Jupes,"dropshipping, INACTIF, Jupes, L, langshop, M, recherche1:Prêt-à-porter, recherche2:Jupes, S, Type : Jupes, 9230599, Berthie, BERTHIE1023, Collection : Berthie","[https://cdn.shopify.com/s/files/1/0002/7600/4882/products/image_0ab70d3c-8614-4a04-9eb6-7af2ff7b6f11.jpg?v=1697794385,https://cdn.shopify.com/s/files/1/0002/7600/4882/products/image_9fabeef0-6502-4d3b-bbd4-d007ce4c5b37.jpg?v=1697794385,https://cdn.shopify.com/s/files/1/0002/7600/4882/products/image_8d2203b9-e90b-4a0a-b704-a20fe87bb29f.jpg?v=1697794385,https://cdn.shopify.com/s/files/1/0002/7600/4882/products/image_5946661f-ba55-469d-b5c6-52f4d09bf1a8.jpg?v=1697794385,https://cdn.shopify.com/s/files/1/0002/7600/4882/products/image_e238b2ca-1ca8-4c33-8eef-255bbcd444ba.jpg?v=1697794385,https://cdn.shopify.com/s/files/1/0002/7600/4882/products/image_63e09182-0519-427a-8952-ee09c2d7bf98.jpg?v=1697794385,https://cdn.shopify.com/s/files/1/0002/7600/4882/products/image_037a18d0-0dc1-4417-bbdc-629af9300e14.jpg?v=1697794385,https://cdn.shopify.com/s/files/1/0002/7600/4882/products/image_b3e82160-b4f9-4ec7-9e40-9bcc69938318.jpg?v=1697794385]",BERTHIE,0,0.0," 
 Jupe midi couleur vert d'eau 
 Taille haute 
 Fendue sur les 2 cotés  
 Plissée sur le haut   
 Taille cintrée avec élastique à l'arrière  
 Avec une doublure 100% viscose 
 La jupe est en 100% polyester  
 Longueur: 82cm (pour un S) 
 
 Portée avec  la blouse Stormy  "
6662267568224,Jupes et Shorts,"Type : Jupes, XS, 6230002, Collection : Leon & Harper, dropshipping, Jupes, L, Leon & Harper, LeonHarper0623, M, recherche1:Prêt-à-porter, recherche2:Jupes, S","[https://cdn.shopify.com/s/files/1/0002/7600/4882/products/JUPE_JIVA_BASIC_ASHES-5.jpg?v=1685605912,https://cdn.shopify.com/s/files/1/0002/7600/4882/products/JUPE_JIVA_BASIC_ASHES-4.jpg?v=1685524722,https://cdn.shopify.com/s/files/1/0002/7600/4882/products/JUPE_JIVA_BASIC_ASHES-10.jpg?v=1685522777,https://cdn.shopify.com/s/files/1/0002/7600/4882/products/JUPE_JIVA_BASIC_ASHES-1.jpg?v=1685524722,https://cdn.shopify.com/s/files/1/0002/7600/4882/products/JUPE_JIVA_BASIC_ASHES-2.jpg?v=1685524722,https://cdn.shopify.com/s/files/1/0002/7600/4882/products/JUPE_JIVA_BASIC_ASHES-3.jpg?v=1685524722]",LEON&HARPER2,0,0.0,"Confortable, la jupe tube Jiva Basic est une jupe intemporelle de votre dressing. La femme Leon & Harper recherche de la couleur, du confort et un basique qu'elle peut porter de jour comme nuit. Declinée en une multitude de couleurs cet hiver, la jupe Jiva Basic se porte avec un pull coloré ou une chemise rayée.  Jupe longue Unie Elastiquée à la taille Fente côté 100% coton biologique"
6721606975584,Sacs,"dropshipping, NONRETOURNABLE, recherche1:Accessoires, recherche2:Sacs, Sacs, Type : Sacs, Vintega, VINTEGA0124, 1240237, Collection : Vintega, Default Title","[https://cdn.shopify.com/s/files/1/0002/7600/4882/products/sac-timeless-chanel-2306-71-CHANEL-vintega-seconde-main-luxe-maroquinerie-occasion_005.jpg?v=1699539555,https://cdn.shopify.com/s/files/1/0002/7600/4882/products/sac-timeless-chanel-2306-71-CHANEL-vintega-seconde-main-luxe-maroquinerie-occasion_014.jpg?v=1699539555,https://cdn.shopify.com/s/files/1/0002/7600/4882/products/sac-timeless-chanel-2306-71-CHANEL-vintega-seconde-main-luxe-maroquinerie-occasion_009.jpg?v=1699539555,https://cdn.shopify.com/s/files/1/0002/7600/4882/products/sac-timeless-chanel-2306-71-CHANEL-vintega-seconde-main-luxe-maroquinerie-occasion_007.jpg?v=1699539555,https://cdn.shopify.com/s/files/1/0002/7600/4882/products/sac-timeless-chanel-2306-71-CHANEL-vintega-seconde-main-luxe-maroquinerie-occasion_003.jpg?v=1699539555,https://cdn.shopify.com/s/files/1/0002/7600/4882/products/sac-timeless-chanel-2306-71-CHANEL-vintega-seconde-main-luxe-maroquinerie-occasion_012.jpg?v=1699539555,https://cdn.shopify.com/s/files/1/0002/7600/4882/products/sac-timeless-chanel-2306-71-CHANEL-vintega-seconde-main-luxe-maroquinerie-occasion_002.jpg?v=1699539555,https://cdn.shopify.com/s/files/1/0002/7600/4882/products/sac-timeless-chanel-2306-71-CHANEL-vintega-seconde-main-luxe-maroquinerie-occasion_001.jpg?v=1699539555,https://cdn.shopify.com/s/files/1/0002/7600/4882/products/sac-timeless-chanel-2306-71-CHANEL-vintega-seconde-main-luxe-maroquinerie-occasion_006.jpg?v=1699539555,https://cdn.shopify.com/s/files/1/0002/7600/4882/products/sac-timeless-chanel-2306-71-CHANEL-vintega-seconde-main-luxe-maroquinerie-occasion_004.jpg?v=1699539555,https://cdn.shopify.com/s/files/1/0002/7600/4882/products/sac-timeless-chanel-2306-71-CHANEL-vintega-seconde-main-luxe-maroquinerie-occasion_013.jpg?v=1699539555,https://cdn.shopify.com/s/files/1/0002/7600/4882/products/sac-timeless-chanel-2306-71-CHANEL-vintega-seconde-main-luxe-maroquinerie-occasion_011.jpg?v=1699539555]",VINTEGA,0,0.0,"  
 Sac Timeless / Classique Jumbo en cuir violet. Intérieur en Cuir Violet. Accastillage en métal Argenté. En Très Bonne Condition : Usure au niveau de la fermeture éclair, Quelques signes d'usure sur le cuir Code série : 15662847  
 Dimensions 
  Largeur: 30cm, Hauteur: 20cm, Profondeur: 10cm, Bandoulière: 120cm  
 Accessoires 
  Certificat de conformité Vintega, Dustbag Vintega  
 SKU 
  BR675-306-71 "
6786202042464,Blouses Et Chemises,"recherche1:Prêt-À-Porter, recherche2:Chemises, Type : Blouses Et Chemises, 1240268, 34, 36, 38, 40, Blouses Et Chemises, Collection : Laurence Bras, dropshipping, Laurence Bras","[https://cdn.shopify.com/s/files/1/0002/7600/4882/products/180-42SH081_31PA026-009_3b59f111-b5f9-42f5-834b-37a752f5f280.jpg?v=1705405979,https://cdn.shopify.com/s/files/1/0002/7600/4882/products/180-42SH081_31PA026-035_8a89f96e-280d-4b36-bfbb-8aeaab23fd3a.png?v=1705405979,https://cdn.shopify.com/s/files/1/0002/7600/4882/products/180-42SH081_31PA026-019_25afe987-322f-4871-8e88-cb810d3ca0d5.png?v=1705405979,https://cdn.shopify.com/s/files/1/0002/7600/4882/products/180-42SH081_31PA026-037_0c4bb864-be28-4e91-822a-bd99a0fc3fde.png?v=1705405979,https://cdn.shopify.com/s/files/1/0002/7600/4882/products/180-42SH081_31PA026-033_6761f66c-c3c0-43f2-8ce8-b9bc0d767055.png?v=1705405979,https://cdn.shopify.com/s/files/1/0002/7600/4882/products/180-42SH081_31PA026-032_0cdd684f-b5cc-4f4d-9526-855b0e3f2442.png?v=1705405979,https://cdn.shopify.com/s/files/1/0002/7600/4882/products/JULLGREEN_cd97fae5-3588-48c2-8099-d661a241a001.jpg?v=1705405979]",LAURENCE BRAS,0,0.0," 
  La chemise   Juul taille normalement, vous pouvez prendre votre taille habituelle  
   
 Chemise Juul 
 - Blouse manches longues    
 - Col Mao avec fente 
 - Pinces plissées au niveau des épaules    
  - Manches longues avec fente au poignet  
   
  Le mannequin mesure 179 cm pour un tour de poitrine de 88 cm et un tour de taille de 60 cm et porte une taille 38  
   
  Fabriquée en Inde  "
6554079395936,Sandales,"2240196, 36, 37, 38, 39, 40, 41, ANAKI0224, dropshipping, recherche1:Chaussures, recherche2:Sandales, Sandales",[https://cdn.shopify.com/s/files/1/0002/7600/4882/products/sandales-austin-mirroir-te-anaki-249093.jpg?v=1676628004],ANAKI,0,912.41666666666674, Sandale plate.   Couleur :  Miroir Te   Composition :  Cuir   Conseil d'entretien :  crème nourrissante pour cuir. 
6853792759904,Ensembles Pour Bébés Et Tout-Petits,"8A, Collection : Frangin Frangine, dropshipping, Ensembles Pour Bébés Et Tout-Petits, Frangin Frangine, FRANGINFRANGINE0224, recherche1:Enfant Et Bébé, recherche2:Robes, Type : Ensembles Pour Bébés Et Tout-Petits, 10A, 12A, 2240287, 3A, 4A, 6A","[https://cdn.shopify.com/s/files/1/0002/7600/4882/products/8341_6280b407-2610-4c6e-9a6d-549020faa105.jpg?v=1707835903,https://cdn.shopify.com/s/files/1/0002/7600/4882/products/8389_0a3f7098-40b5-4509-9dba-97ea870a200c.jpg?v=1707835903,https://cdn.shopify.com/s/files/1/0002/7600/4882/products/8342_8292d640-631b-4d54-84d3-017ca8e5a051.jpg?v=1707835903,https://cdn.shopify.com/s/files/1/0002/7600/4882/products/8340.jpg?v=1707835903]",FRANGIN FRANGINE,0,224.25068870523418," Welcome Robe Yvette, petite robe simple en lange rose blush, col rond, légèrement ample et boutonnage bois.  "
7136797425760,Hoodies,"Collection : Yoox, dropshipping, Hoodies, Type : Hoodies, Yoox","[https://cdn.shopify.com/s/files/1/0002/7600/4882/files/49770541RB_14_E.jpg?v=1719576816,https://cdn.shopify.com/s/files/1/0002/7600/4882/files/49770541RB_14_D.jpg?v=1719576812,https://cdn.shopify.com/s/files/1/0002/7600/4882/files/49770541RB_14_R.jpg?v=1719576823,https://cdn.shopify.com/s/files/1/0002/7600/4882/files/49770541RB_14_F.jpg?v=1719815352]",YOOX,0,91.583333333333343, Sweatshirt Printed French cotton-terry Ribbed trims Drawstring hood Front pouch pocket Slips on Stretchy fabric Mid-weight fabric Machine wash Imported    Composition :  100% Coton 
14859308958075,Boots,"Collection : Timberland, dropshipping, recherche1:Chaussures, recherche2:Boots, resize14, Stockly, STOCKLYTIMBERLAND1124, Timberland, Type : Boots, 41, 42, 43, 43.5, 44, 44.5, 45, 45.5, 46, 47.5, Boots","[https://cdn.shopify.com/s/files/1/0002/7600/4882/files/timberland_7Ctb0a5xzqk51_Image_1_C1.jpg?v=1732953657,https://cdn.shopify.com/s/files/1/0002/7600/4882/files/timberland_7Ctb0a5xzqk51_Image_3_C1.jpg?v=1732877397,https://cdn.shopify.com/s/files/1/0002/7600/4882/files/timberland_7Ctb0a5xzqk51_Image_2_C1.jpg?v=1732877395]",TIMBERLAND,0,0.0, Bottes Timberland Sprint Trekker M TB0A5XZQK51 Propriétés : Chaussures de sport Timberland Sprint Hiker Mid pour hommes. La tige est en cuir naturel (nubuck) de la plus haute qualité. Connectez-vous en haut. La semelle extérieure en EVA absorbant les chocs absorbe les chocs. Intérieur doux en matières textiles. Doublure en tissu ReBOTL durable composée d'au moins 50 % de plastique recyclé. Laçage classique. La semelle en caoutchouc offre une excellente adhérence au sol. Des chaussures parfaites pour tout style urbain. Couleur : beige 
6629137285216,Escarpins,"38, 40, Collection : Cosmoparis, Cosmoparis, COSMOPARIS1124, dropshipping, Escarpins, numerodelavente, recherche1:Chaussures, recherche2:Chaussures À Talons, Type : Escarpins",[https://cdn.shopify.com/s/files/1/0002/7600/4882/files/ZARIA-VER_NUDE_C.jpg?v=1732728644],COSMOPARIS,0,85.833333333333343," Que vous soyez d’humeur festive ou plutôt décontractée, vous trouverez certainement votre bonheur parmi une sélection d’escarpins, sandales, baskets, bottines, mais aussi espadrilles, tous fabriqués à partir des plus beaux cuirs et aux finitions parfaites.   Modèle :  Escarpins en cuir Zaria Nude   Caractéristiques :  Escarpins en cuir. Talon de 8 cm.   Détails :    Coloris  : nude   Matière  : cuir   Semelle  : tunit "
14862249820539,Sneakers,"Collection : Newlab, dropshipping, Newlab, NEWLAB0325, nom:NL11, numerodevente, recherche1:Chaussures, recherche2:Baskets, Sneakers, Type : Sneakers, 36, 37, 38, 39, 40, 41, 42, 43, 44, 45, 46","[https://cdn.shopify.com/s/files/1/0002/7600/4882/files/nl11-whitegreyburgundychaussuresnewlabnewlab-758253.jpg?v=1732880162,https://cdn.shopify.com/s/files/1/0002/7600/4882/files/nl11-whitegreyburgundychaussuresnewlabnewlab-124375.jpg?v=1732880162,https://cdn.shopify.com/s/files/1/0002/7600/4882/files/nl11-whitegreyburgundychaussuresnewlabnewlab-112857.jpg?v=1732880162]",NEWLAB,0,0.0," ✨ Sneakers NEWLAB NL11, un classique revisité en cuir blanc et laine grise, avec des empiècements en daim bordeaux pour une touche de distinction. La doublure intérieure beige et les lacets en coton assurent un confort inégalé, tandis que le logo NEWLAB est fièrement affiché sur la languette et le talon. La semelle intérieure amovible offre un amorti optimal pour une journée entière de confort. Un choix durable s'offre à vos pieds avec la semelle extérieure conçue à partir de café recyclé. Chaque paire est soigneusement cousue à la main et fabriquée au Portugal, garantissant une qualité et une finition exceptionnelles. Avec une hauteur de semelle de 3 cm, ces sneakers conjuguent à la perfection style, confort et conscience écologique. "
14939328381307,Joggings,"dropshipping, Joggings, recherche1:Prêt-À-Porter, recherche2:Joggings, Type : Joggings, 1, 2, Cruel Pancake, CRUELPANCAKE0325","[https://cdn.shopify.com/s/files/1/0002/7600/4882/files/Plandetravail21copie.png?v=1741082633,https://cdn.shopify.com/s/files/1/0002/7600/4882/files/42_1e145c57-9194-4d21-b2b1-797df1b6efb9.png?v=1741082633,https://cdn.shopify.com/s/files/1/0002/7600/4882/files/41_7df9076b-2713-4a0f-927c-0269a7576e36.png?v=1741082633,https://cdn.shopify.com/s/files/1/0002/7600/4882/files/Plandetravail20copie.png?v=1741082633,https://cdn.shopify.com/s/files/1/0002/7600/4882/files/43_23e986ee-6936-43d3-a957-e2b29ffc1a82.png?v=1741082633,https://cdn.shopify.com/s/files/1/0002/7600/4882/files/40_f339df0d-38a6-4fa9-bd51-331641ba03c4.png?v=1741082633]",CRUEL PANCAKE,0,186.75,"  Jogging ""2 years party"" noir.  
 - Coupe regular - Puff print ""Cruel Pancake Party"" sur l'avant  - 100% coton 
 Jamal : 183 cm / T2 Levi : 180 cm / T2 
 🧵 Made in Portugal 🧼 Machine safe  "
14913725628795,Baskets,"NBADINIKE0225, PEGASHOESNIKE0425, pegashoesxelyn, recherche1:Chaussures, recherche2:Baskets, resize14, Type : Baskets, Baskets, Collection : Nike, dropshipping, MUSTHAVESNEAKERS0225","[https://cdn.shopify.com/s/files/1/0002/7600/4882/files/basket-nike-air-max-thea-junior.jpg?v=1738943506,https://cdn.shopify.com/s/files/1/0002/7600/4882/files/basket-nike-air-max-thea-junior_48382b5d-ec13-4fd7-8ad9-57724831eb3f.jpg?v=1738943520,https://cdn.shopify.com/s/files/1/0002/7600/4882/files/basket-nike-air-max-thea-junior_f06120c4-fbaf-45d3-b534-e1a7879cce8a.jpg?v=1738943516,https://cdn.shopify.com/s/files/1/0002/7600/4882/files/basket-nike-air-max-thea-junior_a23d11cc-2505-403f-946f-35dfbc779a09.jpg?v=1738943510]",NIKE,0,0.0," Basket Junior Nike AIR MAX THEA GS - Ref : 814444-009.Couleur : Noir, Rose.La chaussure Nike Air Max Thea arbore un amorti en toute légèreté et une coupe basse, pour un confort durable et un style élégant.   Détails. - Empeigne en cuir, synthétique et textile, pour plus de confort et de résistance.- Mesh à l'avant-pied et perforations au talon, pour plus d'aération.- Unité Air-Sole visible, pour un amorti en toute légèreté.- Semelles intermédiaire et extérieure en Phylon, pour plus d'adhérence. GS=Grande Section "
14978450424187,Chaussons Bébés,"Chaussons Bébés, Chaussures Lucine, CHAUSSURESLUCINE0325, Collection : Chaussures Lucine, dropshipping, recherche1:Enfants, recherche2:Chaussures, Type : Chaussons Bébés, 17, 18, 19, 20, 21, 293251263","[https://cdn.shopify.com/s/files/1/0002/7600/4882/files/359.1.jpg?v=1743173328,https://cdn.shopify.com/s/files/1/0002/7600/4882/files/359.4.jpg?v=1743173329,https://cdn.shopify.com/s/files/1/0002/7600/4882/files/359.2.jpg?v=1743173327]",CHAUSSURES LUCINE,0,0.0," Chaussons antidérapants 

Extérieur cuir
Intérieur cuir
Patins antidérapants
Montants légèrement sur la cheville, bonne tenue aux pieds
Prendre une pointure de plus que la taille indiquée sur un pédimètre universel "
15275286397307,Bagues,"dropshipping, Type : Bagues, Type : Bagues, 316484165824, 48, 50, 52, 56, Artisan Joaillier, ARTISANJOAILLIER1025, Bagues, Collection : Artisan Joaillier",[https://cdn.shopify.com/s/files/1/0002/7600/4882/files/BWL81018D9G-1.jpg?v=1761659799],ARTISAN JOAILLIER,0,0.0,"  Composition :  Or Blanc 375/1000  Poids de l'or :  1,56   Pierre principale :  Or Blanc 375/1000  Caratage diamant :    Informations des pierres :  D 0,0063/4  Black diamond 0,022/7   Entretien :  Pour conserver longtemps votre bijou, il vous est recommandé d'éviter tout contact avec du parfum, de l'eau de toilette, de l'alcool ou de l'eau "
15300981653883,Broches,"Type : Broches, 302140869850, Broches, Collection : La Fille des Cordeliers, dropshipping, La Fille des Cordeliers, LAFILLEDESCORDELIERS1125, seo-generated-metafields20251125, TU, Type : Broches","[https://cdn.shopify.com/s/files/1/0002/7600/4882/files/IMG_4192_0cc0cb75-cf43-4f00-bb2a-dcacfe6d0f78.jpg?v=1763730932,https://cdn.shopify.com/s/files/1/0002/7600/4882/files/IMG_4189.jpg?v=1763730933,https://cdn.shopify.com/s/files/1/0002/7600/4882/files/IMG_4188_f62a8225-7cfc-4940-84cc-7f1cc68da3a7.jpg?v=1763730933]",LA FILLE DES CORDELIERS,0,0.0,"Pour un style élégant et intemporel, cette  broche  en métal doré se distingue par sa forme de cœur ajouré et ses finitions délicates en arabesques. En son centre, une perle fantaisie nacrée ajoute une touche de douceur, bien qu'une légère trace soit visible sur celle-ci, sans compromettre l'esthétique générale de ce bijou. Avec un fermoir à épingle sécurisé, ce accessoire est non seulement sûr, mais aussi pratique à porter au quotidien.  À porter lors de vos événements ou même au quotidien, cette  broche  vintage apportera une note de raffinement à chacune de vos tenues. Elle se marie notamment avec des vêtements classiques pour une allure sophistiquée.  La Fille des Cordeliers vous présente cette  création , sélectionnée par TheBradery pour son élégance intemporelle et son authenticité vintage ✨  Détails :  - Bijouterie métal doré  - Fermoir à épingle sécurisé  - Dimensions : 4 cm de largeur  - Années estimées : 80's  - Bon état général "
7171828416608,Sacs À Bandoulière,"no-search, Christian Laurier, CHRISTIANLAURIER1225, Collection : Christian Laurier, dropshipping, no-search, Sacs À Bandoulière, Type : Sacs À Bandoulière, Type : Sacs À Bandoulière","[https://cdn.shopify.com/s/files/1/0002/7600/4882/files/CL124ZIAU920_3.jpg?v=1767032725,https://cdn.shopify.com/s/files/1/0002/7600/4882/files/CL124ZIAU920_1.jpg?v=1767032725,https://cdn.shopify.com/s/files/1/0002/7600/4882/files/CL124ZIAU920_3_2.jpg?v=1767032725,https://cdn.shopify.com/s/files/1/0002/7600/4882/files/CL124ZIAU920_2_2.jpg?v=1767032725,https://cdn.shopify.com/s/files/1/0002/7600/4882/files/CL124ZIAU920_2.jpg?v=1767032725,https://cdn.shopify.com/s/files/1/0002/7600/4882/files/CL124ZIAU920_6_2.jpg?v=1767032725,https://cdn.shopify.com/s/files/1/0002/7600/4882/files/CL124ZIAU920_5_2.jpg?v=1767032725,https://cdn.shopify.com/s/files/1/0002/7600/4882/files/CL124ZIAU920_4_2.jpg?v=1767032725,https://cdn.shopify.com/s/files/1/0002/7600/4882/files/CL124ZIAU920_5.jpg?v=1767032725,https://cdn.shopify.com/s/files/1/0002/7600/4882/files/CL124ZIAU920_3_2561dd08-054d-4fb9-bb77-4ecd274484b1.jpg?v=1767032725,https://cdn.shopify.com/s/files/1/0002/7600/4882/files/CL124ZIAU920_6.jpg?v=1767032725,https://cdn.shopify.com/s/files/1/0002/7600/4882/files/CL124ZIAU920.jpg?v=1767032725,https://cdn.shopify.com/s/files/1/0002/7600/4882/files/CL124ZIAU920_2_4ab2401b-65eb-425e-a5a4-dda3b25c4561.jpg?v=1767032725,https://cdn.shopify.com/s/files/1/0002/7600/4882/files/CL124ZIAU920_4.jpg?v=1767032725,https://cdn.shopify.com/s/files/1/0002/7600/4882/files/CL124ZIAU920_2_15e78dd6-7361-4f8d-906c-88627e4c5da8.jpg?v=1767032725,https://cdn.shopify.com/s/files/1/0002/7600/4882/files/CL124ZIAU920_4_67c1760b-02a2-4ec9-b8fb-8795b9dee27e.jpg?v=1767032725]",CHRISTIAN LAURIER,0,187.16666666666669," ✨ Le Sac A Bandouliere Zia - Lilas, issu de la prestigieuse collection Christian Laurier, allie élégance et fonctionnalité. Ce sac en cuir, avec son ouverture à loquet, est un choix raffiné pour le quotidien. Il est accompagné d'une chaîne amovible ainsi que d'une bandoulière réglable et amovible, offrant diverses manières de le porter. "
6618130514016,Sandales,"2241218, 36, 37, 38, 39, 40, 41, ARCHIVE190224, ARCHIVECHAUSSURES2024, BLACKFRIDAY2024, Couleur Pourpre, dropshipping, no-search, Sandales, THEBRADERYARCHIVE2024, Type : Sandales","[https://cdn.shopify.com/s/files/1/0002/7600/4882/products/CHENNAINOIR4.jpg?v=1657869568,https://cdn.shopify.com/s/files/1/0002/7600/4882/products/CHENNAINOIR3.jpg?v=1657869568,https://cdn.shopify.com/s/files/1/0002/7600/4882/products/CHENNAISANDALESENCUIRNOIR2.jpg?v=1657869568,https://cdn.shopify.com/s/files/1/0002/7600/4882/products/SANDALESENCUIRNOIRETCAMELCHENNAI.jpg?v=1657869568,https://cdn.shopify.com/s/files/1/0002/7600/4882/products/ChennaiNoir.jpg?v=1657869568,https://cdn.shopify.com/s/files/1/0002/7600/4882/products/CHENNAISANDALESENCUIRNOIR.jpg?v=1657869568]",COULEUR POURPRE,0,943.67022038567484,"              Sandales Chennai Noir  
  - Sandale en coton tressé   - Semelle en cuir   - Fabriquée en Inde dans le respect du savoir-faire traditionnel  
   Les sandales Chennai Couleur Pourpre conviennent plutôt à des pieds fins.  
   "
14887415054715,Accessoires,"recherche1:Accessoires, recherche2:Autres accessoires, REVERSRP, SELECTIONPAPLUXE0125, Sélection PAP Luxe, TU, Type : Accessoires, Accessoires, dropshipping, numerodevente, PAPLUXE0125","[https://cdn.shopify.com/s/files/1/0002/7600/4882/files/scarf-silver-lining-navy-no-si_3eacfcb6-3b62-4b1e-8b57-3a22e1a32240.jpg?v=1736863621,https://cdn.shopify.com/s/files/1/0002/7600/4882/files/scarf-silver-lining-navy-no-si_e34e2ccc-8bf5-464a-aafd-8f2563679a5e.jpg?v=1736863629,https://cdn.shopify.com/s/files/1/0002/7600/4882/files/scarf-silver-lining-navy-no-si_d3d69fd9-e25d-4853-974d-2d8c530fe0bd.jpg?v=1736863645,https://cdn.shopify.com/s/files/1/0002/7600/4882/files/scarf-silver-lining-navy-no-si_c5caae2c-8558-4c99-9306-8aa204cc44cb.jpg?v=1736863638]",SELECTION PAP LUXE,0,58.250000000000007," Foulard avec bords effet décousu, design large et enveloppant, imprimé bicolore à motif crâne. "
14886116458875,Chapeaux,"dropshipping, Max Mara, Stockly, STOCKLYMAXMARA0125V2, Type : Chapeaux, 57, 58, Chapeaux, Collection : Max Mara","[https://cdn.shopify.com/s/files/1/0002/7600/4882/files/max-mara_7C2414571032600001_Image_3_C1.jpg?v=1737652848,https://cdn.shopify.com/s/files/1/0002/7600/4882/files/max-mara_7C2414571032600001_Image_2_C1.jpg?v=1737652843,https://cdn.shopify.com/s/files/1/0002/7600/4882/files/max-mara_7C2414571032600001_Image_1_C1.jpg?v=1737652833]",MAX MARA,0,0.0," Les prix peuvent fluctuer en fonction des tendances du marché.  Coupe  Panama  à  bord long ,  en raphia , avec  logo brodé  en détail distinctif.  Ne passez pas à côté de ce chapeau signé Max Mara, une pièce d'exception dans notre sélection Chapeaux. 🌟  Composition : Bord long"
6896918560864,Baskets,"46, 47, 48, 49, ARCHIVEFDPS1, ARCHJEVASO0424, Baskets, Collection : Faguo, dropshipping, Faguo, NEWSTOCKARCHIVE0725V2, no-search, numerodevente, Type : Baskets, 40, 41, 42, 43, 44, 45","[https://cdn.shopify.com/s/files/1/0002/7600/4882/files/F23CG3201-NAV71.jpg?v=1710866283,https://cdn.shopify.com/s/files/1/0002/7600/4882/files/F23CG3201-NAV71___P3.jpg?v=1710866293,https://cdn.shopify.com/s/files/1/0002/7600/4882/files/F23CG3201-NAV71___P2.jpg?v=1710866289,https://cdn.shopify.com/s/files/1/0002/7600/4882/files/F23CG3201-NAV71___P4.jpg?v=1710866296]",FAGUO,0,1174.9876033057853,"✨ La HAZEL, inspirée des baskets des années 80, se distingue par sa durabilité grâce à une semelle cousue directement à la tige, conçue dans notre studio. Reconnaissable par son logo F sur le côté, cet incontournable FAGUO est parfait pour toutes occasions. Détails : tige en cuir nubuck, empiècements en suède et PU, lacets en polyester, emballage écologique recyclé et recyclable, avec contribution à la plantation d'un arbre.  "
15225273057659,Maille Et Sweats,"dropshipping, L, M, Manoush, MANOUSH0925, S, Type : Cardigans, XS, 262949486816, Cardigans, Collection : Manoush","[https://cdn.shopify.com/s/files/1/0002/7600/4882/files/01W002106A_bb25dced-8601-4c31-b22b-03173703b10a.jpg?v=1757000896,https://cdn.shopify.com/s/files/1/0002/7600/4882/files/01W002106E_3f660a0c-71ff-4f3c-8291-e7fcf48b4410.jpg?v=1757000896,https://cdn.shopify.com/s/files/1/0002/7600/4882/files/01W002106D_40cfad25-b826-49b8-894c-9e4addc2da83.jpg?v=1757000897,https://cdn.shopify.com/s/files/1/0002/7600/4882/files/01W002106C_c129f09e-f9a8-4575-9f07-7bfa5038e8ec.jpg?v=1757000895,https://cdn.shopify.com/s/files/1/0002/7600/4882/files/01W002106B_0cf8359a-d88b-4db9-93b5-ec347ca4ac0c.jpg?v=1757000896]",MANOUSH,0,0.0," Ce cardigan rose pastel, délicatement agrémenté de boutons en perles nacrées, se distingue par des volants en tulle sur le bas, apportant une touche douce et féminine à son design. "
6611330924640,Pantalons,"24, 25, 26, 27, 28, 29, 30, 31, 32, ARCHIVE1125, ARCHIVESJEVASO1025, Collection : Reiko, dropshipping, meta_processed_desc_title, no-search, numerodevente, Pantalons, Reiko, REIKO1025ARCHIVE, TRIARCHIVE1125DEF, Type : Pantalons","[https://cdn.shopify.com/s/files/1/0002/7600/4882/products/jean-mom-harlem-dnm-bl-16-185428.jpg?v=1664893747,https://cdn.shopify.com/s/files/1/0002/7600/4882/products/jean-mom-harlem-dnm-bl-16-136577.jpg?v=1664893747,https://cdn.shopify.com/s/files/1/0002/7600/4882/products/jean-mom-harlem-dnm-bl-16-858330.jpg?v=1664893747,https://cdn.shopify.com/s/files/1/0002/7600/4882/products/jean-mom-harlem-dnm-bl-16-775881.jpg?v=1664893747,https://cdn.shopify.com/s/files/1/0002/7600/4882/products/jean-mom-harlem-dnm-bl-16-277634.jpg?v=1664893747]",REIKO,0,2346.0063669611477,"En  denim , ce  jean Mom  de Reiko s'inscrit parfaitement dans l'air du temps. Sa coupe intemporelle et confortable met en valeur la silhouette tout en offrant une liberté de mouvement appréciable grâce à sa touche d'élasthanne.  Idéal pour un look casual-chic, ce modèle se porte facilement avec une blouse fluide ou un t-shirt uni, ajoutant une note moderne à vos tenues quotidiennes.  Une  création  Reiko qui allie style décontracté et qualité premium 🌟     Composition :  99% Coton 1% Élasthanne "
6726145179744,Pantalons Et Shorts,"ARCHIVESJEVASO1025, Collection : Vanessa Bruno, dropshipping, numerodevente, Pantalons Et Shorts, TRIARCHIVES1125DEF, Type : Pantalons Et Shorts, Vanessa Bruno, Vanessa Bruno, 36, 38, 40, ARCHIVE1125","[https://cdn.shopify.com/s/files/1/0002/7600/4882/files/0HVA39-V04010-120_B.jpg?v=1699968325,https://cdn.shopify.com/s/files/1/0002/7600/4882/files/0HVA39-V04010-120_E.jpg?v=1699968467,https://cdn.shopify.com/s/files/1/0002/7600/4882/files/0HVA39-V04010-120_A.jpg?v=1699968321,https://cdn.shopify.com/s/files/1/0002/7600/4882/files/0HVA39-V04010-120_C.jpg?v=1699968453,https://cdn.shopify.com/s/files/1/0002/7600/4882/files/0HVA39-V04010-120_D.jpg?v=1699968463,https://cdn.shopify.com/s/files/1/0002/7600/4882/files/0HVA39-V04010-120_Y.jpg?v=1699968572]",VANESSA BRUNO,0,4956.9777548209386,"Pantalon Dompay En coton Dompay, le pantalon en velours côtelé flare qui booste l'allure, un des pantalons iconiques de la maison.   Pantalon bootcut en velours côtelé  Taille haute avec passants de ceinture  Deux poches plaquées à l'avant et au dos  Fermeture zippée et boutonnée   La mannequin porte une taille 36. "
14863317172603,Pantalons Et Shorts,"Pantalons Et Shorts, TRIARCHIVES1125DEF, Type : Pantalons Et Shorts, Vanessa Bruno, Vanessa Bruno, 34, 36, 38, 40, 42, ARCHIVE1125, ARCHIVESJEVASO1025, Collection : Vanessa Bruno, dropshipping, numerodevente","[https://cdn.shopify.com/s/files/1/0002/7600/4882/files/0HVA39-V04010-138_A_5273e075-118d-44b6-95bf-2679460f63fb.jpg?v=1743941427,https://cdn.shopify.com/s/files/1/0002/7600/4882/files/0HVA39-V04010-138_B_56796ebe-77b0-46da-aa4c-cdb170db85c4.jpg?v=1743941432,https://cdn.shopify.com/s/files/1/0002/7600/4882/files/0HVA39-V04010-138_C_96c9acc9-c2a8-4b32-b499-3cdf99f6d1fa.jpg?v=1743941432,https://cdn.shopify.com/s/files/1/0002/7600/4882/files/0HVA39-V04010-138_30f133ea-1cbc-4b19-9fc8-69340ff8b857.jpg?v=1743941431]",VANESSA BRUNO,0,1311.6416666666671,"En  velours côtelé   beige , ce modèle affiche une  coupe flare , une  taille haute  et des  passants de ceinture ,  deux poches plaquées à l'avant ,  deux poches à l'arrière  et une  fermeture zippée et boutonnée .  Ne passez pas à côté du pantalon Dompay signé Vanessa Bruno, une pièce d'exception. ✨  Composition : 98% coton, 2% élasthanne. Doublure poches : 100% coton"
14863930229115,Lingerie,"TRIARCHIVES1125DEF, Type : Lingerie, XL, XS, XS, XS, ARCHIVE1125, ARCHIVESJEVASO1025, Chantelle, Collection : Chantelle, dropshipping, L, Lingerie, M, numerodevente, S","[https://cdn.shopify.com/s/files/1/0002/7600/4882/files/CA21D0-0LW-2.jpg?v=1733239159,https://cdn.shopify.com/s/files/1/0002/7600/4882/files/CA21D0-0LW-4.jpg?v=1733239169,https://cdn.shopify.com/s/files/1/0002/7600/4882/files/CA21D0-0LW-3.jpg?v=1733239165]",CHANTELLE,0,274.33141025641027, Nuisette en  soie . Fines bretelles réglables. Effet satiné. Galons devant et au dos. Fente sur les côtés.  
14974550999419,Baskets,"PEGASHOESXREVER, seo-generated-metafields20251119, Type : Baskets, Type : Baskets, Baskets, Collection : New Balance, dropshipping, meta_seo_processed, New Balance, PEGASHOESNEWBALANCE1125","[https://cdn.shopify.com/s/files/1/0002/7600/4882/files/basket-new-balance-u9060_54c032a1-3159-4609-92d7-0855fc272ee9.jpg?v=1743069809,https://cdn.shopify.com/s/files/1/0002/7600/4882/files/basket-new-balance-u9060_c434fbcc-c45c-4b59-bd44-97d536af04d6.jpg?v=1743069817,https://cdn.shopify.com/s/files/1/0002/7600/4882/files/basket-new-balance-u9060_a5bfa524-26c9-4932-85dd-174136c1fa14.jpg?v=1743069815,https://cdn.shopify.com/s/files/1/0002/7600/4882/files/basket-new-balance-u9060_8901026d-35d4-4501-840f-b8c4eab82567.jpg?v=1743069812,https://cdn.shopify.com/s/files/1/0002/7600/4882/files/basket-new-balance-u9060_b89c28e6-b00f-4efc-9e9c-29cf06920c8f.jpg?v=1744951229]",NEW BALANCE,0,3407.2834022038569,"Baskets au design épuré, ces modèles se distinguent par une  tige en mesh et cuir  assurant à la fois  respirabilité  et  durabilité . La  fermeture à lacets  permet un  ajustement sécurisé  tandis que la  semelle extérieure en caoutchouc  offre une  adhérence fiable .  Ne passez pas à côté de ce produit signé New Balance, une pièce d'exception. 🌟"
6904581259360,T-Shirts Et Tops,"T2, T3, TRIARCHIVES1125DEF, Type : T-Shirts Et Tops, Type : T-Shirts Et Tops, Type : T-Shirts, ARCHIVE1125, ARCHIVESJEVASO1025, BA&SH, Collection : BA&SH, dropshipping, numerodevente, T-Shirts Et Tops, T0, T1","[https://cdn.shopify.com/s/files/1/0002/7600/4882/files/1E23HELO_ECRU_N2.jpg?v=1715885298,https://cdn.shopify.com/s/files/1/0002/7600/4882/files/1E23HELO_ECRU_N1.jpg?v=1715885294,https://cdn.shopify.com/s/files/1/0002/7600/4882/files/1E23HELO_ECRU_N3.jpg?v=1715885302,https://cdn.shopify.com/s/files/1/0002/7600/4882/files/1E23HELO_ECRU_3.jpg?v=1715885265,https://cdn.shopify.com/s/files/1/0002/7600/4882/files/1E23HELO_ECRU_1.jpg?v=1715885257,https://cdn.shopify.com/s/files/1/0002/7600/4882/files/1E23HELO_ECRU_2.jpg?v=1715885261,https://cdn.shopify.com/s/files/1/0002/7600/4882/files/1E23HELO_ECRU_4.jpg?v=1715885269]",BA&SH,0,6922.0020311019516," ✨ Le Débardeur Helois de BA&SH, en teinte écru pour femme, se distingue par son design cropé et son allure estivale. Ce top à basque révèle un délicat jeu de pointelle qui enrichit visuellement la pièce. Les touches de couleurs joyeuses et les micro rayures graphiques en coton accentuent son caractère, promettant confort et style. Idéal avec un short court ou un pantalon taille haute, ses fibres proviennent de l'agriculture biologique. "
7215603286112,Boots,"36, 37, 38, 39, 40, 41, ARCHIVE1125, ARCHIVESJEVASO1025, Boots, Collection : UGG, dropshipping, numerodevente, TRIARCHIVE1125DEF, Type : Boots, UGG, UGG1125ARCHIVE, UGG0825","[https://cdn.shopify.com/s/files/1/0002/7600/4882/files/ugg_7C1134991-bcdr_Image_3_C1.jpg?v=1727183763,https://cdn.shopify.com/s/files/1/0002/7600/4882/files/ugg_7C1134991-bcdr_Image_2_C1.jpg?v=1727183757,https://cdn.shopify.com/s/files/1/0002/7600/4882/files/ugg_7C1134991-bcdr_Image_1_C1.jpg?v=1727183749]",UGG,0,4634.3283333333338,"  Les prix peuvent fluctuer en fonction des tendances du marché.   Élégant, Confortable, Iconique   👢Produit: Les Boots Classic Mini Platform UGG sont l'incarnation de l'élégance moderne, avec une plateforme de 2"" qui apporte une touche sophistiquée et allonge la silhouette. Fabriquées avec du daim riche et de la laine UGGplushTM, ces boots offrent un confort inégalé.  📏Taille: Les UGG Classic Mini Platform taillent normalement, il est recommandé de prendre votre taille habituelle pour un ajustement parfait.  🧵Composition: Fabriquées avec des matériaux éco-responsables, ces boots combinent du daim de qualité supérieure et de la laine UGGplushTM pour une sensation luxueuse.  🧼Entretien: Pour conserver la beauté de vos UGG, nettoyez-les régulièrement avec un produit adapté et protégez-les de l'humidité. Suivez ces conseils simples pour préserver leur qualité exceptionnelle."
6606713159776,Robes,"18250213, Autour Du Lin, AUTOURDULIN0825, dropshipping, L/XL, M/L, Robes, S/M, Type : Robes, XL/XXL","[https://cdn.shopify.com/s/files/1/0002/7600/4882/products/robe-beige-femme-robes-jupes-autour-du-lin-404784.jpg?v=1651680700,https://cdn.shopify.com/s/files/1/0002/7600/4882/products/robe-beige-femme-robes-jupes-autour-du-lin-692630.jpg?v=1651679655,https://cdn.shopify.com/s/files/1/0002/7600/4882/products/robe-beige-femme-robes-jupes-autour-du-lin-456855.jpg?v=1651679576,https://cdn.shopify.com/s/files/1/0002/7600/4882/products/robe-beige-femme-robes-jupes-autour-du-lin-299183.jpg?v=1651680125]",AUTOUR DU LIN,0,298.41666666666669," Robe en lin, deux poches à l'avant , col V avec détaille paillette "
7225055445088,,,[],ZAPA,0,0.0,
14877848404347,Sweat-shirt,"quiksilver, STOCKLYQUIKSILVER0125, STOCKLYQUIKSILVER1224, Sweat-shirt",[],QUIKSILVER,0,0.0, Quiksilver Marin Swtr Rrr0 Sweat-shirt 
6794691248224,JAC,">100€, JAC, Pyrenex",[],PYRENEX,0,0.0,  Composition :  100% Polyamide 
7184045342816,Ceintures,"recherche1:Accessoires, recherche2:Ceintures, Type : Ceintures, XS/S, Ceintures, Collection : Feeka, dropshipping, Feeka, FEEKA1224, JEVASOWH, M/L, no-search, numerodelavente","[https://cdn.shopify.com/s/files/1/0002/7600/4882/files/6CEM001507069-1.jpg?v=1724145774,https://cdn.shopify.com/s/files/1/0002/7600/4882/files/6CEM001507069-3.jpg?v=1724145784]",FEEKA,0,116.33333333333333, Ceinture réglable 
14865747411323,Vestes Et Manteaux,"Type : Manteaux, >100€, Collection : Sélection PAP Luxe, dropshipping, JEVASOWH, LEVESTIAIRELUXEFEMME1224, Manteau, SELECTIONPAPLUXE1224, SELECTIONPAPLUXE1224V2, SELECTIONPAPLUXE1224V2FEMME, Sélection PAP Luxe","[https://cdn.shopify.com/s/files/1/0002/7600/4882/files/HARRIS-WHARF_MPYRLBEI_BEI_3.jpg?v=1733491389,https://cdn.shopify.com/s/files/1/0002/7600/4882/files/HARRIS-WHARF_MPYRLBEI_BEI_2.jpg?v=1733491383,https://cdn.shopify.com/s/files/1/0002/7600/4882/files/HARRIS-WHARF_MPYRLBEI_BEI_5.jpg?v=1733491400,https://cdn.shopify.com/s/files/1/0002/7600/4882/files/HARRIS-WHARF_MPYRLBEI_BEI_4.jpg?v=1733491393,https://cdn.shopify.com/s/files/1/0002/7600/4882/files/HARRIS-WHARF_MPYRLBEI_BEI_1.jpg?v=1733491375]",SELECTION PAP LUXE,0,408.16666666666663, Manteau trench   Composition :  100% Wool 
14863584395643,Pantalons,"Collection : Helly Hansen, dropshipping, Helly Hansen, Pantalons, Stockly, STOCKLYHELLYHANSEN1224, Type : Pantalons","[https://cdn.shopify.com/s/files/1/0002/7600/4882/files/helly-hansen_7C63278-990_Image_3_C1.jpg?v=1733419363,https://cdn.shopify.com/s/files/1/0002/7600/4882/files/helly-hansen_7C63278-990_Image_2_C1.jpg?v=1733419356,https://cdn.shopify.com/s/files/1/0002/7600/4882/files/helly-hansen_7C63278-990_Image_1_C1.jpg?v=1733419353]",HELLY HANSEN,0,0.0, Pantalon Helly Hansen Lifa Tech Lite 
15092839022971,Zapatilla,"BRANDXTBJUNIO25, Calzado, HASTA30REBAJASSS24, SI-OUTLETENERO2025, SPECIALPRICE, Temporada_AW21, Tipo de Zapato_Zapatilla, ALLSNEAKERS, BORRADORSS24",[],MIM,0,0.0,
14903777427835,Robes Et Combinaisons,"Robes Et Combinaisons, SAVE0125V2, Type : Robes Et Combinaisons, Collection : La Sélection Rentrée, dropshipping, La Sélection Rentrée, PAPSAVE0125V2","[https://cdn.shopify.com/s/files/1/0002/7600/4882/files/robe-midi-folegandros_bff7f297-4b11-4d24-9525-9b7439898bc3.jpg?v=1738147157,https://cdn.shopify.com/s/files/1/0002/7600/4882/files/robe-midi-folegandros_f9461a4a-85d3-4ea7-9f6a-e5d6200419fa.jpg?v=1738147167,https://cdn.shopify.com/s/files/1/0002/7600/4882/files/robe-midi-folegandros_6b7c8f1d-4c27-48dd-ae96-70aff107f970.jpg?v=1738147153,https://cdn.shopify.com/s/files/1/0002/7600/4882/files/robe-midi-folegandros_c87bfe80-1886-43e6-9fee-b24ae6b68f33.jpg?v=1738147161,https://cdn.shopify.com/s/files/1/0002/7600/4882/files/robe-midi-folegandros_c524eaf6-dc45-48f8-8b27-355444fdf454.jpg?v=1738147170,https://cdn.shopify.com/s/files/1/0002/7600/4882/files/robe-midi-folegandros_eeae8043-de42-4685-a8df-357b4f987c66.jpg?v=1738147165]",LA SELECTION RENTREE,0,41.583333333333336,  Composition :  100% polyester 
15197671752059,Robes,"207250037, 34, Collection : IRO, dropshipping, IRO, IRO0825, Robes, Type : Robes","[https://cdn.shopify.com/s/files/1/0002/7600/4882/files/WM33HELINA_PUR15_X.jpg?v=1754474906,https://cdn.shopify.com/s/files/1/0002/7600/4882/files/WM33HELINA_PUR15_W.jpg?v=1754474903,https://cdn.shopify.com/s/files/1/0002/7600/4882/files/WM33HELINA_PUR15_Y.jpg?v=1754474912,https://cdn.shopify.com/s/files/1/0002/7600/4882/files/WM33HELINA_PUR15_Z.jpg?v=1754474920]",IRO,0,216.50000000000003, PRINCIPAL:100% POLYESTER 
15080353792379,Sandales,"44, 46, Billowy, BILLOWY0525, Collection : Billowy, dropshipping, JEVASOWH, numerodevente, Sandales, Type : Sandales, 42, 43","[https://cdn.shopify.com/s/files/1/0002/7600/4882/files/8261-c01-6.jpg?v=1747904196,https://cdn.shopify.com/s/files/1/0002/7600/4882/files/8261-c01-3.jpg?v=1747904183,https://cdn.shopify.com/s/files/1/0002/7600/4882/files/8261-c01-1.jpg?v=1747904174,https://cdn.shopify.com/s/files/1/0002/7600/4882/files/8261-c01-2.jpg?v=1747904180,https://cdn.shopify.com/s/files/1/0002/7600/4882/files/8261-c01-5.jpg?v=1747904191,https://cdn.shopify.com/s/files/1/0002/7600/4882/files/8261-c01-7.jpg?v=1747904200,https://cdn.shopify.com/s/files/1/0002/7600/4882/files/8261-c01-4.jpg?v=1747904187,https://cdn.shopify.com/s/files/1/0002/7600/4882/files/8261-c01-8.jpg?v=1747904203]",BILLOWY,0,0.0,Tige : Cuir Doublure : Cuir Semelle : Synthétique
6669885472864,Jupes,no-search,"[https://cdn.shopify.com/s/files/1/0002/7600/4882/products/ANJA_01_40copie.png?v=1689844813,https://cdn.shopify.com/s/files/1/0002/7600/4882/products/ANJA_01_45copie.png?v=1689844813,https://cdn.shopify.com/s/files/1/0002/7600/4882/products/220920_13_3257_fd5eb240-ce03-459f-afc5-6b53d4c44c7c.jpg?v=1689844813,https://cdn.shopify.com/s/files/1/0002/7600/4882/products/220920_13_3181.jpg?v=1689844813,https://cdn.shopify.com/s/files/1/0002/7600/4882/products/220920_13_3178.jpg?v=1689844813,https://cdn.shopify.com/s/files/1/0002/7600/4882/products/220920_13_3303.jpg?v=1689844813,https://cdn.shopify.com/s/files/1/0002/7600/4882/products/220920_13_3263.jpg?v=1689844813]",ANJA PARIS,0,486.91666666666663, Jupe matelassée parfaite pour l'été 
15075030696315,Chemises Et Tops,"dropshipping, Jil Sander, JILSANDER0925, no-search, seo-generated-metafields20251123, Type : Chemises Et Tops, Type : Chemises Et Tops, Chemises Et Tops, Collection : Jil Sander","[https://cdn.shopify.com/s/files/1/0002/7600/4882/files/product_15075030696315_1763741559.png?v=1763741564,https://cdn.shopify.com/s/files/1/0002/7600/4882/files/JIL_20SANDER_J01DL0107_109_2.jpg?v=1763741560,https://cdn.shopify.com/s/files/1/0002/7600/4882/files/JIL_20SANDER_J01DL0107_109_3.jpg?v=1763741560,https://cdn.shopify.com/s/files/1/0002/7600/4882/files/JIL_20SANDER_J01DL0107_109_4.jpg?v=1763741560,https://cdn.shopify.com/s/files/1/0002/7600/4882/files/JIL_20SANDER_J01DL0107_109_5.jpg?v=1763741560,https://cdn.shopify.com/s/files/1/0002/7600/4882/files/JIL_20SANDER_J01DL0107_109_1.jpg?v=1763741560]",JIL SANDER,0,0.0, Primary Fabric: 100% Viscose-Rayon 
14865165582715,T-Shirts,"XS, XS, Collection : T-Shirts, dropshipping, JEVASOWH, L, M, Sonia Rykiel, SONIARYKIEL0625, T-Shirts, Type : T-Shirts, XL","[https://cdn.shopify.com/s/files/1/0002/7600/4882/files/TE19CO24-F18-frontworn.jpg?v=1733580607,https://cdn.shopify.com/s/files/1/0002/7600/4882/files/TE19CO24-F18-backworn.jpg?v=1733580690,https://cdn.shopify.com/s/files/1/0002/7600/4882/files/TE19CO24-F18-supp1.jpg?v=1750088095,https://cdn.shopify.com/s/files/1/0002/7600/4882/files/TE19CO24-F18-back.jpg?v=1750088095,https://cdn.shopify.com/s/files/1/0002/7600/4882/files/TE19CO24-F18-front.jpg?v=1750088095]",SONIA RYKIEL,0,240.24793388429751,  Composition : 100% Coton  
14863573025147,T-shirts,"Helly Hansen, T-shirts","[https://cdn.shopify.com/s/files/1/0002/7600/4882/files/helly-hansen_7C53970-316_Image_1_C1.jpg?v=1733419302,https://cdn.shopify.com/s/files/1/0002/7600/4882/files/helly-hansen_7C53970-316_Image_3_C1.jpg?v=1733419317,https://cdn.shopify.com/s/files/1/0002/7600/4882/files/helly-hansen_7C53970-316_Image_2_C1.jpg?v=1733419310]",HELLY HANSEN,0,0.0, Helly Hansen W Allure T-Shirt 
15304261861755,,<20€,[],CRUEL PANCAKE,0,0.0,
14877816390011,Pantalon,"Pantalon, quiksilver, STOCKLYQUIKSILVER0125, STOCKLYQUIKSILVER1224",[],QUIKSILVER,0,0.0, Quiksilver Everyday Chino (Krn0) Pantalons 
14877810983291,Casquettes,"Casquettes, quiksilver, STOCKLYQUIKSILVER0125, STOCKLYQUIKSILVER1224",[],QUIKSILVER,0,0.0, Quiksilver Style Pyle (Wbb0) Casquettes 
6581940093024,Chemises Et Tops,"BA&SH, Chemises Et Tops, Default Title",[],BA&SH,0,0.0, CHEMISE WENDY 
6647089397856,Chemise,"Des Petits Hauts, 1, CHEMISE",[],DES PETITS HAUTS,0,0.0,
6656926253152,Pulls & Cardigans,"Type : Pulls & Cardigans, 4230164, Collection : Ines De La Fressange, dispeo, eligibility, INACTIF, Ines De La Fressange, L, Pulls & Cardigans, recherche1:PrÃªt-Ã -porter, recherche2:Pulls, SRPFINALRETOUR0923","[https://cdn.shopify.com/s/files/1/0002/7600/4882/products/7K039WO035-P091BLACKMULTICO___P4.jpg?v=1681826568,https://cdn.shopify.com/s/files/1/0002/7600/4882/products/7K039WO035-P091BLACKMULTICO___P2.jpg?v=1681826569,https://cdn.shopify.com/s/files/1/0002/7600/4882/products/7K039WO035-P091BLACKMULTICO___P6.jpg?v=1681826569,https://cdn.shopify.com/s/files/1/0002/7600/4882/products/7K039WO035-P091BLACKMULTICO.jpg?v=1681826568,https://cdn.shopify.com/s/files/1/0002/7600/4882/products/7K039WO035-P091BLACKMULTICO___P5.jpg?v=1681826569,https://cdn.shopify.com/s/files/1/0002/7600/4882/products/7K039WO035-P091BLACKMULTICO___P3.jpg?v=1681826569]",INES DE LA FRESSANGE,0,112.5,
14863568142715,Isothermes,"Collection : Helly Hansen, dropshipping, Helly Hansen, Isothermes, Stockly, STOCKLYHELLYHANSEN1224, Type : Isothermes","[https://cdn.shopify.com/s/files/1/0002/7600/4882/files/helly-hansen_7C53676-990_Image_3_C1.jpg?v=1733419300,https://cdn.shopify.com/s/files/1/0002/7600/4882/files/helly-hansen_7C53676-990_Image_2_C1.jpg?v=1733419296,https://cdn.shopify.com/s/files/1/0002/7600/4882/files/helly-hansen_7C53676-990_Image_1_C1.jpg?v=1733419290]",HELLY HANSEN,0,214.16666666666669, Helly Hansen Reine Doudoune 
7186887737440,,"<20€, GIRLFRIENDCOLLECTIVE0824, GIRLFRIENDCOLLECTIVE1224, no-sh, reassurance",[https://cdn.shopify.com/s/files/1/0002/7600/4882/files/ReassuranceVisuel4girlfriend-4_d0df2c5e-21a0-40b0-804a-e2550b4a62a9.jpg?v=1724670951],THE BRADERY,0,0.0,
14863560376699,T-Shirt,"Helly Hansen, T-Shirt","[https://cdn.shopify.com/s/files/1/0002/7600/4882/files/helly-hansen_7C49379-598_Image_2_C1.jpg?v=1733419254,https://cdn.shopify.com/s/files/1/0002/7600/4882/files/helly-hansen_7C49379-598_Image_1_C1.jpg?v=1733419248,https://cdn.shopify.com/s/files/1/0002/7600/4882/files/helly-hansen_7C49379-598_Image_3_C1.jpg?v=1733419259]",HELLY HANSEN,0,0.0, Helly Hansen W Lifa Merino Midw Gra Crew 
15092666827131,Robes Et Combinaisons,"Mango Woman, MANGOSUMMER0625, no-search, Dresses and jumpsuits, M","[https://cdn.shopify.com/s/files/1/0002/7600/4882/files/67096334_99_B.jpg?v=1749109528,https://cdn.shopify.com/s/files/1/0002/7600/4882/files/67096334_99_R.jpg?v=1749109481,https://cdn.shopify.com/s/files/1/0002/7600/4882/files/67096334_99_D8.jpg?v=1749109516,https://cdn.shopify.com/s/files/1/0002/7600/4882/files/67096334_99.jpg?v=1749109477,https://cdn.shopify.com/s/files/1/0002/7600/4882/files/67096334_99_B3.jpg?v=1749109537,https://cdn.shopify.com/s/files/1/0002/7600/4882/files/67096334_99-99999999_01.jpg?v=1749109469,https://cdn.shopify.com/s/files/1/0002/7600/4882/files/67096334_99_D1.jpg?v=1749109487,https://cdn.shopify.com/s/files/1/0002/7600/4882/files/67096334_99_D2.jpg?v=1749109491]",MANGO WOMAN,0,0.0, Dress Naty - Black 
15074760622459,Sandales,"Sandales, STOCKLY160525, Birkenstock","[https://cdn.shopify.com/s/files/1/0002/7600/4882/files/birkenstock_7C1027592_Image_1_C2.jpg?v=1747366931,https://cdn.shopify.com/s/files/1/0002/7600/4882/files/birkenstock_7C1027592_Image_2_C2.jpg?v=1747366936]",BIRKENSTOCK,0,0.0,  
14877889200507,Hauts,"STOCKLYROXY0125, STOCKLYROXY0125V2, STOCKLYROXY1224, STOCKLYROXYV3, Hauts, Roxy, STOCKLYQSRX0125, STOCKLYQUIKSILVER0125V3","[https://cdn.shopify.com/s/files/1/0002/7600/4882/files/roxy_7Cerjx304594-kvj0_Image_1_C2.jpg?v=1735304779,https://cdn.shopify.com/s/files/1/0002/7600/4882/files/roxy_7Cerjx304594-kvj0_Image_3_C2.jpg?v=1735304788]",ROXY,0,0.0, Roxy Sd Beach Classics Haut de bikini allongé 
14877820551547,T-shirts,"quiksilver, STOCKLYQUIKSILVER0125, STOCKLYQUIKSILVER1224, T-shirts",[],QUIKSILVER,0,0.0, Quiksilver Qs Impaired Log (Rzm0) T-shirts 
14877809770875,Bonnets,"Bonnets, quiksilver, STOCKLYQUIKSILVER0125, STOCKLYQUIKSILVER1224",[],QUIKSILVER,0,0.0, Quiksilver Performer 2 (Nzj0) Bonnets 
6609277550688,Pantalons,"10A, 12A, 2A, 3/6M, 4A, 6/12M, 6A, 8A, <20€, Collection : Finger in the nose, dropshipping, Finger in the nose, Pantalons, S/27, target2sell:2022-05-20 07:45:00, Type : Pantalons, XS/25",[https://cdn.shopify.com/s/files/1/0002/7600/4882/products/ALRICKUniversBlue_af01a40a-0e86-430f-9843-e053652f9369.jpg?v=1652984927],FINGERINTHENOSE1,0,14.166666666666668, 100% CO - Portugal  
14863574860155,Vestes,"Collection : Helly Hansen, dropshipping, Helly Hansen, Stockly, STOCKLYHELLYHANSEN1224, Type : Vestes, Vestes","[https://cdn.shopify.com/s/files/1/0002/7600/4882/files/helly-hansen_7C54011-990_Image_2_C1.jpg?v=1734601488,https://cdn.shopify.com/s/files/1/0002/7600/4882/files/helly-hansen_7C54011-990_Image_3_C1.jpg?v=1734601488,https://cdn.shopify.com/s/files/1/0002/7600/4882/files/helly-hansen_7C54011-990_Image_1_C1.jpg?v=1734601488]",HELLY HANSEN,0,616.66666666666674, Parka bouffante Helly Hansen W Explorer 
7225067044960,,,[],ZAPA,0,0.0,
14877863281019,T-shirts,"STOCKLYROXY0125V2, STOCKLYROXY1224, STOCKLYROXYV3, T-shirts, Roxy, STOCKLYQSRX0125, STOCKLYQUIKSILVER0125V3, STOCKLYROXY0125","[https://cdn.shopify.com/s/files/1/0002/7600/4882/files/roxy_7Cergft03944-bqy0_Image_3_C2.jpg?v=1735304688,https://cdn.shopify.com/s/files/1/0002/7600/4882/files/roxy_7Cergft03944-bqy0_Image_1_C2.jpg?v=1735304683]",ROXY,0,0.0, Roxy Sidley (Bqy0) T-shirts Enfant 
6898520588384,DENIM,,[],REIKO,0,0.0,"  Composition :  92%Coton 6,5%Polyester 1,5%Ea "
7184313122912,Bagues,"Type : Bagues, 173251744, Bagues, Collection : Côme, COME0325, Côme, dropshipping, recherche1:Accessoires, recherche2:Bagues, TU",[https://cdn.shopify.com/s/files/1/0002/7600/4882/files/ABBO5111J.jpg?v=1724241809],COME,0,404.24793388429754,  Matière :  Laiton doré  Dimensions :  45cm 
14863554543995,Vestes,"Collection : Helly Hansen, dropshipping, Helly Hansen, Stockly, Type : Vestes, Vestes",[https://cdn.shopify.com/s/files/1/0002/7600/4882/files/helly-hansen_7C41609-699_Image_1_C1.jpg?v=1733419210],HELLY HANSEN,0,0.0, Veste de pluie Helly Hansen Jr Celeste 
15307338219899,Vestes,"seo-generated-metafields20251207, Type Vestes, Vestes, XS, XS, Collection : Lily Studio, dropshipping, Lily Studio, LILYSTUDIO1225, M","[https://cdn.shopify.com/s/files/1/0002/7600/4882/files/120424F1179204_4.jpg?v=1765000579,https://cdn.shopify.com/s/files/1/0002/7600/4882/files/120424F1179204_3.jpg?v=1765000579,https://cdn.shopify.com/s/files/1/0002/7600/4882/files/120424F1179204_7.jpg?v=1765000579,https://cdn.shopify.com/s/files/1/0002/7600/4882/files/120424F1179204_5.jpg?v=1765000579,https://cdn.shopify.com/s/files/1/0002/7600/4882/files/120424F1179204_8.jpg?v=1765000579,https://cdn.shopify.com/s/files/1/0002/7600/4882/files/120424F1179204_6.jpg?v=1765000579,https://cdn.shopify.com/s/files/1/0002/7600/4882/files/120424F1179204_2.jpg?v=1765000579,https://cdn.shopify.com/s/files/1/0002/7600/4882/files/120424F1179204_1.jpg?v=1765000579]",LILY STUDIO,0,0.0, lily double wood coat 
6652485566560,Sandales,"39, 40, Anaki, ARCHIVE190224, ARCHIVECHAUSSURES2024, Collection : Anaki, dropshipping, Sandales, THEBRADERYARCHIVE2024, THEBRADERYDAYSCHAUSSURES0525, Type : Sandales, 36, 37, 38","[https://cdn.shopify.com/s/files/1/0002/7600/4882/products/AURORECROCONOIR.jpg?v=1679314197,https://cdn.shopify.com/s/files/1/0002/7600/4882/products/AURORECUIRCROCONOIR2.jpg?v=1679314198,https://cdn.shopify.com/s/files/1/0002/7600/4882/products/AURORECROCONOIR3.jpg?v=1679314198]",ANAKI,0,527.25, Sandales Plates 
14877863444859,Combinaisons,"STOCKLYROXY0125, STOCKLYROXY0125V2, STOCKLYROXY1224, STOCKLYROXYV3, Combinaisons, Roxy, STOCKLYQSRX0125, STOCKLYQUIKSILVER0125V3","[https://cdn.shopify.com/s/files/1/0002/7600/4882/files/roxy_7Cergey03011-xkkm_Image_3_C2.jpg?v=1735304691,https://cdn.shopify.com/s/files/1/0002/7600/4882/files/roxy_7Cergey03011-xkkm_Image_1_C2.jpg?v=1735304685]",ROXY,0,0.0, Lunettes Roxy Lilou Xkkm Kids 
6581962735712,Maille,"BA&SH, Collection : Best of Clothing, dropshipping, eligibility, Femme, Maille, PAP1, T0, target2sell:2022-08-05 07:45:00, Type : Maille","[https://cdn.shopify.com/s/files/1/0002/7600/4882/products/pull-kerens-marine-femme-maille-bash-624920.jpg?v=1636389085,https://cdn.shopify.com/s/files/1/0002/7600/4882/products/pull-kerens-marine-femme-maille-bash-439805.jpg?v=1636400644,https://cdn.shopify.com/s/files/1/0002/7600/4882/products/pull-kerens-marine-femme-maille-bash-240773.jpg?v=1636392224,https://cdn.shopify.com/s/files/1/0002/7600/4882/products/pull-kerens-marine-femme-maille-bash-330188.jpg?v=1636405080,https://cdn.shopify.com/s/files/1/0002/7600/4882/products/pull-kerens-marine-femme-maille-bash-646145.jpg?v=1636395930]",BA&SH,0,659.99311294765835,  Composition :  Tissu Principal : 100% Laine 
6658522316896,Hauts,"4230508, alohadeuz, Alohas, Collection : Alohas, dropshipping, INACTIF, S, SPAlohas0523, SRPFINALRETOUR0923, Type : Hauts","[https://cdn.shopify.com/s/files/1/0002/7600/4882/files/zeal-shirt-ivory-shirts-alohas-799879.jpg?v=1682744064,https://cdn.shopify.com/s/files/1/0002/7600/4882/files/zeal-shirt-ivory-shirts-alohas-270407.jpg?v=1682744064,https://cdn.shopify.com/s/files/1/0002/7600/4882/files/zeal-shirt-ivory-shirts-alohas-710063.jpg?v=1682744064,https://cdn.shopify.com/s/files/1/0002/7600/4882/files/zeal-shirt-ivory-shirts-alohas-798812.jpg?v=1682744064,https://cdn.shopify.com/s/files/1/0002/7600/4882/files/zeal-shirt-ivory-shirts-alohas-248856.jpg?v=1682744055,https://cdn.shopify.com/s/files/1/0002/7600/4882/files/zeal-shirt-ivory-shirts-alohas-631965.jpg?v=1682744064,https://cdn.shopify.com/s/files/1/0002/7600/4882/files/zeal-shirt-ivory-shirts-alohas-548517.jpg?v=1682744060]",ALOHAS,0,45.833333333333336,  Composition :  100% coton 
6609304092768,Pantalons,"10A, 12A, 2A, 4A, 6A, 8A, Collection : Finger in the nose, dropshipping, Finger in the nose, Pantalons, S, target2sell:2022-05-20 07:45:00, Type : Pantalons, XS","[https://cdn.shopify.com/s/files/1/0002/7600/4882/products/SHORTBEACH_Summer_Black_2_1b752cbc-a87c-4547-a681-abde2ef143ef.png?v=1652884505,https://cdn.shopify.com/s/files/1/0002/7600/4882/products/SHORTBEACH_Summer_Black_1_a4ec3c87-74af-475c-a866-0c7e4cf1e257.png?v=1652884505]",FINGERINTHENOSE1,0,0.0, Le mélange parfait entre confort et style ! 
6613138800736,Chemises Et Tops,"1, Chemises Et Tops, Collection : Des Petits Hauts, Des Petits Hauts, DesPetitsHauts2, dispeo, eligibility, T1, target2sell:2022-07-17 07:45:00, target2sell:2022-09-07 07:45:00, Tops & Chemises, Type : Chemises Et Tops, Type : Tops & Chemises","[https://cdn.shopify.com/s/files/1/0002/7600/4882/products/SOLANGE_1H200448_00V-MINUIT-6.jpg?v=1657544824,https://cdn.shopify.com/s/files/1/0002/7600/4882/products/SOLANGE_1H200448_00V-MINUIT-c.jpg?v=1657544818,https://cdn.shopify.com/s/files/1/0002/7600/4882/products/SOLANGE_1H200448_00V-MINUIT-1.jpg?v=1657544814,https://cdn.shopify.com/s/files/1/0002/7600/4882/products/SOLANGE_1H200448_00V-MINUIT-b.jpg?v=1657544817]",DES PETITS HAUTS,0,0.0, R 
6748549349472,,,[],THEORY NYC,0,0.0,
15219017286011,Portefeuilles,"308251553, Collection : Isabelle Varin, couleur:Bonbon, dropshipping, Isabelle Varin, ISABELLEVARIN0825, nom:Star, Portefeuilles, resize2, TU, Type : Portefeuilles","[https://cdn.shopify.com/s/files/1/0002/7600/4882/files/PSTA.PYT.BO.S_1.jpg?v=1756457590,https://cdn.shopify.com/s/files/1/0002/7600/4882/files/PSTA.PYT.BO.S_2.jpg?v=1756457590,https://cdn.shopify.com/s/files/1/0002/7600/4882/files/PSTA.PYT.BO.S_3.jpg?v=1756457593]",ISABELLE VARIN,0,33.166666666666664, Le porte-monnaie cuir non doublé. 
7213893320800,Vestes,"36, >100€, Collection : La Sélection Rentrée, dropshipping, La Sélection Rentrée, recherche1:Prêt-À-Porter, recherche2:Vestes, SAVE0924, SAVEFEMME0924, Type : Vestes, Veste","[https://cdn.shopify.com/s/files/1/0002/7600/4882/files/veste-karla_dbcfd4db-baaa-4244-825f-252a04daef07.jpg?v=1726835649,https://cdn.shopify.com/s/files/1/0002/7600/4882/files/veste-karla_bbfc55eb-6d74-413e-b8d7-d16abbae5aa7.jpg?v=1726835644,https://cdn.shopify.com/s/files/1/0002/7600/4882/files/veste-karla_644fb479-0366-4c0e-ad67-3b35601c8538.jpg?v=1726835657]",LA SELECTION RENTREE,0,1499.5,  Composition :  100% polyamide 
6898535301216,DENIM,,[],REIKO,0,0.0,  Composition :  100 % Coton 
6794689544288,JACKET,">100€, JACKET, Pyrenex",[],PYRENEX,0,0.0,  Composition :  100% Polyester 
7230022910048,,"<20€, LABELLEBOUCLE1024, no-search, reassurance",[https://cdn.shopify.com/s/files/1/0002/7600/4882/files/reassurance1_6.png?v=1729672433],THE BRADERY,0,0.0,
6562856566880,Chaussures,"36, 37, 38, 39, 40, 41, Chaussures, White Sun, whitesuntaille","[https://cdn.shopify.com/s/files/1/0002/7600/4882/products/chaussures-soraya-silver-chaussures-white-sun-196180.jpg?v=1625527204,https://cdn.shopify.com/s/files/1/0002/7600/4882/products/chaussures-soraya-silver-chaussures-white-sun-793410.jpg?v=1625522743,https://cdn.shopify.com/s/files/1/0002/7600/4882/products/chaussures-soraya-silver-chaussures-white-sun-813014.jpg?v=1625523378,https://cdn.shopify.com/s/files/1/0002/7600/4882/products/chaussures-soraya-silver-chaussures-white-sun-850373.jpg?v=1625522913,https://cdn.shopify.com/s/files/1/0002/7600/4882/products/chaussures-soraya-silver-chaussures-white-sun-615819.jpg?v=1625525239]",WHITE SUN,0,0.0, Chaussures Soraya - Silver 
6652971843680,Sacs Et Bandoulières,"Beckvince0323, Collection : Beck Sondergaard, Dispeo, Sacs Et Bandoulières, TU, Type : Sacs Et Bandoulières, 3230376, Beck Sondergaard",[],BECK SONDERGAARD,0,0.0, 100% Cow Leather 
6748554362976,,,[],THEORY NYC,0,0.0,
6748539846752,,,[],THEORY NYC,0,0.0,
6748539388000,,,[],THEORY NYC,0,0.0,
6866504843360,Ceintures,"recherche1:Accessoires, recherche2:Ceintures, XS/S, 3240376, BECKSÖNDERGAARD0324, Ceintures, dropshipping, M/L",[https://cdn.shopify.com/s/files/1/0002/7600/4882/files/2310440005_01_0011.jpg?v=1709225548],BECK SONDERGAARD,0,0.0, 100% PU 
6750494359648,Sacs À Bandoulière,"Type : Sacs À Bandoulière, 12230859, Collection : Nunoo Bags, couleur:Marron Clair, dropshipping, Nunoo Bags, recherche1:Accessoires, recherche2:Sacs, Sacs À Bandoulière, TU","[https://cdn.shopify.com/s/files/1/0002/7600/4882/files/Honey_new_zealand_light_brown_w._Gold-Shoulder_bags-77315047-Light_brown-3.jpg?v=1706611569,https://cdn.shopify.com/s/files/1/0002/7600/4882/files/Honey_new_zealand_light_brown_w._Gold-Shoulder_bags-77315047-Light_brown.jpg?v=1706611569,https://cdn.shopify.com/s/files/1/0002/7600/4882/files/Honey_new_zealand_light_brown_w._Gold-Shoulder_bags-77315047-Light_brown-2.jpg?v=1706611568,https://cdn.shopify.com/s/files/1/0002/7600/4882/files/Honey_new_zealand_light_brown_w._Gold-Shoulder_bags-77315047-Light_brown-1.jpg?v=1706611570]",NUNOO BAGS,0,0.0,
7087187886176,Manteau,LAURENCEBRAS,[],LAURENCE BRAS,0,0.0,
7087186378848,Robes,LAURENCEBRAS,[],LAURENCE BRAS,0,0.0,
7087181922400,Fonds De Robes,LAURENCEBRAS,[],LAURENCE BRAS,0,0.0,
6610074828896,Chaussures,"36, 37, 38, 39, 40, 41, ARCHIVES1025, ARCHIVESJEVASO1025, Calank, Chaussures, Collection : Calank, dropshipping, numerodevente, Type : Chaussures, Type : Chaussures, NEWSTOCKARCHIVE0725V2, no-search, numerodevente, Type : Chaussures","[https://cdn.shopify.com/s/files/1/0002/7600/4882/products/CL-2604-_4.jpg?v=1653475564,https://cdn.shopify.com/s/files/1/0002/7600/4882/products/CL-2604-_2.jpg?v=1653475559,https://cdn.shopify.com/s/files/1/0002/7600/4882/products/CL-2604-_3.jpg?v=1653475561,https://cdn.shopify.com/s/files/1/0002/7600/4882/products/CL-2604-_1.jpg?v=1653494265]",CALANK,0,128.325,  Composition :  100% Cuir 
14881862943099,Ponchos,"dropshipping, L, M, Ponchos, S, Type : Ponchos, XL, 2XL, Authentic Cashmere, AUTHENTICCASHMERE0925, Collection : Authentic Cashmere","[https://cdn.shopify.com/s/files/1/0002/7600/4882/files/AUTHCASHMERE-5087_20_5.jpg?v=1736248356,https://cdn.shopify.com/s/files/1/0002/7600/4882/files/AUTHCASHMERE-5087_20_2.jpg?v=1736248345,https://cdn.shopify.com/s/files/1/0002/7600/4882/files/AUTHCASHMERE-5087_20_3.jpg?v=1736248350,https://cdn.shopify.com/s/files/1/0002/7600/4882/files/AUTHCASHMERE-5087_20_1.jpg?v=1736248342,https://cdn.shopify.com/s/files/1/0002/7600/4882/files/AUTHCASHMERE-5087_20_4.jpg?v=1736248353]",AUTHENTIC CASHMERE,0,0.0, Poncho - Jersey - 100% Cachemire 2 Fils 
14863557230971,Vestes,">100€, Helly Hansen, Vestes","[https://cdn.shopify.com/s/files/1/0002/7600/4882/files/helly-hansen_7C41773-876_Image_1_C1.jpg?v=1733419262,https://cdn.shopify.com/s/files/1/0002/7600/4882/files/helly-hansen_7C41773-876_Image_3_C1.jpg?v=1733419275,https://cdn.shopify.com/s/files/1/0002/7600/4882/files/helly-hansen_7C41773-876_Image_2_C1.jpg?v=1733419271]",HELLY HANSEN,0,0.0, Veste Helly Hansen K Rider 2.0 Ins 
14877860266363,T-shirts,"STOCKLYQUIKSILVERV3, T-shirts, quiksilver, STOCKLYQUIKSILVER0125, STOCKLYQUIKSILVER0125V3, STOCKLYQUIKSILVER1224",[],QUIKSILVER,0,0.0, Quiksilver Unissfabricintr (Grt0) T-shirts 
7164982460512,Foulards,,[],SKFK,0,0.0, Foulard imprimé. 
14861793263995,Chaussures Et Accessoires,"Chaussures Et Accessoires, Collection : Sélection PAP Luxe, dropshipping, SELECTIONPAPLUXEFEMME0925, Sélection PAP Luxe, Type : Chaussures Et Accessoires","[https://cdn.shopify.com/s/files/1/0002/7600/4882/files/ceinture-square-plaque_6d610782-7553-4f78-ad98-0dd4989e03e9.jpg?v=1732787270,https://cdn.shopify.com/s/files/1/0002/7600/4882/files/ceinture-square-plaque.jpg?v=1732787262,https://cdn.shopify.com/s/files/1/0002/7600/4882/files/ceinture-square-plaque_947d4c44-fd28-4c18-b6dc-7dc539960d49.jpg?v=1732787266]",SELECTION PAP LUXE,0,37.5,  Composition :  100% Polyester 
6643718914144,Nouveautés salon,"The Animals Observatory, Nouveautés salon, OS","[https://cdn.shopify.com/s/files/1/0002/7600/4882/products/F21170_186_XX-1.jpg?v=1674039978,https://cdn.shopify.com/s/files/1/0002/7600/4882/products/F21170_186_XX-6.jpg?v=1674039975,https://cdn.shopify.com/s/files/1/0002/7600/4882/products/F21170_186_XX-4.jpg?v=1674039972,https://cdn.shopify.com/s/files/1/0002/7600/4882/products/F21170_186_XX-2.jpg?v=1674039981]",THEANIMALSOBSERVATORY1,0,0.0, Accesories Iguana Onesize Necklace Pink 
7144725250144,Short dresses,"no-search, Yoox, YOOX0724","[https://cdn.shopify.com/s/files/1/0002/7600/4882/files/34993690ES_14_E.jpg?v=1720087964,https://cdn.shopify.com/s/files/1/0002/7600/4882/files/34993690ES_14_R.jpg?v=1720087969,https://cdn.shopify.com/s/files/1/0002/7600/4882/files/34993690ES_14_A.jpg?v=1720087936,https://cdn.shopify.com/s/files/1/0002/7600/4882/files/34993690ES_14_F.jpg?v=1720182757]",YOOX,0,0.0, 100%Cotton 
14877836181883,Lunettes,"STOCKLYQUIKSILVER0125V2, STOCKLYQUIKSILVER0125V3, STOCKLYQUIKSILVER1224, STOCKLYQUIKSILVERV3, Lunettes, quiksilver, STOCKLYQSRX0125, STOCKLYQUIKSILVER0125",[https://cdn.shopify.com/s/files/1/0002/7600/4882/files/quiksilver_7Ceqyey03190-xksk_Image_1_C2.jpg?v=1735304622],QUIKSILVER,0,0.0, Quiksilver Patrol Plz M Xksk Lunettes 
14877797319035,Bermudas,"STOCKLYQUIKSILVER0125V2, STOCKLYQUIKSILVER0125V3, STOCKLYQUIKSILVER1224, STOCKLYQUIKSILVERV3, Bermudas, quiksilver, STOCKLYQSRX0125, STOCKLYQUIKSILVER0125",[https://cdn.shopify.com/s/files/1/0002/7600/4882/files/quiksilver_7Caqbbs03127-kvj0_Image_1_C2.jpg?v=1735304568],QUIKSILVER,0,0.0, Quiksilver Originalarch Bdsh Kvj0 Bermudas 
15078664667515,Maille Et Sweats,"Collection : Axel Arigato, dropshipping, JEVASOWH, L, Maille Et Sweats, Type : Maille Et Sweats, XL, Axel Arigato, AXELARIGATO0525",[https://cdn.shopify.com/s/files/1/0002/7600/4882/files/A2142001_PRODUCTPAGE.jpg?v=1747656242],AXEL ARIGATO,0,299.66666666666669, Cardigan   Couleur :  Pale Mint 
15075057729915,Sacs Et Accessoires,"dropshipping, Jil Sander, JILSANDER0925, no-search, Sacs Et Accessoires, seo-generated-metafields20251123, Type : Sacs Et Accessoires, Type : Sacs Et Accessoires, Collection : Jil Sander","[https://cdn.shopify.com/s/files/1/0002/7600/4882/files/JIL_20SANDER_JSPL830029_000_3.jpg?v=1748532547,https://cdn.shopify.com/s/files/1/0002/7600/4882/files/JIL_20SANDER_JSPL830029_000_1.jpg?v=1748532504,https://cdn.shopify.com/s/files/1/0002/7600/4882/files/JIL_20SANDER_JSPL830029_000_2.jpg?v=1748532532,https://cdn.shopify.com/s/files/1/0002/7600/4882/files/JIL_20SANDER_JSPL830029_000_4.jpg?v=1748532566,https://cdn.shopify.com/s/files/1/0002/7600/4882/files/JIL_20SANDER_JSPL830029_000_5.jpg?v=1748532586]",JIL SANDER,0,27.083333333333336, 50% Red caymanS 50% Metal 
7140432609376,Bijoux,"BOZINEXTB1124, no-search",[https://cdn.shopify.com/s/files/1/0002/7600/4882/files/4-IMG_0026.jpg?v=1720102206],BOZINE,0,16.583333333333332,
6581982462048,Chaussures Et Accessoires,"BA&SH, Chaussures Et Accessoires, Default Title",[],BA&SH,0,0.0, CEINTURE BESSY 
14868845166971,Bavoirs,no-search,"[https://cdn.shopify.com/s/files/1/0002/7600/4882/files/Tilda_Silicone_Bib_2-Pack_LW14157_9438_Mouse_wheat_yellow_mix_2.jpg?v=1734452037,https://cdn.shopify.com/s/files/1/0002/7600/4882/files/Tilda_Silicone_Bib_2-Pack_LW14157_9438_Mouse_wheat_yellow_mix_1.jpg?v=1734452039,https://cdn.shopify.com/s/files/1/0002/7600/4882/files/Tilda_Silicone_Bib_2-Pack_LW14157_9438_Mouse_wheat_yellow_mix_3.jpg?v=1734452038]",LIEWOOD,0,40.25206611570249, 100% Silicone 
14875853259131,Manteaux,"Manteaux, nom:BENICIO, numerodevente, recherche1:Prêt-À-Porter, recherche2:Manteaux, Type : Manteaux, Vanessa Bruno, VANESSABRUNO1224, XS, Collection : Vanessa Bruno, couleur:Taupe, dropshipping, M","[https://cdn.shopify.com/s/files/1/0002/7600/4882/files/1HVA25-V01005-122_E.jpg?v=1735046512,https://cdn.shopify.com/s/files/1/0002/7600/4882/files/1HVA25-V01005-122_B.jpg?v=1735046225,https://cdn.shopify.com/s/files/1/0002/7600/4882/files/1HVA25-V01005-122_F.jpg?v=1735046560,https://cdn.shopify.com/s/files/1/0002/7600/4882/files/1HVA25-V01005-122_C.jpg?v=1735046385,https://cdn.shopify.com/s/files/1/0002/7600/4882/files/1HVA25-V01005-122_D.jpg?v=1735046431,https://cdn.shopify.com/s/files/1/0002/7600/4882/files/1HVA25-V01005-122_A.jpg?v=1734965748]",VANESSA BRUNO,0,299.83333333333337, Manteau Benicio - Taupe 
15041975353723,Pulls,BASHOOS0425,"[https://cdn.shopify.com/s/files/1/0002/7600/4882/files/1H23OTEL_BLUSH_4.jpg?v=1744798543,https://cdn.shopify.com/s/files/1/0002/7600/4882/files/1H23OTEL_BLUSH_3.jpg?v=1744798533,https://cdn.shopify.com/s/files/1/0002/7600/4882/files/1H23OTEL_BLUSH_1.jpg?v=1744798527]",BA&SH,0,0.0,
15083916722555,Maille Et Sweats,"DEUSEXMACHINA0525, dropshipping, JEVASOWH, Maille Et Sweats, Type : Maille Et Sweats, Collection : Deus Ex Machina, Deus Ex Machina",[https://cdn.shopify.com/s/files/1/0002/7600/4882/files/DMP2281569D.CangguSurfHoodie.PhantomBlack.3.jpg?v=1748228795],DEUS EX MACHINA,0,39.916666666666664, 100% Cotton 
7225053610080,,,[],ZAPA,0,0.0,
15092687405435,Chaussures Et Accessoires,"Mango Woman, MANGOSUMMER0625, no-search, U, <20€, Accessories","[https://cdn.shopify.com/s/files/1/0002/7600/4882/files/77060567_43_B3.jpg?v=1749109849,https://cdn.shopify.com/s/files/1/0002/7600/4882/files/77060567_43_B.jpg?v=1749109841,https://cdn.shopify.com/s/files/1/0002/7600/4882/files/77060567_43.jpg?v=1749109784,https://cdn.shopify.com/s/files/1/0002/7600/4882/files/77060567_43_D1.jpg?v=1749109793]",MANGO WOMAN,0,0.0, Neck Scarf Simone - Green 
14877878747515,Hauts,"Hauts, Roxy, STOCKLYROXY0125, STOCKLYROXY1224",[],ROXY,0,0.0, Roxy Honestly Ok Kttp Wbk0 Hauts & Débardeurs 
14877855940987,Chemises,"Chemises, quiksilver, STOCKLYQUIKSILVER0125, STOCKLYQUIKSILVER1224",[],QUIKSILVER,0,0.0, Quiksilver Timebox Wvtp Byj0 Chemises 
7164937470048,Kimonos,"recherche1:Prêt-À-Porter, recherche2:Kimonos, S, Type : Kimonos, 6240376, Beck Sondergaard, BECKSONDERGAARD0724, Collection : Beck Sondergaard, dropshipping, Kimonos, L, M, no-search",[https://cdn.shopify.com/s/files/1/0002/7600/4882/files/1111400001_01_0349.jpg?v=1721903263],BECK SONDERGAARD,0,74.750688705234154,  Composition :  85 % viscose écovero/15 % nylon 
15085864190331,LUMINAIRE,"Maison Sarah Lavoine, MSLVENTEPHYSIQUE0525, MSLVENTEPHYSIQUE0525V2, no-search, NONRETOURNABLE, >100€, LUMINAIRE",[https://cdn.shopify.com/s/files/1/0002/7600/4882/files/Capture_20d_E2_80_99_C3_A9cran_202025-06-10_20_C3_A0_2017.34.41_401x_1-1_20_1_9896f2bd-04a4-451c-9fa4-c9ce12f707d1.jpg?v=1749740127],MAISON SARAH LAVOINE,0,149.16666666666669,  Dimensions :  60X28CM   Matière :  COTON 
6601877323872,Chemises Et Tops,"BA&SH, dropshipping, T0, T1, T2, T3, TOP-CHEMISE","[https://cdn.shopify.com/s/files/1/0002/7600/4882/products/chemise-rose-blanc-chemises-et-tops-bash-839168.jpg?v=1648759508,https://cdn.shopify.com/s/files/1/0002/7600/4882/products/chemise-rose-blanc-chemises-et-tops-bash-934486.jpg?v=1648756713,https://cdn.shopify.com/s/files/1/0002/7600/4882/products/chemise-rose-blanc-chemises-et-tops-bash-621402.jpg?v=1648758350,https://cdn.shopify.com/s/files/1/0002/7600/4882/products/chemise-rose-blanc-chemises-et-tops-bash-588963.jpg?v=1648753801]",BA&SH,0,0.0,
7136744538208,Handbags,"no-search, Yoox, YOOX0624, YOOXACCBAGS0614","[https://cdn.shopify.com/s/files/1/0002/7600/4882/files/45629685HI_14_E.jpg?v=1719576071,https://cdn.shopify.com/s/files/1/0002/7600/4882/files/45629685HI_14_R.jpg?v=1719576077,https://cdn.shopify.com/s/files/1/0002/7600/4882/files/45629685HI_14_F.jpg?v=1720070076]",YOOX,0,0.0," 51%Polyurethane,34%Cotton,15%Polyester "
14863551463803,Pantalons,">100€, Helly Hansen, Pantalons","[https://cdn.shopify.com/s/files/1/0002/7600/4882/files/helly-hansen_7C40342-876_Image_2_C1.jpg?v=1733419245,https://cdn.shopify.com/s/files/1/0002/7600/4882/files/helly-hansen_7C40342-876_Image_3_C1.jpg?v=1733419248,https://cdn.shopify.com/s/files/1/0002/7600/4882/files/helly-hansen_7C40342-876_Image_1_C1.jpg?v=1733419236]",HELLY HANSEN,0,0.0, Helly Hansen K Rider 2 Ins Bavoir 
14877842211195,Lunettes,"STOCKLYQUIKSILVER1224, STOCKLYQUIKSILVERV3, Lunettes, quiksilver, STOCKLYQUIKSILVER0125, STOCKLYQUIKSILVER0125V3",[],QUIKSILVER,0,0.0, Quiksilver Switchback Lens Lunettes 
14860798951803,Bottes,"dropshipping, numerodelavente, recherche1:Chaussures, recherche2:Bottes, Type : Bottes, 36, 37, 38, 39, 40, 41, Bottes, Collection : Cosmoparis, Cosmoparis, COSMOPARIS1124","[https://cdn.shopify.com/s/files/1/0002/7600/4882/files/34779999_A.jpg?v=1732723572,https://cdn.shopify.com/s/files/1/0002/7600/4882/files/34779999_D.jpg?v=1732723594,https://cdn.shopify.com/s/files/1/0002/7600/4882/files/34779999_B.jpg?v=1732723579]",COSMOPARIS,0,216.50000000000003, BOTTE PLATE BI MATIERE CUIR LISSE/VEL NOIR 
14851587834235,Bottes,"Scholl, Stockly, STOCKLYMHCF1224, STOCKLYSCHOLL0425, Type : Bottes, 36, 37, 38, 39, 40, 41, Bottes, Collection : Scholl, dropshipping, resize14","[https://cdn.shopify.com/s/files/1/0002/7600/4882/files/scholl_7Cf30723-1043_Image_3_C1.jpg?v=1733736057,https://cdn.shopify.com/s/files/1/0002/7600/4882/files/scholl_7Cf30723-1043_Image_2_C1.jpg?v=1733736051,https://cdn.shopify.com/s/files/1/0002/7600/4882/files/scholl_7Cf30723-1043_Image_1_C1.jpg?v=1735016241]",SCHOLL,0,0.0, Bottes Scholl New Chambery Low Olive Femme 
14875220607355,Pulls,"dropshipping, L, M, NEWSTOCKARCHIVE0725V2, no-search, Perfect Cashmere, Pulls, S, Type : Pulls, XL, 2XL, ARCHIVEFDPS3, ARCHJEVASO0424, Collection : Perfect Cashmere",[https://cdn.shopify.com/s/files/1/0002/7600/4882/files/PERFCASHMERE-5561_20_1.jpg?v=1735570011],PERFECT CASHMERE,0,120.74166666666667, 100% CACHEMIRE 2 FILS 
15041611563387,Boucles D'Oreilles,"TU, Type : Boucles D'Oreilles, no-search, Collection : Moode, dropshipping, Moode, MOODE1025, no-search","[https://cdn.shopify.com/s/files/1/0002/7600/4882/files/KED81110J_20_2.jpg?v=1744632496,https://cdn.shopify.com/s/files/1/0002/7600/4882/files/KED81110J.jpg?v=1744632492]",MOODE,0,151.99793388429751,  Matière :  Acier inoxydable 
6643729956960,Nouveautés salon,"Nouveautés salon, The Animals Observatory, 2y, 6y, 8y",[],THEANIMALSOBSERVATORY1,0,0.0, Tops Frog Kids T-Shirt Blue Logo 
4640779042912,Pulls & Gilets,Pulls & Gilets,"[https://cdn.shopify.com/s/files/1/0002/7600/4882/products/pull-balouna-pulls-gilets-des-petits-hauts-876574.jpg?v=1606917726,https://cdn.shopify.com/s/files/1/0002/7600/4882/products/pull-balouna-pulls-gilets-des-petits-hauts-303994.jpg?v=1606917726]",DES PETITS HAUTS,0,45.833333333333336,
15092667679099,Robes Et Combinaisons,"M, Mango Woman, MANGOSUMMER0625, no-search, S, XL, XS, XXS, Dresses and jumpsuits, L","[https://cdn.shopify.com/s/files/1/0002/7600/4882/files/67097148_99_D8.jpg?v=1749109516,https://cdn.shopify.com/s/files/1/0002/7600/4882/files/67097148_99_D1.jpg?v=1749109483,https://cdn.shopify.com/s/files/1/0002/7600/4882/files/67097148_99_B3.jpg?v=1749109538,https://cdn.shopify.com/s/files/1/0002/7600/4882/files/67097148_99_B.jpg?v=1749109528,https://cdn.shopify.com/s/files/1/0002/7600/4882/files/67097148_99-99999999_01.jpg?v=1749109467,https://cdn.shopify.com/s/files/1/0002/7600/4882/files/67097148_99_D6.jpg?v=1749109508,https://cdn.shopify.com/s/files/1/0002/7600/4882/files/67097148_99.jpg?v=1749109475,https://cdn.shopify.com/s/files/1/0002/7600/4882/files/67097148_99_R.jpg?v=1749109478]",MANGO WOMAN,0,0.0, One-Piece Suit Cosim - Black 
6929741348960,Chemises Et Tops,"M, S, Sonia Rykiel, SONIARYKIEL1224, Type : Chemises Et Tops, XS, Chemises Et Tops, Collection : Sonia Rykiel, dropshipping, JEVASOWH",[https://cdn.shopify.com/s/files/1/0002/7600/4882/files/22H46T09-P01-front-1844x2766.jpg?v=1712320094],SONIA RYKIEL,0,91.5, Top Velours Goutte Rykiel Uni 
6643695911008,Nouveautés salon,"The Animals Observatory, Nouveautés salon, OS","[https://cdn.shopify.com/s/files/1/0002/7600/4882/products/001093_187_XX-4.jpg?v=1674039625,https://cdn.shopify.com/s/files/1/0002/7600/4882/products/001093_187_XX-1.jpg?v=1674039632,https://cdn.shopify.com/s/files/1/0002/7600/4882/products/001093_187_XX-6.jpg?v=1674039629]",THEANIMALSOBSERVATORY1,0,0.0, Accesories Blow Pony Kids Hat Blue 
14863590818171,Maillots,"Maillots, STOCKLYUNDERARMOUR1224, Under Armour","[https://cdn.shopify.com/s/files/1/0002/7600/4882/files/under-armour_7C1328496-012_Image_2_C1.jpg?v=1733736080,https://cdn.shopify.com/s/files/1/0002/7600/4882/files/under-armour_7C1328496-012_Image_1_C1.jpg?v=1733736076,https://cdn.shopify.com/s/files/1/0002/7600/4882/files/under-armour_7C1328496-012_Image_3_C1.jpg?v=1733736085]",UNDER ARMOUR,0,0.0, Maillot à manches longues UA Tech™ pour hommes 
6705244242016,Petite Maroquinerie,"langshop, Maradji, MARADJI1123, Petite Maroquinerie, recherche1:Accessoires, recherche2:Petite Maroquinerie, TU, Type : Petite Maroquinerie, 11230269, Collection : Maradji, dropshipping, INACTIF",[https://cdn.shopify.com/s/files/1/0002/7600/4882/files/PT22SHLENO.jpg?v=1698678884],MARADJI,0,31.583333333333332,Pochette smartphone     Composition :  Cuir 
6792735359072,Sacs Et Accessoires,"Type : Sacs Et Accessoires, 1240885, Bozine, BOZINE0124, Collection : Bozine, dropshipping, recherche1:Accessoires, recherche2:Collier, Sacs Et Accessoires, TU","[https://cdn.shopify.com/s/files/1/0002/7600/4882/products/133BDC25-84BF-44D1-A745-D1E724BC15F3.jpg?v=1706018585,https://cdn.shopify.com/s/files/1/0002/7600/4882/products/6989A8C1-F1FF-4F8A-9D26-D75FF518BB75.jpg?v=1706018585]",BOZINE,0,24.75,Collier en acier inoxydable
14887458505083,Chemises,"PAPLUXE0125, recherche1:Prêt-À-Porter, recherche2:Chemises, REVERSRP, SELECTIONPAPLUXE0125, Sélection PAP Luxe, Type : Chemises, Chemises, dropshipping, M, numerodevente","[https://cdn.shopify.com/s/files/1/0002/7600/4882/files/chemise-lady-d_142c5b8b-a634-4713-b143-40830dc117fb.jpg?v=1736864187,https://cdn.shopify.com/s/files/1/0002/7600/4882/files/chemise-lady-d_44ab6dec-93bf-4fbc-bd55-e1a87eb31bc4.jpg?v=1736864190,https://cdn.shopify.com/s/files/1/0002/7600/4882/files/chemise-lady-d_1733ed9d-acb0-415b-ab6c-81f0a4664fc0.jpg?v=1736864173,https://cdn.shopify.com/s/files/1/0002/7600/4882/files/chemise-lady-d_9b2c1965-370f-4264-93e7-f4f1a4895098.jpg?v=1736864168,https://cdn.shopify.com/s/files/1/0002/7600/4882/files/chemise-lady-d_f7789b1d-bbaa-45bf-806a-43f7cf25c05d.jpg?v=1736864161,https://cdn.shopify.com/s/files/1/0002/7600/4882/files/chemise-lady-d_96976134-7d8e-4241-a61e-7237a1435829.jpg?v=1736864182]",SELECTION PAP LUXE,0,29.083333333333332, Sessun - Chemise - Doré - Femme 
7087182970976,Chemises,LAURENCEBRAS,[],LAURENCE BRAS,0,0.0,
7140449124448,,0,[],BOZINE,0,0.0," Gaze de coton 
   
 "
6651557544032,,"Blanc / Ecru, Bébé, Coton, Fille, Fleuri, Haeri K, INACTIF, Leggings, Pantalons, Poudre Organic, Printemps / Eté, Très bon état, Vêtements, 3 mois, <20€","[https://cdn.shopify.com/s/files/1/0002/7600/4882/products/0d0463be3385bc1240f8d31f77d37400.png?v=1678727478,https://cdn.shopify.com/s/files/1/0002/7600/4882/products/a5a04489982e0970983ec5e8a3680fdb.jpg?v=1678727478]",POUDRE ORGANIC,0,0.0,"Legging imprimé léger 
"
15283931873659,,">100€, no-search, PIPPAIEMENT",[],PIP STUDIO,0,0.0,
6609277812832,Jupes,"6A, Collection : Finger in the nose, dropshipping, eligibility, Finger in the nose, Jupes, target2sell:2022-05-20 07:45:00, Type : Jupes",[https://cdn.shopify.com/s/files/1/0002/7600/4882/products/anja_orchid.png?v=1652879953],FINGERINTHENOSE1,0,0.0, 100% PES - Inde 
15075047113083,Chemises Et Tops,"dropshipping, Jil Sander, JILSANDER0925, no-search, seo-generated-metafields20251123, Type : Chemises Et Tops, Type : Chemises Et Tops, Chemises Et Tops, Collection : Jil Sander","[https://cdn.shopify.com/s/files/1/0002/7600/4882/files/JIL_20SANDER_J22GC0120_102_3.jpg?v=1757837476,https://cdn.shopify.com/s/files/1/0002/7600/4882/files/JIL_20SANDER_J22GC0120_102_5.jpg?v=1757837354,https://cdn.shopify.com/s/files/1/0002/7600/4882/files/JIL_20SANDER_J22GC0120_102_4.jpg?v=1748547516,https://cdn.shopify.com/s/files/1/0002/7600/4882/files/JIL_20SANDER_J22GC0120_102_1.jpg?v=1748547516,https://cdn.shopify.com/s/files/1/0002/7600/4882/files/JIL_20SANDER_J22GC0120_102_2.jpg?v=1748547516]",JIL SANDER,0,106.25, Primary Fabric: 100% Cotton 
14887451197819,Robes Et Combinaisons,"Sélection PAP Luxe, Type : Robes Et Combinaisons, Collection : Sélection PAP Luxe, dropshipping, Robes Et Combinaisons, SELECTIONPAPLUXE0425","[https://cdn.shopify.com/s/files/1/0002/7600/4882/files/robe-rinka-soft-british-flowers_1ccb762a-9b35-4a32-a122-ded4b3ac8921.jpg?v=1736864165,https://cdn.shopify.com/s/files/1/0002/7600/4882/files/robe-rinka-soft-british-flowers.jpg?v=1736864165,https://cdn.shopify.com/s/files/1/0002/7600/4882/files/robe-rinka-soft-british-flowers_00cf3a93-edf6-43cb-81bb-2b24fc4f4323.jpg?v=1736864165,https://cdn.shopify.com/s/files/1/0002/7600/4882/files/robe-rosea-tomboy_d2c36278-8301-4f7b-b318-c8032ddb6a51.jpg?v=1736864165,https://cdn.shopify.com/s/files/1/0002/7600/4882/files/robe-rinka-soft-british-flowers_712d7a13-8053-421e-a3f6-f857f542f0ba.jpg?v=1736864165,https://cdn.shopify.com/s/files/1/0002/7600/4882/files/robe-rosea-tomboy_4e1eb576-6ace-48dd-9a9e-8c2851210929.jpg?v=1736864165,https://cdn.shopify.com/s/files/1/0002/7600/4882/files/robe-rosea-tomboy_db0bdcf6-d4a4-4951-bb4e-a659895e5ed7.jpg?v=1736864165,https://cdn.shopify.com/s/files/1/0002/7600/4882/files/robe-rinka-soft-british-flowers_c484178c-0442-4e4c-8ce9-e62f33cfad02.jpg?v=1736864165,https://cdn.shopify.com/s/files/1/0002/7600/4882/files/robe-rosea-tomboy_ba27266e-ba5a-4802-b154-45f9dae851b5.jpg?v=1736864165,https://cdn.shopify.com/s/files/1/0002/7600/4882/files/robe-rosea-tomboy.jpg?v=1736864165]",SELECTION PAP LUXE,0,149.75, Zadig & Voltaire - Robe - Vert - Femme 
7144827158624,Sleeveless Top,"<20€, no-search, Yoox, YOOX0724","[https://cdn.shopify.com/s/files/1/0002/7600/4882/files/49730824VA_14_R.jpg?v=1720089100,https://cdn.shopify.com/s/files/1/0002/7600/4882/files/49730824VA_14_E.jpg?v=1720089092,https://cdn.shopify.com/s/files/1/0002/7600/4882/files/49730824VA_14_D.jpg?v=1720089086,https://cdn.shopify.com/s/files/1/0002/7600/4882/files/49730824VA_14_F.jpg?v=1720195211]",YOOX,0,0.0," 63%Viscose,37%Polyamid "
6866088689760,Vestes,"recherche1:Prêt-À-Porter, recherche2:Vestes, S, The Kooples, Type : Vestes, Vestes, 3240231, Collection : The Kooples, dropshipping, L, M",[https://cdn.shopify.com/s/files/1/0002/7600/4882/files/HCCD23021JBLUE6_F.jpg?v=1709120971],THE KOOPLES,0,0.0, surchemise en denim bleue 
14860803735931,Bottines,"recherche1:Chaussures, recherche2:Bottines, Type : Bottines, 37, 38, 39, 40, Bottines, Collection : Cosmoparis, Cosmoparis, COSMOPARIS1124, dropshipping, numerodelavente","[https://cdn.shopify.com/s/files/1/0002/7600/4882/files/34775520_B.jpg?v=1732790098,https://cdn.shopify.com/s/files/1/0002/7600/4882/files/34775520_D.jpg?v=1732790098,https://cdn.shopify.com/s/files/1/0002/7600/4882/files/34775520_A.jpg?v=1732790098]",COSMOPARIS,0,91.583333333333343, NEW VALERIAN 
15223950442875,Boxers,"Boxers, Collection : FRAGMENT STUDIO, dropshipping, FRAGMENT STUDIO, FRAGMENTSTUDIO0925, L, M, S, Type : Boxers, XL","[https://cdn.shopify.com/s/files/1/0002/7600/4882/files/hot-sexy-boxers-556905.jpg?v=1756990023,https://cdn.shopify.com/s/files/1/0002/7600/4882/files/hot-sexy-boxers-297493.jpg?v=1756990023,https://cdn.shopify.com/s/files/1/0002/7600/4882/files/hot-sexy-boxers-827346.jpg?v=1756826269,https://cdn.shopify.com/s/files/1/0002/7600/4882/files/hot-sexy-boxers-312258.jpg?v=1756990023]",FRAGMENT STUDIO,0,0.0,  Certified heat below the belt 
14830769078651,Derbies,"41, 42, 42.5, Collection : Sélection Chaussures De Luxe, dropshipping, recherche1:Chaussures, recherche2:Derbies, SELECTIONCHAUSSURESDELUXE1124, Type : Derbies","[https://cdn.shopify.com/s/files/1/0002/7600/4882/files/777803-wies5-alexander-mc-queen_d04bb215-cea8-4777-8739-5c1210469b66.jpg?v=1731074472,https://cdn.shopify.com/s/files/1/0002/7600/4882/files/777803-wies5-alexander-mc-queen.jpg?v=1731074466,https://cdn.shopify.com/s/files/1/0002/7600/4882/files/777803-wies5-alexander-mc-queen_6c3b8619-0296-4437-8279-5a33d2b1c9e3.jpg?v=1731074478]",SELECTION CHAUSSURES DE LUXE,0,1049.7492997198881, Derbies en cuir de veau  
15067217166715,Maille Et Sweats,"Collection : American Vintage, dropshipping, JEVASOWH, Maille Et Sweats, Type : Maille Et Sweats, American Vintage, AMERICANVINTAGE0525","[https://cdn.shopify.com/s/files/1/0002/7600/4882/files/IZU03AE24-BRVI-MODEL-2.jpg?v=1746686157,https://cdn.shopify.com/s/files/1/0002/7600/4882/files/IZU03AE24-BRVI-MODEL-3.jpg?v=1746686290,https://cdn.shopify.com/s/files/1/0002/7600/4882/files/IZU03AE24-BRVI-1.jpg?v=1746686506,https://cdn.shopify.com/s/files/1/0002/7600/4882/files/IZU03AE24-BRVI-MODEL-1.jpg?v=1746686013,https://cdn.shopify.com/s/files/1/0002/7600/4882/files/IZU03AE24-BRVI-MODEL-4.jpg?v=1746686390]",AMERICAN VINTAGE,0,869.25,  Composition :  98% Coton 2% Elasthanne 
4640798802016,Tops & Chemises,Tops & Chemises,"[https://cdn.shopify.com/s/files/1/0002/7600/4882/products/tee-shirt-joanili-tops-chemises-des-petits-hauts-210137.jpg?v=1606923238,https://cdn.shopify.com/s/files/1/0002/7600/4882/products/tee-shirt-joanili-tops-chemises-des-petits-hauts-100550.jpg?v=1606923239,https://cdn.shopify.com/s/files/1/0002/7600/4882/products/tee-shirt-joanili-tops-chemises-des-petits-hauts-376694.jpg?v=1606923238]",DES PETITS HAUTS,0,46.666666666666671,
15275306484091,,"HASTXTB1025, no-search, no-search","[https://cdn.shopify.com/s/files/1/0002/7600/4882/files/chemise-faux-unis-rayee-bleu-clair_7b7c0cff-a8dd-44bb-ab5d-3e62056b9990.jpg?v=1761651139,https://cdn.shopify.com/s/files/1/0002/7600/4882/files/chemise-faux-unis-rayee-bleu-clair_4fa96d86-4486-4192-9343-320f877a5ec3.jpg?v=1761651140,https://cdn.shopify.com/s/files/1/0002/7600/4882/files/chemise-faux-unis-rayee-bleu-clair_177bae27-0021-4bed-a032-569c44ecf95c.jpg?v=1761651140,https://cdn.shopify.com/s/files/1/0002/7600/4882/files/chemise-faux-unis-rayee-bleu-clair.jpg?v=1761651141]",HAST,0,0.0, POPELINE DOUBLE RETORS 
6652971286624,Chaussettes Et Collants,"Beck Sondergaard, Beckvince0323, Chaussettes Et Collants, Collection : Beck Sondergaard, Dispeo, Type : Chaussettes Et Collants, 3230376, 37/39, <20€",[],BECK SONDERGAARD,0,0.0," 50% nylon, 45% lurex, 5% elastane "
2111506088032,Sandales,Sandales,"[https://cdn.shopify.com/s/files/1/0002/7600/4882/products/sandales-mule-emma-blanc-sandales-paul-joe-sister-1-291815.jpg?v=1602165287,https://cdn.shopify.com/s/files/1/0002/7600/4882/products/sandales-mule-emma-blanc-sandales-paul-joe-sister-1-414859.jpg?v=1602165287,https://cdn.shopify.com/s/files/1/0002/7600/4882/products/sandales-mule-emma-blanc-sandales-paul-joe-sister-1-454930.JPG?v=1602165287,https://cdn.shopify.com/s/files/1/0002/7600/4882/products/sandales-mule-emma-blanc-sandales-paul-joe-sister-1-272486.JPG?v=1602165287,https://cdn.shopify.com/s/files/1/0002/7600/4882/products/sandales-mule-emma-blanc-sandales-paul-joe-sister-1-678159.JPG?v=1602165287,https://cdn.shopify.com/s/files/1/0002/7600/4882/products/sandales-mule-emma-blanc-sandales-paul-joe-sister-1-628671.JPG?v=1602165287,https://cdn.shopify.com/s/files/1/0002/7600/4882/products/sandales-mule-emma-blanc-sandales-paul-joe-sister-1-840581.JPG?v=1602165287]",PAUL & JOE SISTER,0,270.83333333333337, 100% Calf Leather 
15288110612859,,,"[https://cdn.shopify.com/s/files/1/0002/7600/4882/files/porte-en-bois-berbere_b9e89b99-fcd0-4bdb-9f3d-cdcbeedc3617.jpg?v=1763033625,https://cdn.shopify.com/s/files/1/0002/7600/4882/files/porte-en-bois-berbere.jpg?v=1763033624,https://cdn.shopify.com/s/files/1/0002/7600/4882/files/porte-en-bois-berbere_261b5016-0002-4596-ae49-d22cd2821e5c.jpg?v=1763033625]",THEM,0,0.0,
14863555985787,T-shirts,">100€, Helly Hansen, T-shirts","[https://cdn.shopify.com/s/files/1/0002/7600/4882/files/helly-hansen_7C41756-034_Image_2_C1.jpg?v=1733419223,https://cdn.shopify.com/s/files/1/0002/7600/4882/files/helly-hansen_7C41756-034_Image_1_C1.jpg?v=1733419217]",HELLY HANSEN,0,0.0, Veste Helly Hansen Jr Champ Pile 
14877815144827,Tongs,"STOCKLYQUIKSILVER0125V3, STOCKLYQUIKSILVER1224, STOCKLYQUIKSILVERV3, Tongs, quiksilver, STOCKLYQSRX0125, STOCKLYQUIKSILVER0125, STOCKLYQUIKSILVER0125V2",[https://cdn.shopify.com/s/files/1/0002/7600/4882/files/quiksilver_7Caqyl101339-xkcg_Image_1_C2.jpg?v=1735304594],QUIKSILVER,0,0.0, Quiksilver Molokai Layback Sndl Xkcg Tongs 
14859299389819,Sweat-shirt,">100€, lacoste, no-search, STOCKLYLACOSTE1124, STOCKLYLACOSTE1224, Sweat-shirt","[https://cdn.shopify.com/s/files/1/0002/7600/4882/files/lacoste_7csh2645-166_Image_3_C1.jpg?v=1733736097,https://cdn.shopify.com/s/files/1/0002/7600/4882/files/lacoste_7csh2645-166_Image_1_C1.jpg?v=1733736080,https://cdn.shopify.com/s/files/1/0002/7600/4882/files/lacoste_7csh2645-166_Image_2_C1.jpg?v=1733736086]",LACOSTE,0,0.0, Sweat-shirt Lacoste Interlock Ripstop Tennis 
6748568911968,,,[],THEORY NYC,0,0.0,
14910650679675,Sacs Et Accessoires,"SELECTIONPAPLUXE0225, Sélection PAP Luxe, TU, Type : Sacs Et Accessoires, Collection : Sélection PAP Luxe, dropshipping, PAPSAVE0225, Sacs Et Accessoires","[https://cdn.shopify.com/s/files/1/0002/7600/4882/files/STELLA-McCARTNEY_910002PE0001_1000_4.jpg?v=1738761654,https://cdn.shopify.com/s/files/1/0002/7600/4882/files/STELLA-McCARTNEY_910002PE0001_1000_1.jpg?v=1738761644,https://cdn.shopify.com/s/files/1/0002/7600/4882/files/STELLA-McCARTNEY_910002PE0001_1000_3.jpg?v=1738761651,https://cdn.shopify.com/s/files/1/0002/7600/4882/files/STELLA-McCARTNEY_910002PE0001_1000_2.jpg?v=1738761647]",SELECTION PAP LUXE,0,270.41666666666674,  Composition :  100% ACETATE 
7087185002592,Chaussures,"36, 37, 39, 6240268, Chaussures, Collection : Laurence Bras, dropshipping, Laurence Bras, LAURENCEBRAS0624, recherche1:Chaussures, recherche2:, Type : Chaussures","[https://cdn.shopify.com/s/files/1/0002/7600/4882/files/23E109SO2901.jpg?v=1717487417,https://cdn.shopify.com/s/files/1/0002/7600/4882/files/23E109SO2902.jpg?v=1717487417]",LAURENCE BRAS,0,166.50000000000003, 100% COW CROCCO 
14973475848571,Pantalons,"Collection : Scavini, dropshipping, no-search, Pantalons, recherche1:Prêt-À-Porter, recherche2:Pantalons, Scavini, SCAVINI0325, SCAVINI1025, Type : Pantalons, Collection : Scavini, dropshipping, Pantalons, Scavini, SCAVINI1025, Type : Pantalons","[https://cdn.shopify.com/s/files/1/0002/7600/4882/files/Scavini-190924-8596-2000x2500_6235789f-5be7-4c6f-bfe9-69d2eb871559.jpg?v=1743083837,https://cdn.shopify.com/s/files/1/0002/7600/4882/files/Scavini-190924-8638-2000x2500.jpg?v=1743083837,https://cdn.shopify.com/s/files/1/0002/7600/4882/files/Scavini-190924-8634-2000x2500.jpg?v=1743083837,https://cdn.shopify.com/s/files/1/0002/7600/4882/files/Scavini-190924-8644-2000x2500.jpg?v=1743083837,https://cdn.shopify.com/s/files/1/0002/7600/4882/files/CTRS3_HER_CREME.jpg?v=1743083837,https://cdn.shopify.com/s/files/1/0002/7600/4882/files/Scavini-190924-8649-2000x2500.jpg?v=1743083837,https://cdn.shopify.com/s/files/1/0002/7600/4882/files/Scavini-190924-8641-2000x2500.jpg?v=1743083837,https://cdn.shopify.com/s/files/1/0002/7600/4882/files/Scavini-190924-8598-2000x2500_c1f3d4ca-c736-4215-8ac2-c2f2b18010c4.jpg?v=1743083837]",SCAVINI,0,2523.1480769230766,  Composition :  52% laine vierge 48% coton 
4742570180704,Baskets,,"[https://cdn.shopify.com/s/files/1/0002/7600/4882/products/zx-torsion-burgundy-baskets-adidas-373649.jpg?v=1605129250,https://cdn.shopify.com/s/files/1/0002/7600/4882/products/zx-torsion-burgundy-baskets-adidas-241394.jpg?v=1605129250,https://cdn.shopify.com/s/files/1/0002/7600/4882/products/zx-torsion-burgundy-baskets-adidas-834142.jpg?v=1605129250,https://cdn.shopify.com/s/files/1/0002/7600/4882/products/zx-torsion-burgundy-baskets-adidas-891609.jpg?v=1605129250,https://cdn.shopify.com/s/files/1/0002/7600/4882/products/zx-torsion-burgundy-baskets-adidas-865886.jpg?v=1605129250,https://cdn.shopify.com/s/files/1/0002/7600/4882/products/zx-torsion-burgundy-baskets-adidas-159607.jpg?v=1605129250,https://cdn.shopify.com/s/files/1/0002/7600/4882/products/zx-torsion-burgundy-baskets-adidas-149693.jpg?v=1605129250,https://cdn.shopify.com/s/files/1/0002/7600/4882/products/zx-torsion-burgundy-baskets-adidas-778106.jpg?v=1605129250]",ADIDAS,0,0.0, Zx Torsion - Burgundy 
7225059573856,,,[],ZAPA,0,0.0,
15288114413947,,>100€,[https://cdn.shopify.com/s/files/1/0002/7600/4882/files/tapis-azilal-maroc_53790d16-99e3-4fa7-83d9-9be27cf69428.jpg?v=1763033733],THEM,1,0.0,"  SERVICE SUR-MESURE  
 Vous avez un coup de coeur pour ce tapis berbère mais il n'est pas aux bonnes dimensions ? Vous aimeriez lui apporter des modifications de couleurs ou de design ? Contactez  custom@them.fr  et nous le ferons créer sur-mesure pour vous par une tisseuse avec qui nous collaborons, et toujours à prix doux ! 
  
  
  
  
  
  
  
  
  
  
  
  
  
  En savoir plus
 Ce  tapis berbère  que l'on appelle Azilal tient son nom de la région d'Azilal au Maroc où il a été confectionné à la main sur un métier à tisser traditionnel en bois. Ses motifs représentent les humeurs, les amours, les peines de la tisseuse au moment de sa création. Une fois ce  tapis berbère coloré  créé, elle en confectionnera un autre totalement différent, en fonction de ses émotions du moment. Chaque pièce est donc unique. 
 Ce tapis berbère représente plus d'un mois de tissage. Découvrez en vidéo comment sont créés les tapis berbères THEM en  cliquant ici.  
  
 Nos tapis avec un fond blanc et des dessins colorés sont toujours avec un fond blanc en laine. Les couleurs peuvent être soit en coton soit en laine. Les couleurs très vives sont généralement en coton et les couleurs qui ont un rendu plus naturel sont elles en laine. Nos tapis qui sont tout colorés sont eux 100% en laine. 
Livraison et retour
  LIVRAISON  
 Tous les colis sont envoyés de France. Aucun frais de douane à prévoir pour les commandes passées dans un pays de l'Union Européenne. Pour les commandes passées dans un pays hors UE, des frais de douane pourront être appliqués. 
 Nous livrons partout dans le monde et toutes les commandes sont expédiées tous les 7 à 15 jours. 
  Pour la France :  il est possible de choisir une  livraison   en point relai  avec Mondial Relay ou une  livraison à domicile  avec Colissimo. 
  Pour le reste du monde :  le coût de la livraison varie en fonction du pays. Il vous suffit d'ajouter le tapis au panier, d'entrer votre adresse et le coût de la livraison sera précisément indiqué. 
  RETOUR  
 Vous disposez d'un délais de rétractation de 14 jours à compter de la livraison de votre colis pour demander un échange, un avoir ou un remboursement. 
  Pour la France :  
 - Vous souhaitez un échange/avoir : tout est gratuit (le retour et la livraison du nouveau colis sont à nos frais) 
 - Vous souhaitez un remboursement : le retour est à vos frais 
  Pour le reste du monde :  
 - Vous souhaitez un échange : le retour du colis est à vos frais et la livraison du nouveau colis est à nos frais 
 - Vous souhaitez un remboursement : le retour est à vos frais 
Comment entretenir un tapis berbère en laine ?
 Etonnement, les tapis berbères s'entretiennent facilement. Il faut garder à l'esprit que ces pièces chargées d'histoire n'ont pas pour objectif premier d'être un objet de décoration. Les femmes berbères les tissent et les utilisent en guise de couverture ou de tapis pour l'isolation. L'exceptionnelle qualité du tissage permet aux tapis berbères de tenir dans le temps et de très bien vieillir. 
 Pour l'entretenir, vous pouvez passer l'aspirateur dessus une fois par semaine maximum afin de ne pas agresser la laine. Si vous n'avez pas la possibilité de le secouer, retournez-le pendant quelques heures une fois par mois, toutes les poussières en profondeur tomberont. En cas de tâche, il faudra tout de suite le tapoter avec un chiffon imbibé d'eau, souvent cela suffit. Sinon, ajoutez du vinaigre d'alcool ou du savon de Marseille avec beaucoup d'eau. 
  
  
  
  
  
  
  
  
  
  
  
  
  
  
  
  
  
  
  
  
  
  
  
  
  
  
  
  
  
  
  
  
  
  
  
  
  
  
  
  
  
  
  
  
  
  
  
  
  
  
  
  
  
  "
14928251453819,,"Dresses - Women - Clothing, IT40|S, Material: 91% silk, Multicolor, New with tags, Women, 9% elastane, <20€, >100€, Dolce & Gabbana","[https://cdn.shopify.com/s/files/1/0002/7600/4882/files/2849476.jpg?v=1739982661,https://cdn.shopify.com/s/files/1/0002/7600/4882/files/2849474.jpg?v=1739982661,https://cdn.shopify.com/s/files/1/0002/7600/4882/files/2849475.jpg?v=1739982661,https://cdn.shopify.com/s/files/1/0002/7600/4882/files/2849477.jpg?v=1739982661,https://cdn.shopify.com/s/files/1/0002/7600/4882/files/2849479.jpg?v=1739982661,https://cdn.shopify.com/s/files/1/0002/7600/4882/files/2849478.jpg?v=1739982661,https://cdn.shopify.com/s/files/1/0002/7600/4882/files/2849480.jpg?v=1739982661]",DOLCE & GABBANA,1,0.0," Step out in style with this stunning patchwork midi dress by  Dolce & Gabbana . Perfect for any high-end occasion, it showcases the brand’s dedication to luxury and craftsmanship. The multicolor design adds a vibrant touch to your wardrobe, ensuring you’ll stand out in a crowd. 
 Color: Multicolor 
Material: 91% silk, 9% elastane 
Lining: 92% silk, 8% elastane 
Country of origin: IT 
Logo details 
Zipper closure on the back 
Made in Italy 
Very exclusive and high craftsmanship "
14928307716475,,"New with tags, Shorts - Women - Clothing, White, Women, >100€, Dolce & Gabbana, IT40|S, Material: 90% Cotton 10% Polyester","[https://cdn.shopify.com/s/files/1/0002/7600/4882/files/4342535.jpg?v=1739985274,https://cdn.shopify.com/s/files/1/0002/7600/4882/files/4342534.jpg?v=1739985275,https://cdn.shopify.com/s/files/1/0002/7600/4882/files/4342529.jpg?v=1739985274,https://cdn.shopify.com/s/files/1/0002/7600/4882/files/4342530.jpg?v=1739985274,https://cdn.shopify.com/s/files/1/0002/7600/4882/files/4342533.jpg?v=1739985274]",DOLCE & GABBANA,1,0.0," Step into the height of luxury and style with these gorgeous shorts from Dolce & Gabbana. Perfectly tailored for the fashion-forward individual, these high-waisted shorts boast a pristine white color, beautifully accentuated by delicate lace detailing. The combination of 90% cotton and 10% polyester ensures both comfort and durability, while the elasticised waist with drawstring closure ensures a perfect fit. Designed and made in Italy, these shorts promise to elevate your wardrobe with an air of elegance and exclusivity. 
 
 Color: White 
 Material: 90% Cotton 10% Polyester 
 Country of origin: IT 
 Drawstring closure 
 "
14928393535867,Chaussures,"Material: 100% Calf Leather, New with tags, Sneakers - Women - Shoes, White, Women, <20€, >100€, Dolce & Gabbana, EU37/US7","[https://cdn.shopify.com/s/files/1/0002/7600/4882/files/4787889.jpg?v=1739989278,https://cdn.shopify.com/s/files/1/0002/7600/4882/files/4787894_b389c14f-319d-4509-8b7a-6a1da2cdd5fd.jpg?v=1739989277,https://cdn.shopify.com/s/files/1/0002/7600/4882/files/4787891.jpg?v=1739989277,https://cdn.shopify.com/s/files/1/0002/7600/4882/files/4787890.jpg?v=1739989277,https://cdn.shopify.com/s/files/1/0002/7600/4882/files/4787893.jpg?v=1739989277,https://cdn.shopify.com/s/files/1/0002/7600/4882/files/4787892.jpg?v=1739989278,https://cdn.shopify.com/s/files/1/0002/7600/4882/files/4787894.jpg?v=1740587085]",DOLCE & GABBANA,1,0.0," DOLCE & GABBANA 
 Gorgeous brand new with tags, 100% Authentic Dolce & Gabbana low top sneaker shoes. 
Model: Classic sneakers 
Material: 100% Calf Leather 
Color: White, Pink 
Sole: Rubber 
Lace up closure 
Logo details 
Made in Italy 
Very high quality and comfort "
6551447830624,Enfant Fille,"10A, 3A, 4A, 6A, 8A, Collection : Louis Louise, dispeo, eligibility, Enfant Fille, Louis Louise, target2sell:2022-05-28 08:45:00, Type : Enfant Fille",[https://cdn.shopify.com/s/files/1/0002/7600/4882/products/haut-jasmin-stripes-lurex-multico-bleu-petrole-fille-enfant-fille-louis-louise-239676.jpg?v=1620067346],LOUIS LOUISE,1,403.33333333333331," Top rayures lurex multicolore, manches volantées.   Collection :  S20   Composition :  97% Coton 3% Lurex   Conseils d'entretien :  Lavage à 30° max en cycle délicat - Lavage et repassage sur l'envers - Séchoir interdit "
6668064194656,Pantalons Et Shorts,"Pantalons Et Shorts, recherche1:PrÃªt-Ã -porter, recherche2:Shorts, SRPFINALRETOUR0923, Type : Pantalons Et Shorts, Volaje, VOLAJE0723, 34, 36, 38, 40, 7230671, Collection : Volaje, dropshipping, INACTIF","[https://cdn.shopify.com/s/files/1/0002/7600/4882/products/img_3454-scaled.jpg?v=1688640556,https://cdn.shopify.com/s/files/1/0002/7600/4882/products/img_3444-scaled.jpg?v=1688640557,https://cdn.shopify.com/s/files/1/0002/7600/4882/products/img_3388-scaled.jpg?v=1688640557,https://cdn.shopify.com/s/files/1/0002/7600/4882/products/img_3431-scaled.jpg?v=1688640557,https://cdn.shopify.com/s/files/1/0002/7600/4882/products/img_3443-scaled_f65c5cb2-d068-4db4-8b38-6f0dd719443d.jpg?v=1688640557,https://cdn.shopify.com/s/files/1/0002/7600/4882/products/img_3414-scaled.jpg?v=1688640557,https://cdn.shopify.com/s/files/1/0002/7600/4882/products/img_3405-scaled_e296bc63-6ed5-4a0c-8b88-4e345da273f3.jpg?v=1688640557,https://cdn.shopify.com/s/files/1/0002/7600/4882/products/img_3398-scaled.jpg?v=1688640557,https://cdn.shopify.com/s/files/1/0002/7600/4882/products/img_3394-scaled.jpg?v=1688640557,https://cdn.shopify.com/s/files/1/0002/7600/4882/products/img_4052-scaled.jpg?v=1688640557]",VOLAJE,1,21.666666666666668,"   Vous l’avez adoré en pantalon, en jupe, cette fois ci il arrive en short ! La pièce emblématique de cette saison. On adore sa coupe, taille élastiquée pour convenir à toutes. La coupe est droite sans être trop large pour ne pas faire bermuda !   On adore l’élastique caché par une ceinture livrée avec le short pour un détail de joli nœud noué.   Coup de cœur pour ce jacquard fabriqué en France imprimé cachemire bleu, camel et mauve !   Prenez votre taille habituelle. Entre deux tailles prenez la taille au dessus. Je mesure 1,68 et porte une taille 36. Je fais habituellement un 36 en haut et un 34/36 en bas. Pour ce short choisissez votre taille en fonction de votre tour de hanches, entre deux tailles prenez la taille au dessus : vous disposez d’un guide des tailles en photo (dernière photo), ce guide indique la taille à prendre en fonction de vos mensurations et non la taille du vêtement fini.   Composition: 46% coton / 44% polyester recyclé / 9%AC / 1%AF . Certifié OEKO TEX   Entretien : privilégié le lavage à froid et à la main, ou en cycle délicat.   Fabriquée en France    
   Expédition à partir du 15 novembre 2021 
 "
6571926749280,Teint,"Default Title, Erborian, Teint",[https://cdn.shopify.com/s/files/1/0002/7600/4882/products/trio-soins-matifiants-cc-creme-peaux-mixtes-a-grasses-teint-medium-teint-erborian-945100.jpg?v=1631206312],ERBORIAN,1,323.33815426997245," 
  Ce trio est composé de :   
 
  CC Crème Doré À La Centella Asiatica - Limited Edition  
  Bamboo Matte Crème - Soin De Jour Matifiant Effet Poudré  
  Bamboo Matte Lotion 30Ml - Lotion Hydratante Et Matifiante Effet Poudré  
 
   
   Produit 1 :  CC Crème Doré À La Centella Asiatica - Limited Edition  
 CC CRÈME est un soin multiple, illuminateur de teint « Haute Définition » et perfecteur de peau venu de Corée. Plus qu'une simple crème teintée, sa texture ultrafine est concentrée en CC pigments : au départ encapsulés, ces pigments se fondent sur la peau à l'application, s'adaptent à votre peau et permettent d'unifier et de réhausser votre teint. CC Crème a été formulée pour apporter perfection, lumière, éclat et fraicheur instantanément. Enrichie en Centella Asiatica, actif botanique de la pharmacopée coréenne, CC crème prévient et traite les premiers signes de l'âge. Elle protège, hydrate, illumine et aide à diminuer les imperfections. Votre peau est lumineuse et éclatante, plus parfaite naturellement. 
  Teinte :    Doré 
  Contenance :    45ml 
  Conseils d'application :    Appliquez une noisette sur le dos de votre main pour réchauffer la texture ou directement en petites touches sur votre visage. Votre CC Crème s’étale facilement, du bout des doigts. Sa texture à transformation est unique : en 3 secondes, la magie opère, les pigments encapsulés se révèlent au contact de la peau et s’adaptent à votre carnation. Quelques gouttes sur les différentes parties du visage et votre teint est corrigé et unifié ! 
  Date limite d'utilisation :    6 mois après ouverture 
  Composition :    AQUA/WATER – CYCLOMETHICONE – ETHYLHEXYL METHOXYCINNAMATE – TITANIUM DIOXIDE-[nano] – DIPROPYLENE GLYCOL - GLYCERIN - PEG-10 IMETHICONE – METHYL TRIMETHICONE - C12-15 ALKYL BENZOATE - ETHYLHEXYL SALICYLATE - ZINC OXIDE-[nano] – DIMETHICONE – DISTEARDIMONIUM HECTORITE – MAGNESIUM SULFATE - VINYL DIMETHICONE /METHICONE SILSESQUIOXANE CROSSPOLYMER – CENTELLA ASIATICA EXTRACT - MEL/HONEY EXTRACT - TALC - DIMETHICONE/ VINYL DIMETHICONE CROSSPOLYMER – PHENOXYETHANOL – ETHYLHEXYLGLYCERIN - TRIHYDROXYSTEARIN – BUTYLENE GLYCOL - MICA – ALUMINUM HYDROXIDE - PALMITIC ACID - STEARIC ACID - POLYESTER-1 – SILICA DIMETHYL SILYLATE – TOCOPHERYL ACETATE - METHICONE - TOCOPHEROL - PARFUM/FRAGRANCE – HEXYL CINNAMAL - ALPHA-ISOMETHYL IONONE - LINALOOL – CITRONELLOL - GERANIOL - EUGENOL – LIMONENE - CI 77492/IRON OXIDES - CI 77491/IRON OXIDES – CI 77499/IRON OXIDES 
    
   Produit 2    : Bamboo Matte Crème - Soin De Jour Matifiant Effet Poudré  
 Bamboo Matte, la crème de jour matifiante pour un objectif peau zéro défaut ! BAMBOO MATTE est le soin matifiant hybride 2-en-1 qui allie sensation d’hydratation intense et fini mat. Dans une crème fine à effet poudré, le complexe de Bamboo Waterlock est une véritable protection de la peau contre le dessèchement. Gorgée d’eau et non grasse, la formule de ce soin blur floute l’apparence des petites imperfections et procure fraîcheur à votre teint. Instantanément, les signes de fatigue semblent atténués, le grain de peau paraît affiné et lissé, votre peau est sublimée par un fini « blur » naturellement irrésistible sans être desséchée. 
  Contenance :    30ml 
  Conseils d'application :    Appliquer sur le visage tous les jours en soin et/ou base de maquillage . 
  Date limite d'utilisation :    6 mois après ouverture 
  Composition :    AQUA/WATER - BUTYLENE GLYCOL - METHYL METHACRYLATE CROSSPOLYMER - CYCLOMETHICONE - HYDROXYETHYL ACRYLATE/SODIUM ACRYLOYLDIMETHYL TAURATE COPOLYMER - BAMBUSA ARUNDINACEA STEM POWDER - PHYLLOSTACHYS BAMBUSOIDES EXTRACT - PHYLLOSTACHYS BAMBUSOIDES JUICE - PHENOXYETHANOL - SILICA - DIMETHICONE - CITRIC ACID - SORBITAN ISOSTEARATE - POLYSORBATE 60 - ETHYLHEXYLGLYCERIN - TRIETHOXYCAPRYLYLSILANE - PARFUM/FRAGRANCE - LINALOOL - GERANIOL - LIMONENE - CI 77288/CHROMIUM OXIDE GREENS 
    
   
   Produit 3 :  Bamboo Matte Lotion 30Ml - Lotion Hydratante Et Matifiante Effet Poudré  
 BAMBOO MATTE LOTION, la lotion hydratante visage qui aide à resserrer les pores dilatés ! BAMBOO MATTE LOTION est une véritable lotion de velours pour les peaux normales à tendance grasse. La poudre matifiante, associée à une phase aqueuse enrichie en extraits de Bambou reconnu comme un hydratant naturel, aide à réduire l’excès de sébum et à resserrer les pores. La peau est comme parfaitement matifiée, son toucher velouté. 
  Contenance :    30ml 
  Conseils d'application :    Agiter avant d’appliquer sur le visage, matin et soir, avant les autres soins. 
  Date limite d'utilisation :    6 mois après ouverture 
  Composition :    AQUA/WATER - ALCOHOL - GLYCERIN - BUTYLENE GLYCOL - PHYLLOSTACHYS BAMBUSOIDES EXTRACT - OPHIOPOGON JAPONICUS ROOT EXTRACT - SALIX ALBA (WILLOW) BARK EXTRACT - DIOSPYROS KAKI LEAF EXTRACT - PHYLLOSTACHYS BAMBUSOIDES JUICE - PEG-40 HYDROGENATED CASTOR OIL - SILICA - PANTHENOL - PPG-26-BUTETH-26 - ZINC GLUCONATE - ZINC OXIDE - PROPANEDIOL - ALLANTOIN - MAGNESIUM ALUMINUM SILICATE - ETHYLHEXYLGLYCERIN - DISODIUM EDTA - BETA-GLUCAN - PHENOXYETHANOL - PARFUM/FRAGRANCE - GERANIOL - LINALOOL "
6599645986912,Hermès,"dropshipping, Hermès, Monogram Paris","[https://cdn.shopify.com/s/files/1/0002/7600/4882/products/sandales-izmir-homme-t42-en-cuir-graine-bleu-et-rouge-hermes-chaussures-monogram-paris-965440.jpg?v=1646999087,https://cdn.shopify.com/s/files/1/0002/7600/4882/products/sandales-izmir-homme-t42-en-cuir-graine-bleu-et-rouge-hermes-chaussures-monogram-paris-830451.jpg?v=1646997290,https://cdn.shopify.com/s/files/1/0002/7600/4882/products/sandales-izmir-homme-t42-en-cuir-graine-bleu-et-rouge-hermes-chaussures-monogram-paris-985169.jpg?v=1647007748,https://cdn.shopify.com/s/files/1/0002/7600/4882/products/sandales-izmir-homme-t42-en-cuir-graine-bleu-et-rouge-hermes-chaussures-monogram-paris-778009.jpg?v=1647257678]",MONOGRAM PARIS,1,0.0," Sandale homme Hermès Modèle Izmir Cuir grainé bleu zanzibar Semelle en cuir naturel rouge grenade Semelle intérieur rouge grenade Taille 42 Neuf Vendu avec boîte et dustbag d'origine""]   Les frais de livraison sont de 20€ TTC (France Métropolitaine) afin de garantir un suivi, une assurance et une livraison express. Les commandes seront expédiées sous 24h et livrées sous 3 jours ouvrés à partir de la date de la commande. La livraison offerte au delà de 200 euros d’achats ne s’applique pas sur cette vente.  
 Compte tenu de son état d’usage, tout produit commandé lors de la vente MONOGRAM PARIS sera expédié avec un sceau d’inviolabilité scellé. 
 Aucun produit ne pourra être retourné / et / ou remboursé si ce lien a été rompu (ou décollé)
MONOGRAM PARIS se verra refuser toute commande retournée dégradée, endommagée, portée ou abimée. "
6613822439520,Petit Bateau,"6M, <20€, Collection : Il Etait Plusieurs Fois, dropshipping, Garçon, Il Etait Plusieurs Fois, Petit Bateau, Pyjamas Et Sous-Vêtements, target2sell:2022-06-18 08:45:00, Type : Petit Bateau",[https://cdn.shopify.com/s/files/1/0002/7600/4882/products/gvr08_tempNN8-45IEPF202102357.jpg?v=1655413965],IL ETAIT PLUSIEURS FOIS,1,0.0," Vêtement de seconde main en excellent état vérifié par nos soins. Cet article est unique, un seul exemplaire en stock.   Condition :  Excellent état Condition générale du produit avec zéro défaut et comme neuf.   Composition :  100% coton "
6613655289952,Bonpoint,"6M, Bas, Bonpoint, Collection : Il Etait Plusieurs Fois, dropshipping, eligibility, Garçon, Il Etait Plusieurs Fois, target2sell:2022-06-18 08:45:00, Type : Bonpoint",[https://cdn.shopify.com/s/files/1/0002/7600/4882/products/p4hqg_tempHHH5-28IEPF202122892.jpg?v=1655388247],IL ETAIT PLUSIEURS FOIS,1,0.0," Vêtement de seconde main en excellent état vérifié par nos soins. Cet article est unique, un seul exemplaire en stock.   Condition :  Excellent état Condition générale du produit avec zéro défaut et comme neuf.   Composition :  100% coton "
6686179197024,Skirts and shorts,"dispeo, dropshipping, INACTIF, Jupes Et Shorts, L, langshop, M, Mango Woman, MANGO1023, recherche1:Prêt-à-porter, recherche2:Jupes, S, Skirts and shorts, Type : Jupes Et Shorts, Type : Skirts and shorts, XS, 10230123, >100€, Collection : Mango Woman","[https://cdn.shopify.com/s/files/1/0002/7600/4882/files/37056316_70_D8.jpg?v=1697034234,https://cdn.shopify.com/s/files/1/0002/7600/4882/files/37056316_70_R.jpg?v=1697034373,https://cdn.shopify.com/s/files/1/0002/7600/4882/files/37056316_70_B3.jpg?v=1697034015,https://cdn.shopify.com/s/files/1/0002/7600/4882/files/37056316_70.jpg?v=1697034008,https://cdn.shopify.com/s/files/1/0002/7600/4882/files/37056316_70_B.jpg?v=1697034012,https://cdn.shopify.com/s/files/1/0002/7600/4882/files/37056316_70-99999999_01.jpg?v=1697033941,https://cdn.shopify.com/s/files/1/0002/7600/4882/files/37056316_70_D2.jpg?v=1697034062,https://cdn.shopify.com/s/files/1/0002/7600/4882/files/37056316_70_D4.jpg?v=1697034163]",MANGO WOMAN,1,20.75," Tissu de coton mélangé, Imprimé pied-de-poule, Fermeture à double boutonnage, Doublure, Croisé, Coupe courte, Total look "
6631791657056,Costumes & Smokings,"Collection : Fursac, Costumes & Smokings, dispeo, Fursac, logFURSAC0323, SRPFINALRETOUR0923, Type : Costumes & Smokings","[https://cdn.shopify.com/s/files/1/0002/7600/4882/products/costume-en-laine-et-cachemire-a-rayures-gris-motif-rayures-887506.jpg?v=1666776988,https://cdn.shopify.com/s/files/1/0002/7600/4882/products/costume-en-laine-et-cachemire-a-rayures-gris-motif-rayures-716841.jpg?v=1666776988,https://cdn.shopify.com/s/files/1/0002/7600/4882/products/costume-en-laine-et-cachemire-a-rayures-gris-motif-rayures-431275.jpg?v=1666776988,https://cdn.shopify.com/s/files/1/0002/7600/4882/products/costume-en-laine-et-cachemire-a-rayures-gris-motif-rayures-843888.jpg?v=1666776988,https://cdn.shopify.com/s/files/1/0002/7600/4882/products/costume-en-laine-et-cachemire-a-rayures-gris-motif-rayures-216431.jpg?v=1666776988]",FURSAC,1,7900.0111605566144," Costume en laine et cachemire à rayures
 Veste col tailleur
 2 boutons
 2 poches à rabat
 1 fente dos
 Bas de manches avec boutonnière
 Pantalon avec 2 poches italiennes
 2 poches dos passepoilées à rabat
 Bas de pantalon 18 cm, fini avec un revers de 5 cm (il est possible d'ouvrir l'ourlet pour rallonger la jambe)   Le mannequin mesure 1,89 m et porte une taille 48  Les costumes Fursac sont fabriquées en Europe selon une méthode semi-traditionnelle. Cette finition tailleur donne de la vie au vêtement en rendant au revers souplesse, netteté et maintien. 
 Les costumes Fursac sont façonnés à partir de tissus fournis par les plus grands drapiers italiens. 
 C’est grâce à ce savoir-faire que Fursac est capable de proposer des coupes qui habillent un grand nombre de morphologies.
 
 Fursac applique pour ses costumes un drop de 7. Ce terme désigne le différentiel de taille entre la veste et le pantalon d’un ensemble, ce qui signifie par exemple qu’une veste de taille 48 sera livrée avec un pantalon taille 41.
 Les pantalons peuvent être aisément retouchés jusqu'à +/- 4cm au niveau du tour de ceinture.    Composition :  93% laine, 5% cachemire et 2% élasthanne
 Tissu fabriqué en Italie   Entretien :  Nettoyage à sec "
6659651010656,Mono boucle,"Type : Mono boucle, 2305633, Collection :Jizelle Paris, dropshipping, INACTIF, Jizelle Paris, Jizelle0523, Mono boucle, rechercher1:Accessoires, rechercher2:Bijoux, SRPFINALRETOUR0923, TU",[https://cdn.shopify.com/s/files/1/0002/7600/4882/products/image_841070d1-026f-492d-8e4e-f93487980fdc.jpg?v=1683644619],JIZELLE PARIS,1,30.0," Mini  créole en plaqué or et zircons blancs  
 Diamètre 8  mm 
 Vendue à l'unité "
6659601924192,Reiko,"1005585, Bas, Collection : L'Exception, dropshipping, exceptionfemme, INACTIF, L'Exception, Reiko, SRPFINALRETOUR0923, Type : Reiko","[https://cdn.shopify.com/s/files/1/0002/7600/4882/products/1117107183699-06DE-Reiko-jeanharlemmomencoton-01.jpg?v=1683629075,https://cdn.shopify.com/s/files/1/0002/7600/4882/products/1117107183699-06DE-Reiko-jeanharlemmomencoton-05.jpg?v=1683629075,https://cdn.shopify.com/s/files/1/0002/7600/4882/products/1117107183699-06DE-Reiko-jeanharlemmomencoton-03.jpg?v=1683629075,https://cdn.shopify.com/s/files/1/0002/7600/4882/products/1117107183699-06DE-Reiko-jeanharlemmomencoton-02.jpg?v=1683629075,https://cdn.shopify.com/s/files/1/0002/7600/4882/products/1117107183699-06DE-Reiko-jeanharlemmomencoton-04.jpg?v=1683629075]",L'EXCEPTION,1,39.166666666666671,"  Taille normalement, prenez votre taille habituelle.    Composition :  100% Coton  "
6738778095712,Pulls Et Gilets,"recherche1:Prêt-À-Porter, recherche2:Pulls, Type : Pulls Et Gilets, 11230436, Collection : Le Mont St Michel, dropshipping, Femme, L, Le Mont St Michel, LEMONTSTMICHEL1223, M, Pulls Et Gilets","[https://cdn.shopify.com/s/files/1/0002/7600/4882/files/13058.jpg?v=1701772240,https://cdn.shopify.com/s/files/1/0002/7600/4882/files/13057.jpg?v=1701772240]",LE MONT ST MICHEL,1,233.00000000000003," Notre pull Simaline a une coupe plutôt oversize, un col rond et de jolies torsades sur les manches. Nous vous conseillons de prendre votre taille habituelle si vous voulez conserver son côté loose. Si néanmoins vous préférez le porter un peu plus ajusté, n’hésitez pas à prendre une taille en-dessous de votre taille habituelle.
Rose mesure 1,76m et porte du S "
6664305410144,Zyne,"Femme, INACTIF, Neuf, recherche1:Chaussures, recherche2:Sandales, Type : Chaussures, Zyne, 38, 606471, >100€, Chaussures, Closet Genève, ClosetGeneve0623, Collection : Closet Genève, dropshipping","[https://cdn.shopify.com/s/files/1/0002/7600/4882/files/9845-2377761165.jpg?v=1686832103,https://cdn.shopify.com/s/files/1/0002/7600/4882/files/5765-2377771537.jpg?v=1686832103,https://cdn.shopify.com/s/files/1/0002/7600/4882/files/6939-2377761158.jpg?v=1686832103,https://cdn.shopify.com/s/files/1/0002/7600/4882/files/3525-2377774756.jpg?v=1686832103,https://cdn.shopify.com/s/files/1/0002/7600/4882/files/IMG_8123_46f515e0-e584-427d-b4f7-e7859901d925.jpg?v=1686832103,https://cdn.shopify.com/s/files/1/0002/7600/4882/files/IMG_8125.jpg?v=1686832098,https://cdn.shopify.com/s/files/1/0002/7600/4882/files/IMG_8126.jpg?v=1686832098,https://cdn.shopify.com/s/files/1/0002/7600/4882/files/IMG_8124.jpg?v=1686832103]",CLOSET GENEVE,1,0.0," Cette jolie paire de chaussures plates en rafia est neuve.   ÉTAT & DÉTAILS :  - Neuf - Matière : Rafia - Traces d'usures : Non - Boite : Non - Dustbag : oui   INFORMATIONS, LIVRAISON & RETOURS :   -  Prix de revente  : Le prix indiqué correspond au prix de revente en seconde main. Ce dernier est donc différent du prix boutique proposé dans le cadre de l'achat d'un produit neuf. -  Livraison  : En raison de la typologie de produit, la livraison n’est pas offerte au delà de 200€ d’achat. -  Retours  : Frais de retour de 20€ TTC par commande.   ÉTAT DES ARTICLES :   - Neuf : l'article n'a jamais été porté et son état est irréprochable - Très Bien : l'article a été peu porté et reste en excellent état - Bien : l'article a été porté mais reste en bon état - Vintage : l'article a traversé les époques, et ses imperfections sont ce qui fait son charme. "
6749962076256,Boots,"Limited Resell, no-search, numerodevente, recherche1:Chaussures, recherche2:Bottines, Type : Boots, 36, 37, 38, 39, 40, 43, Boots, Collection : Limited Resell, dropshipping","[https://cdn.shopify.com/s/files/1/0002/7600/4882/products/7985.jpg?v=1703179093,https://cdn.shopify.com/s/files/1/0002/7600/4882/products/8514_9bd504b7-0c95-44ca-904f-83ff9e9fe31c.jpg?v=1703179093,https://cdn.shopify.com/s/files/1/0002/7600/4882/products/8519_6e14bc06-7a89-4c78-a8cd-6a7433bb9c2a.jpg?v=1706718550]",LIMITED RESELL,1,5545.166666666667," Caractéristiques physiques et techniques de la UGG Ultra Mini Chestnut    Si vous êtes un fervent admirateur de botte UGG, vous connaissez sans doute leur emblématique UGG Mini Platform. Mais avez-vous jeté un œil à la nouvelle star de la famille UGG ? Découvrez la fameuse ""UGG Classic Ultra Mini"" en teinte ""Chestnut""!   La UGG Ultra Mini n'est pas seulement un autre modèle d'UGG, c'est une évolution. Tout en conservant l'essence et le confort du design original, cette version s'arrête juste en dessous de la cheville, offrant une esthétique moderne et épurée adaptée à toutes les saisons.   Quand il s'agit de couleurs UGG, ""Chestnut"" est indéniablement un classique. Cette nuance de marron chaud est non seulement intemporelle, mais elle apporte aussi une touche d'élégance rustique. Votre nouvelle paire de UGG marron se mariera parfaitement avec toutes vos tenues.   Tout comme ses prédécesseurs, la UGG Mini est fabriquée à partir de matériaux de haute qualité, assurant la durabilité, le confort et, bien sûr, cette sensation douillette que nous aimons tant chez UGG.   En conclusion, que vous soyez un fan de longue date de la marque UGG ou que vous cherchiez simplement une botte stylée et confortable pour compléter votre garde-robe, l'UGG Ultra Mini Chestnut est un choix incontournable. Avec sa silhouette raffinée et sa couleur emblématique, la UGG Classic Mini est une paire qui promet de ne jamais passer inaperçue.   Nos autres modèles emblématiques de UGG Classic Ultra Mini    Vous trouvez le noir un peu trop conventionnel, mais vous ne souhaitez pas non plus opter pour des UGG trop tape-à-l'œil ? Chez Limited Resell, nous avons la solution parfaite pour vous : la UGG Classic Ultra Mini Antilope. Avec sa teinte grise subtile, cette UGG mini grise se mariera aisément avec l'ensemble de votre garde-robe !   Si, au contraire, vous avez envie d'ajouter une touche audacieuse à votre collection de sneakers, laissez-vous séduire par la UGG Classic Ultra Mini Starfish Pink. Cette UGG corail est une véritable déclaration de couleur !   Pour trouver l'équilibre parfait entre le classique et l'exubérance, la UGG Classic Ultra Mini Madhappy Petal est idéale. Avec sa nuance délicate de vieux rose, cette UGG rose rehaussera subtilement votre tenue tout en restant aisément assortissable.   Si ce modèle de UGG ne vous convient pas, nous vous conseillons les fameuses UGG Tasman & Tazz, qui nous sommes sur, feront votre bonheur !    Comment taille les UGG Classic Mini ?    L'équipe de Limited Resell vous recommande de prendre au moins une demi-taille au-dessus de votre pointure habituelle pour votre prochaine paire de chausson UGG. La raison ? La doublure épaisse en fourrure des UGG les rend souvent beaucoup plus étroites à l'intérieur.   Date de sortie : Novembre 2021   SKU : 1116109-CHE/1130750K-CHE   Coloris : CHESTNUT "
7144680554592,Sandales,"Collection : The Selection, dropshipping, RELANCEYOOX260724, Sandales, The Selection, Type : Sandales, YOOXSHOES0614V2","[https://cdn.shopify.com/s/files/1/0002/7600/4882/files/17042114OE_14_E.jpg?v=1720087430,https://cdn.shopify.com/s/files/1/0002/7600/4882/files/17042114OE_14_R.jpg?v=1720087439,https://cdn.shopify.com/s/files/1/0002/7600/4882/files/17042114OE_14_D.jpg?v=1720087425,https://cdn.shopify.com/s/files/1/0002/7600/4882/files/17042114OE_14_F.jpg?v=1720178198]",THE SELECTION,1,0.0, logo solid color square toeline spike heel fully lined rubber sole   Composition :  Rubber 
7144680325216,Sandales,"Collection : The Selection, dropshipping, RELANCEYOOX260724, Sandales, The Selection, Type : Sandales, YOOXSHOES0614V2","[https://cdn.shopify.com/s/files/1/0002/7600/4882/files/17037871QR_14_D.jpg?v=1720087436,https://cdn.shopify.com/s/files/1/0002/7600/4882/files/17037871QR_14_E.jpg?v=1720087441,https://cdn.shopify.com/s/files/1/0002/7600/4882/files/17037871QR_14_R.jpg?v=1720087448,https://cdn.shopify.com/s/files/1/0002/7600/4882/files/17037871QR_14_F.jpg?v=1720178173]",THE SELECTION,1,0.0,"  Un produit de second choix désigne un article présentant des défauts mineurs ou des imperfections.  
 Le produit peut avoir les défauts suivants :    Tache non apparente, petite ou enlevable  logo solid color square toeline wedge heel leather lining rubber cleated sole contains non-textile parts of animal origin   Composition :  Leather "
7136630079584,Robes,"Collection : The Selection, dropshipping, RELANCEYOOX260724, Robes, The Selection, Type : Robes, YOOXPAP0614V2WOMAN","[https://cdn.shopify.com/s/files/1/0002/7600/4882/files/15000088UH_14_R.jpg?v=1719574785,https://cdn.shopify.com/s/files/1/0002/7600/4882/files/15000088UH_14_F.jpg?v=1719804198]",THE SELECTION,1,0.0,"  Un produit de second choix désigne un article présentant des défauts mineurs ou des imperfections.  
 Le produit peut avoir les défauts suivants :    Léger accroc  satin sash basic solid color classic neckline long sleeves no pockets dual side vents front closure button closing unlined   Composition :  100% Viscose "
6677980348512,Pantalons Et Shorts,"38, 40, 42, 44, 46, Collection : Modetrotter, dropshipping, Modetrotter, MODETROTTER0224, Pantalons Et Shorts, recherche1:Prêt-À-Porter, recherche2:Pantalons, Type : Pantalons Et Shorts, 2240366, 32, 34, 36","[https://cdn.shopify.com/s/files/1/0002/7600/4882/products/modetrotter-femme-jean-elias-callly-grisclair-uni7.jpg?v=1707901357,https://cdn.shopify.com/s/files/1/0002/7600/4882/products/modetrotter-femme-jean-elias-callly-grisclair-uni6.jpg?v=1707901213,https://cdn.shopify.com/s/files/1/0002/7600/4882/products/modetrotter-femme-pantalon-elias-cally-grisclair-uni2.jpg?v=1707901103,https://cdn.shopify.com/s/files/1/0002/7600/4882/products/modetrotter-femme-pantalon-elias-cally-grisclair-uni3.jpg?v=1707901410,https://cdn.shopify.com/s/files/1/0002/7600/4882/products/modetrotter-femme-pantalon-elias-cally-grisclair-uni1.jpg?v=1707901488,https://cdn.shopify.com/s/files/1/0002/7600/4882/products/modetrotter-femme-blouse-marisa-agapi-kaki-fleurs1.jpg?v=1707901055,https://cdn.shopify.com/s/files/1/0002/7600/4882/products/modetrotter-femme-pantalon-elias-cally-grisclair-uni4.jpg?v=1694418950,https://cdn.shopify.com/s/files/1/0002/7600/4882/products/modetrotter-femme-jean-elias-caly-grisclair-uni1.jpg?v=1707901185]",MODETROTTER,1,183.25,"Jean droit longueur 7/8 coupe légèrement girlfriend. Se porte taille basse. Entre deux tailles ou pour un porté plus ajusté, privilégiez celle du dessous !  Fabriqué en Tunisie.  La mannequin mesure 173cm et porte la taille 36.  Mesures pour une taille 38 :  - Tour de taille : 88 cm  - Tour de hanches : 110 cm  - Longueur couture côté (avec ceinture) : 95 cm  - Longueur couture intérieure : 71 cm"
6888805171296,Vestes,"recherche1:Prêt-À-Porter, recherche2:Vestes, S, Type : Vestes, Vestes, XS, XXL, 5240123, Collection : Mango Man, couleur:Kaki, dropshipping, Mango Man","[https://cdn.shopify.com/s/files/1/0002/7600/4882/files/47030903_37-99999999_01.jpg?v=1710424359,https://cdn.shopify.com/s/files/1/0002/7600/4882/files/47030903_37_D1.jpg?v=1710424373,https://cdn.shopify.com/s/files/1/0002/7600/4882/files/47030903_37_D6.jpg?v=1710424400,https://cdn.shopify.com/s/files/1/0002/7600/4882/files/47030903_37_R.jpg?v=1710424352,https://cdn.shopify.com/s/files/1/0002/7600/4882/files/47030903_37_D8.jpg?v=1710424404,https://cdn.shopify.com/s/files/1/0002/7600/4882/files/47030903_37_B3.jpg?v=1710424338,https://cdn.shopify.com/s/files/1/0002/7600/4882/files/47030903_37.jpg?v=1710424319,https://cdn.shopify.com/s/files/1/0002/7600/4882/files/47030903_37_B.jpg?v=1710424331,https://cdn.shopify.com/s/files/1/0002/7600/4882/files/47030903_37_D9.jpg?v=1710424407]",MANGO MAN,1,0.0," Col montant, Manches longues, Combiné, Deux poches latérales, Fermeture Éclair avec boutons, Empiècements en nylon, Tissu polaire, Le mannequin mesure 187 cm et porte une taille M "
14895913468283,Jupes,"Jupes, Paule Ka, PAULEKA0125, Type : Jupes, 36, Collection : Paule Ka, dropshipping, JEVASOWH","[https://cdn.shopify.com/s/files/1/0002/7600/4882/files/180_J012_20-_20gris_201.jpg?v=1738065553,https://cdn.shopify.com/s/files/1/0002/7600/4882/files/180_J012_20-_20gris_202.jpg?v=1738065556,https://cdn.shopify.com/s/files/1/0002/7600/4882/files/180_J012_20-_20gris_203.jpg?v=1738065559,https://cdn.shopify.com/s/files/1/0002/7600/4882/files/180_J012_20-_20gris.jpg?v=1738065549]",PAULE KA,1,0.0," Jupe
Coupe droite
Satin
Poches

   Composition :  
82% triacétate et 18% polyester
Doublure : 98% polyester et 2% élasthanne

   Entretien :  
Lavage délicat en machine
Lavage : 30°C "
14961810342267,Brassières,"Type : Brassières, Under Armour, XS, Brassières, Collection : Under Armour, dropshipping, PEGASHOESUNDERARMOUR0325, PEGASHOESXREVER, S","[https://cdn.shopify.com/s/files/1/0002/7600/4882/files/soutien-gorge-de-sport-armour-armour-mid-big-logo_5b4aff29-82cd-46c2-a807-f61a41281317.jpg?v=1742481515,https://cdn.shopify.com/s/files/1/0002/7600/4882/files/soutien-gorge-de-sport-armour-armour-mid-big-logo_b3407149-ca4d-46bd-9847-713f98915814.jpg?v=1742481524,https://cdn.shopify.com/s/files/1/0002/7600/4882/files/soutien-gorge-de-sport-armour-armour-mid-big-logo_1f27f0bf-6376-4215-95a2-6b60ef2e36e2.jpg?v=1742481527,https://cdn.shopify.com/s/files/1/0002/7600/4882/files/soutien-gorge-de-sport-armour-armour-mid-big-logo.jpg?v=1742628493]",UNDER ARMOUR,1,0.0," Soutien-gorge de sport Under Armour MID BIG LOGO  - Ref. 1342630-001.Couleur : Noir.   Détails.  - Coupe ajustée près du corps sans trop coller. - Bande élastique en jacquard ultradoux pour un ajustement sur-mesure. - Matière HeatGear® pour un effet seconde peau. - Structure extensible dans quatre sens.Matière : 87% polyester, 13% élasthanne. "
14860883394939,Arts De La Table,"Arts De La Table, Collection : Mushroom Studio, dropshipping, Mushroom Studio, MUSHROOMSTUDIO1125, seo-generated-metafields20251126, SPMUSHROOM799, TU, Type : Arts De La Table, Type : Arts De La Table","[https://cdn.shopify.com/s/files/1/0002/7600/4882/files/VAI.PLA.0139.jpg?v=1732636256,https://cdn.shopify.com/s/files/1/0002/7600/4882/files/VAI.PLA.0139-2.jpg?v=1732636256,https://cdn.shopify.com/s/files/1/0002/7600/4882/files/VAI.PLA.0139-4.jpg?v=1732636256,https://cdn.shopify.com/s/files/1/0002/7600/4882/files/VAI.PLA.0139-8.jpg?v=1732636256,https://cdn.shopify.com/s/files/1/0002/7600/4882/files/VAI.PLA.0139-3.jpg?v=1732636256,https://cdn.shopify.com/s/files/1/0002/7600/4882/files/VAI.PLA.0139-6.jpg?v=1732636256,https://cdn.shopify.com/s/files/1/0002/7600/4882/files/VAI.PLA.0139-5.jpg?v=1732636256,https://cdn.shopify.com/s/files/1/0002/7600/4882/files/VAI.PLA.0139-7.jpg?v=1732636256]",MUSHROOM STUDIO,1,0.0,"✨ Ce superbe plat à gâteau de la collection Mushroom Studio, fabriqué par Digoin Sarreguemines, associe faïence et chrome dans un modèle nommé Beaujeu. Présentant une harmonie de vert et bleu, ce dessin de 1960 reste en très bon état, malgré de rares traces du temps. Une pièce élégante pour toute collection d'art de la table qui allie envoi soigné et possibilité d'envois groupés – une option à la fois économique et respectueuse de l'environnement.  📏 Dimensions : 28.5x32 cm."
6651847442528,Pantalons,"dropshipping, Faguo, HOMME2024, Pantalons, T29, T31, T33, T36, THEBRADERY2024, Type : Pantalons, 190224, 2241218","[https://cdn.shopify.com/s/files/1/0002/7600/4882/products/F22PA0101-BLU59___P3.jpg?v=1678904077,https://cdn.shopify.com/s/files/1/0002/7600/4882/products/F22PA0101-BLU59___P2.jpg?v=1678904077,https://cdn.shopify.com/s/files/1/0002/7600/4882/products/F22PA0101-BLU59.jpg?v=1678904077,https://cdn.shopify.com/s/files/1/0002/7600/4882/products/F22PA0101-BLU59___P4.jpg?v=1678904077,https://cdn.shopify.com/s/files/1/0002/7600/4882/products/F22PA0101-BLU59___P8.jpg?v=1678904077,https://cdn.shopify.com/s/files/1/0002/7600/4882/products/F22PA0101-BLU59___P10.jpg?v=1678904077,https://cdn.shopify.com/s/files/1/0002/7600/4882/products/F22PA0101-BLU59___P6.jpg?v=1678904077,https://cdn.shopify.com/s/files/1/0002/7600/4882/products/F22PA0101-BLU59___P9.jpg?v=1678904077,https://cdn.shopify.com/s/files/1/0002/7600/4882/products/F22PA0101-BLU59___P12.jpg?v=1678904067,https://cdn.shopify.com/s/files/1/0002/7600/4882/products/F22PA0101-BLU59___P11.jpg?v=1678904077,https://cdn.shopify.com/s/files/1/0002/7600/4882/products/F22PA0101-BLU59___P5.jpg?v=1678904077,https://cdn.shopify.com/s/files/1/0002/7600/4882/products/F22PA0101-BLU59___P7.jpg?v=1678904077]",FAGUO,1,97.333333333333329,"  🌿    Eco-Friendly    Inspiré des pantalons créés pour les troupes coloniales britanniques, notre chino BRIX est un incontournable du vestiaire FAGUO. Sa coupe est slim (légèrement fuselée en bas). 
  Composition :  75% organic cotton 23% recycled cotton 2% elastane   "
6853300650080,Vestes Et Manteaux,"40, Collection : La Fée Maraboutée, dropshipping, La Fée Maraboutée, LAFEEMARABOUTEE1125ARCHIVE, numerodevente, seo-generated-metafields20251125, Type : Vestes Et Manteaux, Vestes Et Manteaux, Vestes Et Manteaux","[https://cdn.shopify.com/s/files/1/0002/7600/4882/files/products_29751282_image2_original.jpg?v=1707735078,https://cdn.shopify.com/s/files/1/0002/7600/4882/files/products_29751282_image3_original.jpg?v=1707735079,https://cdn.shopify.com/s/files/1/0002/7600/4882/files/products_29751282_image4_original.jpg?v=1707735078,https://cdn.shopify.com/s/files/1/0002/7600/4882/files/products_29751282_image1_original.jpg?v=1707735078]",LA FEE MARABOUTEE,1,99.833333333333329,"Veste à manches longues. 
Col tailleur 
2 poches zippées. Esprit aviateur. 
Doublure intégrée. 
Fermeture zippée."
7025154752608,Sacs Et Accessoires,"ARCHIVE1125, ARCHIVESJEVASO1025, Collection : Konges Sløjd, dropshipping, Konges Sløjd, numerodevente, Sacs Et Accessoires, TRIARCHIVES1125DEF, TU, Type : Sacs Et Accessoires, Type : Sacs Et Accessoires, resize1, TU, Type : Accessoires","[https://cdn.shopify.com/s/files/1/0002/7600/4882/files/KS6309_20-_202_20PACK_20SILICONE_20BIB_20-_20PANDA_20-_20Extra_203.jpg?v=1714753639,https://cdn.shopify.com/s/files/1/0002/7600/4882/files/KS6309_20-_202_20PACK_20SILICONE_20BIB_20-_20PANDA_20-_20Extra_202.jpg?v=1714753634,https://cdn.shopify.com/s/files/1/0002/7600/4882/files/KS6309_20-_202_20PACK_20SILICONE_20BIB_20-_20PANDA_20-_20Extra_204.jpg?v=1714753643]",KONGES SLØJD,1,107.9555785123967, Dinner bib with a practical front 'pocket' that scoops up the mess during meal time    Made of 100% silicone    Dishwasher safe to 100°C.   Temperature safe: -40°C to 230°C.    W250 x H230 x D60 mm    Tested and complies with the EU regulations regarding food contact 1935/2004 and the German LFGB §30 and 31.    6m + 
15302669533563,Lunettes De Vue,"Type : Lunettes De Vue, Collection : Luxury Eyewear, dropshipping, Lunettes De Vue, Luxury Eyewear, LUXURYEYEWEAR1125, RESIZE1, seo-generated-metafields20251127, TU, Type : Lunettes De Vue","[https://cdn.shopify.com/s/files/1/0002/7600/4882/files/fe50123-001-0000.jpg?v=1763998536,https://cdn.shopify.com/s/files/1/0002/7600/4882/files/fe50123-001-0001.jpg?v=1763998538]",LUXURY EYEWEAR,1,0.0,"Élégantes et raffinées, ces  lunettes de vue  Fendi sont conçues pour sublimer votre regard. Avec une largeur de lentille de 53 mm et une longueur de temple de 140 mm, elles offrent un fit idéal tout en garantissant un style inégalé.  Idéales à porter au quotidien, ces lunettes se marient facilement à toutes vos tenues, apportant une touche d’élégance et de sophistication à votre allure.  Luxury Eyewear vous propose ici une  création  que TheBradery a soigneusement sélectionnée pour son design audacieux et son confort exceptionnel ✨   Composition  : 53 mm, 19 mm de largeur de pont, 140 mm de longueur de temple"
7230329061472,Petite Maroquinerie,"Collection : Monogram Paris, dropshipping, Monogram Paris, MONOGRAMPARIS1224, NONRETOURNABLE, Petite Maroquinerie, TU, Type : Petite Maroquinerie","[https://cdn.shopify.com/s/files/1/0002/7600/4882/files/portefeuille-fendi-cuir-clous-noir_dce30494-db2e-4fba-b38f-0356458d4bb2.jpg?v=1730386125,https://cdn.shopify.com/s/files/1/0002/7600/4882/files/portefeuille-fendi-cuir-clous-noir_b48bea16-82e7-4e42-b2b7-66b7c3608113.jpg?v=1730386141,https://cdn.shopify.com/s/files/1/0002/7600/4882/files/portefeuille-fendi-cuir-clous-noir.jpg?v=1730386119]",MONOGRAM PARIS,1,0.0," Très bon état
  Avec boîte et dustbag
  Clous recollé "
4786778177632,Chaussures Et Accessoires,"Berenice, Chaussures Et Accessoires, TU",[https://cdn.shopify.com/s/files/1/0002/7600/4882/products/textile-04jonna5te-navy-textile-berenice-106375.jpg?v=1609825135],BERENICE,1,92.5, Foulard avec pompons.   Ce modèle taille normalement. Prenez votre taille habituelle.   100% Modal. 
14972018491771,T-shirt,"Carhartt, STOCKLYCARHARTT0325, STOCKLYSELECTIONSEMAINE0325, T-shirt","[https://cdn.shopify.com/s/files/1/0002/7600/4882/files/carhartt_7Ci032077-1b9-xx_Image_2_C2.jpg?v=1742994869,https://cdn.shopify.com/s/files/1/0002/7600/4882/files/carhartt_7Ci032077-1b9-xx_Image_1_C2.jpg?v=1742994864]",CARHARTT,1,0.0," Tu es parfaitement habillé au quotidien et pendant tes loisirs grâce à ce modèle rafraîchissant en jaune. Carhartt WIP a créé avec ce t-shirt un produit très parfait. Son fonctionnement rafraîchissant, léger, confortable et respirant le rend convaincant. Le t-shirt a des manches courtes et une encolure ronde confortable. C'est un t-shirt qui ne manquera pas d'attirer l'attention grâce à l'inscription au dos. Avec ce t-shirt pour hommes, tu es toujours moderne dans tes loisirs.
Détails du produit :

Encolure : col rond
Manches courtes
Propriétés : rafraîchissant, respirant, confortable
Matière : 100% coton "
6538391978080,Accessoires Et Chaussures,"<20€, Accessoires Et Chaussures, Jacadi, T1, T2","[https://cdn.shopify.com/s/files/1/0002/7600/4882/products/bandeau-suzie-marine-fille-fille-jacadi-601867.jpg?v=1615824481,https://cdn.shopify.com/s/files/1/0002/7600/4882/products/bandeau-suzie-marine-fille-fille-jacadi-480290.jpg?v=1615823581]",JACADI,1,35.0," Bandeau Suzie - Marine - Fille   Composition :  100 % Coton   Instructions :   Lavage : Lavage à 30°C, action réduite Blanchiment : Chlore interdit Séchage : Pas de sèche-linge Repassage : Repassage faible Nettoyage : Pas de pressing "
6702833139808,Sacs,"couleur:Rouge, dropshipping, INACTIF, Jaiio, JAIIO1123, langshop, recherche1:Accessoires, recherche2:Sacs, resize1, Sacs, TU, Type : Sacs, 11230361, Burberry, Collection : Jaiio","[https://cdn.shopify.com/s/files/1/0002/7600/4882/products/39bb5bd61f1fb666db4ef20ba4cadeec.jpg?v=1698399822,https://cdn.shopify.com/s/files/1/0002/7600/4882/products/66cca2143c510e4649c3888bfbdaebf0.jpg?v=1698399822,https://cdn.shopify.com/s/files/1/0002/7600/4882/products/30057f8c84cdd14c936455ad2efcba79.jpg?v=1698399822,https://cdn.shopify.com/s/files/1/0002/7600/4882/products/aea253c1b50943e4cf321b0eccd362d7.jpg?v=1698399822,https://cdn.shopify.com/s/files/1/0002/7600/4882/products/df2ab6ac328eb993ccd22ed38a7d3255.jpg?v=1698926001]",JAIIO,1,0.0,Sac à main de seconde main Burberry rouge tissu. Largeur : 20cm. Profondeur : 9cm. Hauteur : 24cm. Collection Femme. Très Bon État. Sac cabas avec corps en toile avec brodure en cuir - Lanières de cuir plates - Fermeture avec bouton pression - Poche intérieure zippée. Référence : 1617001.
6599635894368,Gucci,"dropshipping, Gucci, Monogram Paris","[https://cdn.shopify.com/s/files/1/0002/7600/4882/products/boucles-doreilles-mors-en-diamants-gucci-bijoux-monogram-paris-977946.jpg?v=1647012611,https://cdn.shopify.com/s/files/1/0002/7600/4882/products/boucles-doreilles-mors-en-diamants-gucci-bijoux-monogram-paris-364408.jpg?v=1647004614,https://cdn.shopify.com/s/files/1/0002/7600/4882/products/boucles-doreilles-mors-en-diamants-gucci-bijoux-monogram-paris-546954.jpg?v=1646997466,https://cdn.shopify.com/s/files/1/0002/7600/4882/products/boucles-doreilles-mors-en-diamants-gucci-bijoux-monogram-paris-653690.jpg?v=1647009282]",MONOGRAM PARIS,1,0.0," Boucles d'oreilles Gucci Argent Diamants Forme de mors Parfait état Vendu sans housse, ni boîte   Les frais de livraison sont de 20€ TTC (France Métropolitaine) afin de garantir un suivi, une assurance et une livraison express. Les commandes seront expédiées sous 24h et livrées sous 3 jours ouvrés à partir de la date de la commande. La livraison offerte au delà de 200 euros d’achats ne s’applique pas sur cette vente.  
 Compte tenu de son état d’usage, tout produit commandé lors de la vente MONOGRAM PARIS sera expédié avec un sceau d’inviolabilité scellé. 
 Aucun produit ne pourra être retourné / et / ou remboursé si ce lien a été rompu (ou décollé)
MONOGRAM PARIS se verra refuser toute commande retournée dégradée, endommagée, portée ou abimée. "
6599636844640,Prada,"dropshipping, Monogram Paris, Prada","[https://cdn.shopify.com/s/files/1/0002/7600/4882/products/cabas-medium-en-nylon-noir-et-pins-prada-sacs-monogram-paris-527975.jpg?v=1647003161,https://cdn.shopify.com/s/files/1/0002/7600/4882/products/cabas-medium-en-nylon-noir-et-pins-prada-sacs-monogram-paris-401653.jpg?v=1647000569,https://cdn.shopify.com/s/files/1/0002/7600/4882/products/cabas-medium-en-nylon-noir-et-pins-prada-sacs-monogram-paris-427044.jpg?v=1647018319,https://cdn.shopify.com/s/files/1/0002/7600/4882/products/cabas-medium-en-nylon-noir-et-pins-prada-sacs-monogram-paris-811951.jpg?v=1647256338]",MONOGRAM PARIS,1,0.0," Cabas Prada Nylon matelassé noir Finitions en cuir lisse noir Pins éclair, rose et coeur en émail rose, rouge, noir Logo triangulaire Prada Intérieur en nylon noir Fermeture zippée Bandoulière amovible et ajustable en cuir saffiano Bijouterie en métal argenté Dimensions 35 x 22 x 12 cm Parfait état Vendu avec housse, sans boite   Les frais de livraison sont de 20€ TTC (France Métropolitaine) afin de garantir un suivi, une assurance et une livraison express. Les commandes seront expédiées sous 24h et livrées sous 3 jours ouvrés à partir de la date de la commande. La livraison offerte au delà de 200 euros d’achats ne s’applique pas sur cette vente.  
 Compte tenu de son état d’usage, tout produit commandé lors de la vente MONOGRAM PARIS sera expédié avec un sceau d’inviolabilité scellé. 
 Aucun produit ne pourra être retourné / et / ou remboursé si ce lien a été rompu (ou décollé)
MONOGRAM PARIS se verra refuser toute commande retournée dégradée, endommagée, portée ou abimée. "
6599642218592,Gucci,"dropshipping, Gucci, Monogram Paris","[https://cdn.shopify.com/s/files/1/0002/7600/4882/products/sac-cabas-swing-en-cuir-fuchsia-gucci-sacs-monogram-paris-417426.jpg?v=1647256576,https://cdn.shopify.com/s/files/1/0002/7600/4882/products/sac-cabas-swing-en-cuir-fuchsia-gucci-sacs-monogram-paris-276418.jpg?v=1647008580,https://cdn.shopify.com/s/files/1/0002/7600/4882/products/sac-cabas-swing-en-cuir-fuchsia-gucci-sacs-monogram-paris-544552.jpg?v=1647011613,https://cdn.shopify.com/s/files/1/0002/7600/4882/products/sac-cabas-swing-en-cuir-fuchsia-gucci-sacs-monogram-paris-819214.jpg?v=1647016872]",MONOGRAM PARIS,1,0.0," Sac Gucci Modèle Swing Cuir grainé fuchsia Intérieur toile coton beige Une grande poche plate zippé à l'intérieur Bijouterie métal doré Fermeture aimanté Dimensions 34 x 30 x 17 cm Neuf Vendu avec dustbag d'origine, sans boîte""]   Les frais de livraison sont de 20€ TTC (France Métropolitaine) afin de garantir un suivi, une assurance et une livraison express. Les commandes seront expédiées sous 24h et livrées sous 3 jours ouvrés à partir de la date de la commande. La livraison offerte au delà de 200 euros d’achats ne s’applique pas sur cette vente.  
 Compte tenu de son état d’usage, tout produit commandé lors de la vente MONOGRAM PARIS sera expédié avec un sceau d’inviolabilité scellé. 
 Aucun produit ne pourra être retourné / et / ou remboursé si ce lien a été rompu (ou décollé)
MONOGRAM PARIS se verra refuser toute commande retournée dégradée, endommagée, portée ou abimée. "
6613866152032,Tartine & Chocolat,"6M, <20€, Collection : Il Etait Plusieurs Fois, dropshipping, eligibility, Garçon, Hauts, Il Etait Plusieurs Fois, target2sell:2022-06-18 08:45:00, Tartine & Chocolat, Type : Tartine & Chocolat",[https://cdn.shopify.com/s/files/1/0002/7600/4882/products/jk632_tempP8-29IEPF202182008.jpg?v=1655421770],IL ETAIT PLUSIEURS FOIS,1,0.0," Vêtement de seconde main en excellent état vérifié par nos soins. Cet article est unique, un seul exemplaire en stock.   Condition :  Excellent état Condition générale du produit avec zéro défaut et comme neuf.   Composition :  100% lin "
6613853798496,Petit Bateau,"6M, <20€, Collection : Il Etait Plusieurs Fois, dropshipping, eligibility, Fille, Hauts, Il Etait Plusieurs Fois, Petit Bateau, target2sell:2022-06-18 08:45:00, Type : Petit Bateau",[https://cdn.shopify.com/s/files/1/0002/7600/4882/products/15j9v_tempIII2-11IEPF202176183.jpg?v=1655419805],IL ETAIT PLUSIEURS FOIS,1,0.0," Vêtement de seconde main en excellent état vérifié par nos soins. Cet article est unique, un seul exemplaire en stock.   Condition :  Excellent état Condition générale du produit avec zéro défaut et comme neuf.   Composition :  100% coton "
6613830107232,Petit Bateau,"6M, <20€, Collection : Il Etait Plusieurs Fois, dropshipping, eligibility, Fille, Il Etait Plusieurs Fois, Petit Bateau, Robes Et Jupes, target2sell:2022-06-18 08:45:00, Type : Petit Bateau",[https://cdn.shopify.com/s/files/1/0002/7600/4882/products/uhhhu_tempXX5-12IEPF202162712.jpg?v=1655415548],IL ETAIT PLUSIEURS FOIS,1,0.0," Vêtement de seconde main en excellent état vérifié par nos soins. Cet article est unique, un seul exemplaire en stock.   Condition :  Excellent état Condition générale du produit avec zéro défaut et comme neuf.   Composition :  100% coton "
6613743829088,IKKS,"3M, <20€, Collection : Il Etait Plusieurs Fois, dropshipping, eligibility, Fille, Hauts, IKKS, Il Etait Plusieurs Fois, target2sell:2022-06-18 08:45:00, Type : IKKS",[https://cdn.shopify.com/s/files/1/0002/7600/4882/products/k9kko_tempSS1-40IEPF2021144822.jpg?v=1655401821],IL ETAIT PLUSIEURS FOIS,1,0.0," Vêtement de seconde main en excellent état vérifié par nos soins. Cet article est unique, un seul exemplaire en stock.   Condition :  Excellent état Condition générale du produit avec zéro défaut et comme neuf.   Composition :  100% coton "
6613699985504,Boutchou,"6M, <20€, Boutchou, Collection : Il Etait Plusieurs Fois, dropshipping, eligibility, Fille, Il Etait Plusieurs Fois, Robes Et Jupes, target2sell:2022-06-18 08:45:00, Type : Boutchou",[https://cdn.shopify.com/s/files/1/0002/7600/4882/products/564vm_tempJJJ6-16IEPF2021103714.jpg?v=1655397047],IL ETAIT PLUSIEURS FOIS,1,0.0," Vêtement de seconde main en excellent état vérifié par nos soins. Cet article est unique, un seul exemplaire en stock.   Condition :  Excellent état Condition générale du produit avec zéro défaut et comme neuf.   Composition :  100% coton "
6613695365216,Boutchou,"6M, <20€, Bas, Boutchou, Collection : Il Etait Plusieurs Fois, dropshipping, eligibility, Garçon, Il Etait Plusieurs Fois, target2sell:2022-06-18 08:45:00, Type : Boutchou",[https://cdn.shopify.com/s/files/1/0002/7600/4882/products/vp6rv_tempOOO1-4IEPF202168423.jpg?v=1655396102],IL ETAIT PLUSIEURS FOIS,1,0.0," Vêtement de seconde main en excellent état vérifié par nos soins. Cet article est unique, un seul exemplaire en stock.   Condition :  Excellent état Condition générale du produit avec zéro défaut et comme neuf.   Composition :  100% coton "
6700687949920,Vêtements,"dropshipping, Homme, INACTIF, L, M, REMISEAIGLE1023, S, Type : Vêtements, Vêtements, XL, XXL, 10230071, Aigle, AIGLE1023, Collection : Aigle","[https://cdn.shopify.com/s/files/1/0002/7600/4882/files/shoot_ac9410_1.jpg?v=1698207634,https://cdn.shopify.com/s/files/1/0002/7600/4882/files/shoot_ac9410_3.jpg?v=1698207647,https://cdn.shopify.com/s/files/1/0002/7600/4882/files/shoot_ac9410_4.jpg?v=1698207654,https://cdn.shopify.com/s/files/1/0002/7600/4882/files/shoot_ac9410_2.jpg?v=1698207641]",AIGLE,1,33.166666666666664," Le Tee-shirt col rond en jersey de coton organique signé Aigle version camouflage.    Composition :  Matière De La Membrane : 100 % Coton,    Entretien :  Lavage 30° "
6619229618272,Robes,"dropshipping, L, M, Ma Chic Boutique, MCB0924, numerodevente, recherche1:Prêt-À-Porter, recherche2:Robes, Robes, S, TBXMCBSEPT24, TYpe : Robes, XS","[https://cdn.shopify.com/s/files/1/0002/7600/4882/products/20688.jpg?v=1658508365,https://cdn.shopify.com/s/files/1/0002/7600/4882/products/20699.jpg?v=1658499847,https://cdn.shopify.com/s/files/1/0002/7600/4882/products/20703.jpg?v=1658499847,https://cdn.shopify.com/s/files/1/0002/7600/4882/products/20694.jpg?v=1658499847,https://cdn.shopify.com/s/files/1/0002/7600/4882/products/20692.jpg?v=1658508365,https://cdn.shopify.com/s/files/1/0002/7600/4882/products/20675_ea137fae-3515-4d35-81ba-f4472beafaa8.jpg?v=1658508365,https://cdn.shopify.com/s/files/1/0002/7600/4882/products/20677_9eb2b2b9-ab5b-4a1d-b30b-91667a35d993.jpg?v=1658508365,https://cdn.shopify.com/s/files/1/0002/7600/4882/products/20696.jpg?v=1658499847,https://cdn.shopify.com/s/files/1/0002/7600/4882/products/20680.jpg?v=1658508365,https://cdn.shopify.com/s/files/1/0002/7600/4882/products/20674_d0dbfa56-cdc9-4ebe-99a6-faa7a6f92645.jpg?v=1658508365,https://cdn.shopify.com/s/files/1/0002/7600/4882/products/20691.jpg?v=1658508365,https://cdn.shopify.com/s/files/1/0002/7600/4882/products/20684.jpg?v=1658508365,https://cdn.shopify.com/s/files/1/0002/7600/4882/products/20704.jpg?v=1658499847,https://cdn.shopify.com/s/files/1/0002/7600/4882/products/20678_de62e7d8-00f7-4441-86e3-ffeb7253374a.jpg?v=1658508365,https://cdn.shopify.com/s/files/1/0002/7600/4882/products/20706.jpg?v=1658499847,https://cdn.shopify.com/s/files/1/0002/7600/4882/products/20693.jpg?v=1658508365]",MCB PARIS,1,712.25," 
  Création by Léana   
 
  
 Robe création à motifs violets avec forme one shoulder. Volant élastique, en voile avec doublure . 
  
 Fabriquée à Paris. 
 Elle existe en taille XS, S, M et L. 
 La taille XS : 34 et 36 La taille S: 36 et petit 38 La taille M: 38 et 40 La taille L: 40 à 44 
 Léana porte une taille M pour un 38 et 1m65. 
 Lavage à la main conseillé.     "
6644475002976,Jupe mi-longue,"Automne / Hiver, Bohème, F_Bohème, F_Jupe, F_Jupe mi-longue, F_Motifs, F_Trendy, Femme, Gris, Jupe, Jupe mi-longue, mailing_nouveautes, Motifs, Polyester, Printemps / Été, seller_6320667295977, tby-omaj, TopMarque, Trendy, Très bon état, 38, 38 / M, Agnès B","[https://cdn.shopify.com/s/files/1/0002/7600/4882/products/jupe-mi-longue-agnes-b-215143.jpg?v=1674601793,https://cdn.shopify.com/s/files/1/0002/7600/4882/products/jupe-mi-longue-agnes-b-505227.jpg?v=1674601793,https://cdn.shopify.com/s/files/1/0002/7600/4882/products/jupe-mi-longue-agnes-b-185232.jpg?v=1674601793,https://cdn.shopify.com/s/files/1/0002/7600/4882/products/jupe-mi-longue-agnes-b-798200.jpg?v=1674601793]",AGNES B,1,0.0,Jupe mi-longue Agnès B  Couleur :  Gris  Taille :  38  Matière principale :  Polyester  État :  Très bon état 
6738767216736,Pulls Et Gilets,"Type : Pulls Et Gilets, XS, 11230436, Collection : Le Mont St Michel, dropshipping, Homme, Le Mont St Michel, LEMONTSTMICHEL1223, Pulls Et Gilets, recherche1:Prêt-À-Porter, recherche2:Gilets","[https://cdn.shopify.com/s/files/1/0002/7600/4882/files/04607MG_VIOLET_DOS.jpg?v=1701787569,https://cdn.shopify.com/s/files/1/0002/7600/4882/files/04607MG_VIOLET_AVANT.jpg?v=1701787568]",LE MONT ST MICHEL,1,49.916666666666664," Notre cardigan Sissoi a été confectionnée en maille côtélée avec de belles finitions bords-cotes en bas du cardigan et en bas ds manches.
Xavier mesure 1,85m et porte du M "
6748424896608,Pulls Et Gilets,"12230945, Collection : Scotch & Soda, dropshipping, L, Pulls Et Gilets, recherche1:Prêt-à-porter, recherche2:Pulls, Scotch & Soda, Type : Pulls Et Gilets","[https://cdn.shopify.com/s/files/1/0002/7600/4882/files/products_28510408_image4_original.jpg?v=1702994775,https://cdn.shopify.com/s/files/1/0002/7600/4882/files/products_28510408_image1_original.jpg?v=1702994775,https://cdn.shopify.com/s/files/1/0002/7600/4882/files/products_28510408_image2_original.jpg?v=1702994774,https://cdn.shopify.com/s/files/1/0002/7600/4882/files/products_28510408_image5_original.jpg?v=1702994775,https://cdn.shopify.com/s/files/1/0002/7600/4882/files/products_28510408_image3_original.jpg?v=1702994774]",SCOTCH & SODA,1,0.0," Avec audace et finesse, Scotch & Soda se fait fort d'associer le classique au contemporain, l'uni aux motifs et l'imprimé à  la texture pour proposer des collections riches en détails subtils et respectueuses de l'environnement. 
 Sweat en  coton biologique . 
  Coloris  : gris clair chiné, bleu marine et beige  Matière  : 100% coton biologique  Entretien  : lavage à  la main "
6719921684576,Pantalons Et Shorts,"dropshipping, INACTIF, L, Maison Cléo, MAISONCLÉO1123, Pantalons Et Shorts, recherche1:Prêt-à-porter, recherche2:Jeans, tagElyn, Type : Pantalons Et Shorts, 11230862, Collection : Maison Cléo, couleur:Dark denim","[https://cdn.shopify.com/s/files/1/0002/7600/4882/files/maison_cleo_fw_23_2x3_029-scaled.jpg?v=1699435753,https://cdn.shopify.com/s/files/1/0002/7600/4882/files/Maison-Cleo-Adele8108.png?v=1699435753,https://cdn.shopify.com/s/files/1/0002/7600/4882/files/Maison-Cleo-Adele8106.png?v=1699435753,https://cdn.shopify.com/s/files/1/0002/7600/4882/files/Maison-Cleo-Adele8111.png?v=1699435753,https://cdn.shopify.com/s/files/1/0002/7600/4882/files/Maison-Cleo-Adele8105.png?v=1699435753]",MAISON CLEO,1,0.0,"   Pantalon Denim Foncé  
 Pantalon évasé ceinturé en denim foncé. 
  Composition :  100% denim 
   Entretien :     lavage à 30%  
  Conseil Taille :  171 cm "
6660454121568,PS by PAUL SMITH,"1005585, Collection : L'Exception, dropshipping, exceptionhomme, INACTIF, L'Exception, Maille Et Sweats, PS by PAUL SMITH, Type : PS by PAUL SMITH","[https://cdn.shopify.com/s/files/1/0002/7600/4882/products/130492-ps-paul-smith-pullovercolrasducou-02.jpg?v=1684249738,https://cdn.shopify.com/s/files/1/0002/7600/4882/products/130492-ps-paul-smith-pullovercolrasducou-01.jpg?v=1684249738,https://cdn.shopify.com/s/files/1/0002/7600/4882/products/130492-ps-paul-smith-pullovercolrasducou-03.jpg?v=1684249738,https://cdn.shopify.com/s/files/1/0002/7600/4882/products/130492-ps-paul-smith-pullovercolrasducou-04.jpg?v=1684249738]",L'EXCEPTION,1,0.0,  Taille normalement    Composition : 100% Laine Mérinos   
6660393697376,Sessùn,"1005585, Chemises Et Tops, Collection : L'Exception, dropshipping, exceptionfemme, INACTIF, L'Exception, Sessùn, Type : Sessùn","[https://cdn.shopify.com/s/files/1/0002/7600/4882/products/104687-sessun-blousemarts-03.jpg?v=1684249097,https://cdn.shopify.com/s/files/1/0002/7600/4882/products/104687-sessun-blousemarts-01.jpg?v=1684249097,https://cdn.shopify.com/s/files/1/0002/7600/4882/products/104687-sessun-blousemarts-02.jpg?v=1684249097,https://cdn.shopify.com/s/files/1/0002/7600/4882/products/104687-sessun-blousemarts-04.jpg?v=1684249097]",L'EXCEPTION,1,0.0,  Taille normalement    Composition : 78% Viscose 22% Polyamide   
6677094891616,Sacs À Bandoulière,"langshop, Louis Vuitton, recherche1:Accessoires, recherche2:Sacs, Sacs À Bandoulière, TU, Type : Sacs À Bandoulière, Vintage Iconics, VINTAGEICONICS0923, VintageIconicsresize1, 9230280, Collection : Vintage Iconics, dropshipping, INACTIF","[https://cdn.shopify.com/s/files/1/0002/7600/4882/files/1145A.2.jpg?v=1693932325,https://cdn.shopify.com/s/files/1/0002/7600/4882/files/1145A.4.jpg?v=1693932474,https://cdn.shopify.com/s/files/1/0002/7600/4882/files/1145A.6.jpg?v=1693932536,https://cdn.shopify.com/s/files/1/0002/7600/4882/files/1145A.3.jpg?v=1693932331,https://cdn.shopify.com/s/files/1/0002/7600/4882/files/1145A.5.jpg?v=1693932503,https://cdn.shopify.com/s/files/1/0002/7600/4882/files/1145A.1.jpg?v=1694023604]",VINTAGE ICONICS,1,0.0,"  Dimensions :  28*37*14cm   Condition :  A  Signes d'usure isolés sur une petite zone de l'article. Il peut y avoir un petit filigrane, une légère patine, une décoloration ou des éraflures limitées à une petite zone. L'article conserve sa structure et son état d'origine.   Marque :  Louis Vuitton   Couleur :  Rouge    Composition :   Cuir de veau   * Le prix annoncé correspond au prix de revente en seconde main, établi par la marque. Ce dernier diffère donc du prix boutique proposé dans le cadre de l'achat d'un produit neuf. ** Compte tenu de la typologie de produit, les frais de livraison et retour sont de 10€ TTC. *** Compte tenu de la typologie de produit, la livraison offerte au delà de 200 euros d’achats ne s’applique pas sur cette vente.  "
14806599827835,Bagues,"50, 58FACETTES, 58FACETTES1124, Bagues, dropshipping, numerodevente, recherche1:Accessoires, recherche2:Bagues, Type : Bagues","[https://cdn.shopify.com/s/files/1/0002/7600/4882/files/LZbd5_re8DKqZNm3ItpRcremWcg_aXqhfwX96qU_BT8qV0TEfPe2DTLHBEIgsV8qznakfQhf_di8AVFFRPNA3YuZrLViyeREmXS-hcc0z2igRn0Nab7FyyEAahWixOtSN5deLV4ST71yIM36EbAwygVVwvTtTn_PsUYCDQWuD1w.png?v=1730804848,https://cdn.shopify.com/s/files/1/0002/7600/4882/files/9b99ae92-2ed4-45a0-9c93-f2f341947478_76396bc3-9ccc-40b1-af22-84bb1ff05dd5.jpg?v=1730804848,https://cdn.shopify.com/s/files/1/0002/7600/4882/files/9b99aed2-77b2-41e9-8298-e207db5f4275_7e2802f4-c205-478a-8f80-64107bf1890d.jpg?v=1730804848,https://cdn.shopify.com/s/files/1/0002/7600/4882/files/9b99aead-cc96-461b-9a10-5f47e6b022ac_37f3ab88-9cca-46b6-9f3c-da4adb3cc640.jpg?v=1730804848,https://cdn.shopify.com/s/files/1/0002/7600/4882/files/9b99aeee-f0b3-453b-a6c1-c1b748761c74_5a84c938-7728-4ba5-830a-699cb92d5abf.jpg?v=1730804848]",58FACETTES,1,0.0," 
 Mauboussin 
 Collection: Palazzo Portofino 
 Bague en or gris 18K (750 millièmes) à chaton géométrique habillé de laque noire centré d'un diamant taillé en brillant calibrant 0,10 carat environ entouré et épaulé de diamants plus petits calibrant 0,01 carat environ chacun.  
 Signée Mauboussin.  
 Tour de doigt: 50.  
 Poids Brut : 2,6 g.  
 Avec écrin de la maison.  
 Pierres importantes: Non 
 Pierres moyennes: Non 
 Excellent état 
 Référence : DV2415-2 
 "
14806600876411,Colliers,"58FACETTES, 58FACETTES1124, Colliers, dropshipping, numerodevente, recherche1:Accessoires, recherche2:Colliers, TU, Type : Colliers","[https://cdn.shopify.com/s/files/1/0002/7600/4882/files/9bec6057-cd81-4aeb-8162-9f3ef390b386_542c242a-4130-4d93-b4e4-be59e3985c9f.jpg?v=1730804884,https://cdn.shopify.com/s/files/1/0002/7600/4882/files/9bec5faa-626a-4c84-8276-4ab6ec6f4ca0_d3aed8c2-16f4-42c7-a656-f855f6b98cab.jpg?v=1730804884,https://cdn.shopify.com/s/files/1/0002/7600/4882/files/9bec5f85-0bba-4390-b394-e4bea60429c8_875e0e34-aae8-48e6-8130-6293830989d4.jpg?v=1730804884,https://cdn.shopify.com/s/files/1/0002/7600/4882/files/9bec606c-16eb-4d91-b739-31b0d51a4543_edefe4fb-4020-465b-87b6-ee8eb3a0100f.jpg?v=1730804884,https://cdn.shopify.com/s/files/1/0002/7600/4882/files/9bec5f98-12db-4241-83d3-c5a24aa53572_11d511a7-e3bb-47c2-beab-191c0ab9d01e.jpg?v=1730804884]",58FACETTES,1,0.0," POMELLATO - Mama non mama 

 Collier composée d'une fine maille jaseron en or rose 18K (750 millièmes) centrée d'un cabochon de pierre de lune soulignée d'un pavage de petits saphirs ronds facetés en serti perlé. 

 Le collier est agrémenté d'un fermoir ressort. 

 Signé Pomellato, numéroté. 

 Poids Brut: 5,6 g. 

 Longueur: 40 cm maximum ( Réglable).  

 Excellent état 

 Réf : DV0636-1 "
7136734314592,Manteaux,"Collection : The Selection, dropshipping, Manteaux, RELANCEYOOX260724, The Selection, Type : Manteaux, YOOXPAP0614V2WOMAN","[https://cdn.shopify.com/s/files/1/0002/7600/4882/files/41968584HU_14_R.jpg?v=1719575945,https://cdn.shopify.com/s/files/1/0002/7600/4882/files/41968584HU_14_D.jpg?v=1719575933,https://cdn.shopify.com/s/files/1/0002/7600/4882/files/41968584HU_14_E.jpg?v=1719575940,https://cdn.shopify.com/s/files/1/0002/7600/4882/files/41968584HU_14_F.jpg?v=1719809805]",THE SELECTION,1,0.0,"  Un produit de second choix désigne un article présentant des défauts mineurs ou des imperfections.  
 Le produit peut avoir les défauts suivants :    Trous apparents  Trench coat Floral design Satin-jacquard Piped trims Buttoned tabs Detachable waist tie Two side flap pockets Button fastenings through double-breasted front Hook fastening at neck Back vent Non-stretchy fabric Mid-weight fabric Dry clean Imported    Composition :  54% Viscose, 46% Acétate "
7136619528288,Pulls,"Collection : The Selection, dropshipping, Pulls, RELANCEYOOX260724, The Selection, Type : Pulls, YOOXPAP0614V2WOMAN","[https://cdn.shopify.com/s/files/1/0002/7600/4882/files/14032449TL_14_E.jpg?v=1719574623,https://cdn.shopify.com/s/files/1/0002/7600/4882/files/14032449TL_14_R.jpg?v=1719574628,https://cdn.shopify.com/s/files/1/0002/7600/4882/files/14032449TL_14_D.jpg?v=1719574611,https://cdn.shopify.com/s/files/1/0002/7600/4882/files/14032449TL_14_A.jpg?v=1719574590,https://cdn.shopify.com/s/files/1/0002/7600/4882/files/14032449TL_14_F.jpg?v=1719803311]",THE SELECTION,1,0.0," knitted lamé no appliqués leopard-print round collar lightweight sweater 3/4 length sleeves no pockets   Composition :  46% Polyamide, 46% Viscose, 8% Fibre Métallique "
6888564883552,T-shirts,"recherche1:Prêt-À-Porter, recherche2:T-Shirts, T-shirts, Type : T-shirts, 11/12 ans, 3240001, Adidas, Collection : Adidas, dropshipping","[https://cdn.shopify.com/s/files/1/0002/7600/4882/files/products_29269666_image1_original.jpg?v=1710242710,https://cdn.shopify.com/s/files/1/0002/7600/4882/files/products_29269666_image2_original.jpg?v=1710242710]",ADIDAS,1,0.0," Adidas réinvente le style en imposant le sportswear comme le ""must-have"" du dressing. La marque aux trois bandes relève le défi de l’inédit en rendant chaque style intemporel et chaque étape de la vie unique. Design, confort et audace sont les trois piliers Adidas qui vous permettront de devancer tout le reste en franchissant les étapes du temps.  T-shirt. Col rond. Manches courtes. Logo sur la poitrine. "
6896754032736,Chaussures De Ville,"41, 42, Chaussures De Ville, Collection : Sveti Stefan, dropshipping, recherche1:Chaussures, recherche2:Mocassins, Sveti Stefan, SVETISTEFAN0324, Type : Chaussures De Ville, 3240429, 36, 37, 38, 39, 40","[https://cdn.shopify.com/s/files/1/0002/7600/4882/products/CAPRILEONOR3.jpg?v=1710856233,https://cdn.shopify.com/s/files/1/0002/7600/4882/products/CAPRILEONOR1.jpg?v=1710856233,https://cdn.shopify.com/s/files/1/0002/7600/4882/products/CAPRILEONOR2.jpg?v=1710856233]",SVETI STEFAN,1,0.0,     Matériau extérieur :  piqué éco-lavé     Matériau intérieur :  tissu en coton     Semelle intérieure :  semelle intérieure en gel     Semelle :  semelle EVA   Fabriquée à la main en Espagne.
15305875423611,Chaussures,"41, Chaussures, Collection : Siamoise, dropshipping, no-search, Siamoise, SIAMOISE1225, Type : Chaussures, 36, 37, 38, 39, 40","[https://cdn.shopify.com/s/files/1/0002/7600/4882/files/IMG_6760_2cd2ff94-33cf-4bff-8937-525f89c10904.jpg?v=1764584393,https://cdn.shopify.com/s/files/1/0002/7600/4882/files/IMG_9074_f3c79090-5f76-4232-9c84-a98e6cc40786.jpg?v=1764584392,https://cdn.shopify.com/s/files/1/0002/7600/4882/files/IMG_6869_3085e7e8-2d42-4e34-abc2-142f4cf0889d.jpg?v=1764584393,https://cdn.shopify.com/s/files/1/0002/7600/4882/files/IMG_6758_94bbcb1c-fdfb-466a-b3b7-338f5139bec1.jpg?v=1764584393,https://cdn.shopify.com/s/files/1/0002/7600/4882/files/IMG_9087_b1ea307d-0d2e-4985-8ac1-b1cd57e1607f.jpg?v=1764584392,https://cdn.shopify.com/s/files/1/0002/7600/4882/files/IMG_6890_68dd76fd-c54b-459e-9ee8-f66970063e6c.jpg?v=1764584393,https://cdn.shopify.com/s/files/1/0002/7600/4882/files/IMG_9076_3ae1265d-536d-419e-bdb4-de933ff796b8.jpg?v=1764584393,https://cdn.shopify.com/s/files/1/0002/7600/4882/files/IMG_9085_4d66ef38-e643-460e-8d1c-a5b21975a03e.jpg?v=1764584392,https://cdn.shopify.com/s/files/1/0002/7600/4882/files/IMG_9070_18b361fc-1d1c-4c26-a900-b9c24dc7c928.jpg?v=1764584392]",SIAMOISE,1,0.0," Comment ne pas craquer pour notre nouvelle déclinaison de nos ballerines Antonia ?  
 ♡ : Idéal pour accessoiriser différents styles de tenues. Elles également très confortables, peuvent être porter aussi bien en journée qu'en soirée ! 
 
 Ballerines à bride 
 
 Couleur principale :  Rose  
 
 Couleur secondaire :  Orange 
 
 Hauteur du Talon :  2 cm 
 
 Fermeture :   Bride avec Ardillon en Métal Doré  
 
 Matière :  Tissu (effet velours) 
 
 Semelles :  Caoutchouc 
 
 Déclinaison :  Léopard - Rouge - Camel 
 
  Chaque paire est livrée dans une boite, un petit pochon conçu pour préserver votre chaussures vous est offert, dans la limite des stocks disponibles.  
 Prenez votre taille habituelle. Si vous hésitez entre 2 pointures, choisissez la taille au dessus "
7075472113760,Maillots De Bain,"40, 42, 44, couleur:Kaki, dropshipping, Maillots De Bain, recherche1:Prêt-À-Porter, recherche2:Maillots De Bain, Type : Maillots De Bain, Zadig & Voltaire, ZADIGETVOLTAIRE1224","[https://cdn.shopify.com/s/files/1/0002/7600/4882/files/products_31166123_image3_original.jpg?v=1716975555,https://cdn.shopify.com/s/files/1/0002/7600/4882/files/products_31166123_image2_original.jpg?v=1716975285,https://cdn.shopify.com/s/files/1/0002/7600/4882/files/products_31166123_image1_original.jpg?v=1716975204,https://cdn.shopify.com/s/files/1/0002/7600/4882/files/products_31166123_image4_original.jpg?v=1716975606,https://cdn.shopify.com/s/files/1/0002/7600/4882/files/products_31166123_image5_original.jpg?v=1716897930]",ZADIG & VOLTAIRE,1,0.0,Maillot 2 pièces à motifs fantaisie comprenant :  -  Haut de maillot bandeau sans armatures  Liens à nouer autour du cou. Fermeture par clip.  -  Culotte  Taille élastique. Fond doublé.
14878071062907,Coupelles,"JARSCERAMISTES1224, recherche1:Maison, recherche2:Art De La Table, resize14, Saladiers, Type : Coupelles, Collection : Jars Céramistes, Coupelles, dropshipping, Jars Céramistes","[https://cdn.shopify.com/s/files/1/0002/7600/4882/files/Studio2.0_Coupelle_BlushCeladon_JA964811_2.jpg?v=1735329080,https://cdn.shopify.com/s/files/1/0002/7600/4882/files/Studio2.0_Coupelle_BlushCeladon_JA964811_5.jpg?v=1735329057,https://cdn.shopify.com/s/files/1/0002/7600/4882/files/Studio2.0_Coupelle_BlushCeladon_JA964811.jpg?v=1735329056,https://cdn.shopify.com/s/files/1/0002/7600/4882/files/Studio2.0_Coupelle_BlushCeladon_JA964811_3.jpg?v=1735329080,https://cdn.shopify.com/s/files/1/0002/7600/4882/files/Studio2.0_Coupelle_BlushCeladon_JA964811_6.jpg?v=1735329057,https://cdn.shopify.com/s/files/1/0002/7600/4882/files/Studio2.0_Coupelle_BlushCeladon_JA964811_4.jpg?v=1735329057]",JARS CERAMISTES,1,228.75206611570249,"  Collection :  Studio 2.0  Couleur :  Blush Celadon  Dimensions :  Ø 7,5 cm / H 10 cm / 40 cl   Composition/Matière :  100% Grès   Entretien :  Compatible lave-vaisselle "
15245988561275,Pulls,"Maison 123, MAISON123TEJ, no-search, numerodevente, Pulls, Type : Pulls, Collection : Maison 123, dropshipping, L","[https://cdn.shopify.com/s/files/1/0002/7600/4882/files/row_1483_img_1_d945b0ee.jpg?v=1759161205,https://cdn.shopify.com/s/files/1/0002/7600/4882/files/row_1483_img_3_093c8521.jpg?v=1759161204,https://cdn.shopify.com/s/files/1/0002/7600/4882/files/row_1483_img_4_a9271cad.jpg?v=1759161204,https://cdn.shopify.com/s/files/1/0002/7600/4882/files/row_1483_img_2_8a9d225d.jpg?v=1759161205,https://cdn.shopify.com/s/files/1/0002/7600/4882/files/row_1483_img_5_fa2c3a15.jpg?v=1759161205]",MAISON 123,1,0.0,"Coupe classique, teinte bleue élégante et  maille douce  ; ce vêtement présente des  détails raffinés  et une  silhouette intemporelle , idéal pour une garde-robe soignée.  Découvrez le Pull Maille Palizee Bis de Maison 123, un incontournable de la collection. ✨  Composition : 32 % polyester, 29 % polyamide, 29 % acrylique, 6 % fibres métallisées, 4 % laine."
14902662496635,Sacs,"HORSNORME, Monogram Paris, MONOGRAMPARIS0125, recherche1:Accessoires, recherche2:Sacs, resizemoi1, Sacs, TU, Type : Sacs, 311250115, Collection : Monogram Paris, couleur:Bleu, dropshipping","[https://cdn.shopify.com/s/files/1/0002/7600/4882/files/sac-timeless-jumbo-chanel-cuir-caviar-bleu.jpg?v=1738151290,https://cdn.shopify.com/s/files/1/0002/7600/4882/files/sac-timeless-jumbo-chanel-cuir-caviar-bleu_2d98a4e5-584c-4445-99c7-bd33e45c80f5.jpg?v=1738079926,https://cdn.shopify.com/s/files/1/0002/7600/4882/files/sac-timeless-jumbo-chanel-cuir-caviar-bleu_06ff7c6e-520c-40f0-9482-ff22cd96220a.jpg?v=1738079933,https://cdn.shopify.com/s/files/1/0002/7600/4882/files/sac-timeless-jumbo-chanel-cuir-caviar-bleu_cc5ef3de-4b0e-46eb-b8b7-e3ceab2385e8.jpg?v=1738079937,https://cdn.shopify.com/s/files/1/0002/7600/4882/files/sac-timeless-jumbo-chanel-cuir-caviar-bleu_65dc6d3c-f659-4c19-9140-71630090cfb2.jpg?v=1738079941]",MONOGRAM PARIS,1,0.0," Très bon état
  Avec boîte et dustbag
  Angles très légèrement patinés "
6637508493408,Vestes Et Manteaux,"44, 46, ARCHIVE1125, ARCHIVESJEVASO1025, Collection : Modetrotter, dropshipping, Modetrotter, numerodevente, TRIARCHIVES1125DEF, Type : Vestes Et Manteaux, Vestes Et Manteaux, Vestes Et Manteaux, 32, 34, 36, 38, 40, 42","[https://cdn.shopify.com/s/files/1/0002/7600/4882/products/veste-mariana-georgia-508666.jpg?v=1707870056,https://cdn.shopify.com/s/files/1/0002/7600/4882/products/veste-mariana-georgia-835399.jpg?v=1707869853,https://cdn.shopify.com/s/files/1/0002/7600/4882/products/veste-mariana-georgia-895471.jpg?v=1707869997,https://cdn.shopify.com/s/files/1/0002/7600/4882/products/veste-mariana-georgia-467569.jpg?v=1707869934,https://cdn.shopify.com/s/files/1/0002/7600/4882/products/veste-mariana-georgia-201376.jpg?v=1707870169,https://cdn.shopify.com/s/files/1/0002/7600/4882/products/veste-mariana-georgia-886662.jpg?v=1707870113,https://cdn.shopify.com/s/files/1/0002/7600/4882/products/veste-mariana-georgia-428649.jpg?v=1707869800,https://cdn.shopify.com/s/files/1/0002/7600/4882/products/veste-mariana-georgia-486034.jpg?v=1707870211,https://cdn.shopify.com/s/files/1/0002/7600/4882/products/veste-mariana-georgia-332383.jpg?v=1707869893]",MODETROTTER,1,7196.5923212260086,"  Veste Mariana rayé rouge et blanc croisée devant, fermée avec quatre boutons. En collaboration avec Bonjour Georges. Taille normalement, choisissez votre taille habituelle.    
 Fabriquée en France. 
 La mannequin mesure 173cm et porte la taille 36. 
 Tour de poitrine : 113,4 cm (différence de 4cm entre 2 tailles) 
 Tour de taille : 112 cm (différence de 4cm entre 2 tailles) 
 Longueur manches : 64 cm (différence de 0,3 cm entre 2 taille) 
 Longueur totale depuis la pointe d'épaule : 73 cm (différence de 0,5 cm entre 2 taille) 
   "
14983117144443,Maille Et Sweats,"Maille Et Sweats, S, Type : Maille Et Sweats, XL, Collection : IMPREVU, dropshipping, IMPREVU, IMPREVU0925, L, M","[https://cdn.shopify.com/s/files/1/0002/7600/4882/files/6964-large_default.jpg?v=1743414292,https://cdn.shopify.com/s/files/1/0002/7600/4882/files/6965-large_default.jpg?v=1743414292,https://cdn.shopify.com/s/files/1/0002/7600/4882/files/6962-large_default.jpg?v=1743414293,https://cdn.shopify.com/s/files/1/0002/7600/4882/files/6960-large_default.jpg?v=1743414292,https://cdn.shopify.com/s/files/1/0002/7600/4882/files/6963-large_default.jpg?v=1743414292,https://cdn.shopify.com/s/files/1/0002/7600/4882/files/6966-large_default.jpg?v=1743414293,https://cdn.shopify.com/s/files/1/0002/7600/4882/files/6961-large_default.jpg?v=1743414292,https://cdn.shopify.com/s/files/1/0002/7600/4882/files/6958-large_default.jpg?v=1743414292,https://cdn.shopify.com/s/files/1/0002/7600/4882/files/6959-large_default.jpg?v=1743414292]",IMPREVU,1,441.50482093663908," Grand come back d'un de vos chouchous: la maille au col rond, coupe légèrement boxy. Le bas du buste et le bout des manches arborent un bord côte à rayures contrastées en fil lurex, offrant un maintien parfait et ajoutant une touche sportswear à la silhouette. Son fil propose un mélange pour un touché sec, doux et léger. Le retour de ce classique est revisité avec la signature distinctive d'Imprevu : son dessin marque une invitation au voyage, guidée par la puissante présence de notre Léo, membre officiel de la Tribu.
 Matières et imprimés :
 Découvrez Imprevu World, une création enchanteresse qui invite à explorer un univers fascinant, empreint de mystère et de possibilités infinies, symbolisant la force créative de la pensée positive au sein de la jungle cosmique d'Imprevu.
 Détails :  

 Rocky porte du XS 

 Origine et composition :
 Création belge réalisée en Italie dans nos ateliers familiaux. 

 58% d'acrylique, 20% de laine, 20% de viscose et 2% spandex "
7144745631840,Blouses,"no-search, Yoox, YOOX0724, YOOXPAP0614V2","[https://cdn.shopify.com/s/files/1/0002/7600/4882/files/38919577KM_14_R.jpg?v=1720088213,https://cdn.shopify.com/s/files/1/0002/7600/4882/files/38919577KM_14_F.jpg?v=1720184872]",YOOX,1,0.0," 65%Viscose,35%Silk "
15307324359035,Pantalons,"seo-generated-metafields20251207, Type Pantalons, XS, XS, Collection : Lily Studio, dropshipping, Lily Studio, LILYSTUDIO1225, Pantalons","[https://cdn.shopify.com/s/files/1/0002/7600/4882/files/118430G5803501_3d_00.jpg?v=1765021047,https://cdn.shopify.com/s/files/1/0002/7600/4882/files/118430G5803501_3d_06.jpg?v=1765021048,https://cdn.shopify.com/s/files/1/0002/7600/4882/files/118430G5803501_xj_5.jpg?v=1765021047,https://cdn.shopify.com/s/files/1/0002/7600/4882/files/118430G5803501_xj_4.jpg?v=1765021048,https://cdn.shopify.com/s/files/1/0002/7600/4882/files/118430G5803501_xj_1.jpg?v=1765021048,https://cdn.shopify.com/s/files/1/0002/7600/4882/files/118430G5803501_xj_7.jpg?v=1765021047,https://cdn.shopify.com/s/files/1/0002/7600/4882/files/118430G5803501_xj_0.jpg?v=1765021047,https://cdn.shopify.com/s/files/1/0002/7600/4882/files/118430G5803501_xj_2.jpg?v=1765021048,https://cdn.shopify.com/s/files/1/0002/7600/4882/files/118430G5803501_xj_3.jpg?v=1765021048,https://cdn.shopify.com/s/files/1/0002/7600/4882/files/118430G5803501_xj_6.jpg?v=1765021047]",LILY STUDIO,1,0.0, solid color double-sided woolen coat 
1879048912992,Pulls Et Gilets,Pulls Et Gilets,"[https://cdn.shopify.com/s/files/1/0002/7600/4882/products/poncho-kevin-black-pulls-et-gilets-berenice-400409.jpg?v=1609223301,https://cdn.shopify.com/s/files/1/0002/7600/4882/products/poncho-kevin-black-pulls-et-gilets-berenice-314997.jpg?v=1609223301]",BERENICE,1,0.0," Poncho Franges Devant  
Couleur: Black "
7025188831328,,"reassurance, <20€, LAROSEE0325, LAROSEE0524",[https://cdn.shopify.com/s/files/1/0002/7600/4882/files/6larosee.jpg?v=1714491267],THE BRADERY,1,0.0,
7144606793824,Sweaters,"no-search, Yoox, YOOX0724, YOOXPAP0614V2","[https://cdn.shopify.com/s/files/1/0002/7600/4882/files/14147005FL_14_R.jpg?v=1720085284,https://cdn.shopify.com/s/files/1/0002/7600/4882/files/14147005FL_14_E.jpg?v=1720085278,https://cdn.shopify.com/s/files/1/0002/7600/4882/files/14147005FL_14_D.jpg?v=1720085274,https://cdn.shopify.com/s/files/1/0002/7600/4882/files/14147005FL_14_F.jpg?v=1720174387]",YOOX,1,0.0," 92%Merinos Wool,8%Cashmere "
6857943154784,Bottoms,"Bottoms, Under Armour","[https://cdn.shopify.com/s/files/1/0002/7600/4882/files/s7.V5-1378753-468_FSF.jpg?v=1708422997,https://cdn.shopify.com/s/files/1/0002/7600/4882/files/s7.V5-1378753-468_FC.jpg?v=1708422989,https://cdn.shopify.com/s/files/1/0002/7600/4882/files/s7.V5-1378753-468_BC.jpg?v=1708422992]",UNDER ARMOUR,1,0.0,"  Composition :  87% Polyester,13% Elastane "
6638529413216,Pulls & Cardigans,"Collection : Ines De La Fressange, dispeo, Ines De La Fressange, Pulls & Cardigans, target2sell:2022-12-06 07:45:00, Type : Pulls & Cardigans, XS",[https://cdn.shopify.com/s/files/1/0002/7600/4882/products/cardigan-cesare-bleu-marine-124286.jpg?v=1670320947],INES DE LA FRESSANGE,1,0.0,
6651614462048,Bodies Et Combinaisons,"BBxTB23, Bleu, ByBambou0323, Bébé, Courte, Denim, dropshipping, Ensembles Combinaisons, Fille, Garçon, Petit Bateau, Printemps / Eté, Salopettes, Sara L, tby-bambou, Très bon état, Uni, Vêtements, 6 mois, <20€","[https://cdn.shopify.com/s/files/1/0002/7600/4882/products/dbe62ffd6a623aa8cee2e94a8eb314d7.png?v=1678766377,https://cdn.shopify.com/s/files/1/0002/7600/4882/products/771f49c00a593b6731f9fb00a8bfa40c.jpg?v=1678766377]",PETIT BATEAU,1,0.0, Salopette en denim 
14903778509179,Pulls Et Gilets,"PAPSAVE0125V2, Pulls Et Gilets, SAVE0125V2, Type : Pulls Et Gilets, Collection : La Sélection Rentrée, dropshipping, La Sélection Rentrée, no-search","[https://cdn.shopify.com/s/files/1/0002/7600/4882/files/pull-col-rond_2f9b1668-4ff9-47ef-b2ac-2bdb1d3ec533.jpg?v=1738147161,https://cdn.shopify.com/s/files/1/0002/7600/4882/files/pull-col-rond_356206cb-78db-43b4-b48c-9d82f73a33c0.jpg?v=1738147158,https://cdn.shopify.com/s/files/1/0002/7600/4882/files/pull-col-rond_f5a214e8-924d-43cd-a75b-e536bef53b80.jpg?v=1738147154,https://cdn.shopify.com/s/files/1/0002/7600/4882/files/pull-col-rond_c2b82c05-3790-4e77-b184-71cc96ce6e78.jpg?v=1738147164]",LA SELECTION RENTREE,1,0.0, pull col rond   Composition :  100% laine 
14875222966651,Pulls,"Collection : Perfect Cashmere, dropshipping, L, M, NEWSTOCKARCHIVE0725V2, Perfect Cashmere, PERFECTCASHMERE0825, Pulls, S, TRIARCHIVES1125DEF, Type : Pulls, XL, 2XL, ARCHIVEFDPS3, ARCHIVES1025, ARCHJEVASO0424",[https://cdn.shopify.com/s/files/1/0002/7600/4882/files/PERFCASHMERE-5556_20_1.jpg?v=1735570078],PERFECT CASHMERE,1,347.3, 100% CACHEMIRE 2 FILS 
7213800095840,Chemises Et Tops,"Chemises Et Tops, Collection : La Sélection Rentrée, dropshipping, La Sélection Rentrée, SAVE1024, SAVEFEMME1024, Type : Chemises Et Tops, XS","[https://cdn.shopify.com/s/files/1/0002/7600/4882/files/3-btn-flocked-logo-tank-top.jpg?v=1726858390,https://cdn.shopify.com/s/files/1/0002/7600/4882/files/3-btn-flocked-logo-tank-top_e189faf7-11f2-4ed1-a68b-bb6bd75bb259.jpg?v=1726859383,https://cdn.shopify.com/s/files/1/0002/7600/4882/files/3-btn-flocked-logo-tank-top_dd673cd6-f38a-437b-a188-e08c3a3363b4.jpg?v=1726858815,https://cdn.shopify.com/s/files/1/0002/7600/4882/files/3-btn-flocked-logo-tank-top_2ec8ff3d-998e-45d4-8294-37eeeab40ad9.jpg?v=1726835097,https://cdn.shopify.com/s/files/1/0002/7600/4882/files/3-btn-flocked-logo-tank-top_b9cbf371-1f7b-47b2-84e0-bae22076abd2.jpg?v=1726835087,https://cdn.shopify.com/s/files/1/0002/7600/4882/files/3-btn-flocked-logo-tank-top_a3687e83-4f40-462d-a663-e4c5bf1b07a2.jpg?v=1726835092]",LA SELECTION RENTREE,1,0.0,  Composition :  100% coton 
6913228603488,T-Shirts,"NEWSTOCKARCHIVE0725V2, no-search, T-Shirts, T1, T2, T3, T4, Type : T-Shirts, 274250062, Collection : Des Petits Hauts, Des Petits Hauts, dropshipping",[],DES PETITS HAUTS,1,0.0,
6647095230560,Ceintures,"Ceintures, Des Petits Hauts, dropshiping, no-search, T1, THEBRADERYARCHIVE2024, ARCHIVE190224, ARCHIVEFEMME2024",[],DES PETITS HAUTS,1,0.0,
7136742867040,Shoulder bags,"no-search, Yoox, YOOX0624, YOOXACCBAGS0614","[https://cdn.shopify.com/s/files/1/0002/7600/4882/files/45567559PM_14_R.jpg?v=1719576051,https://cdn.shopify.com/s/files/1/0002/7600/4882/files/45567559PM_14_F.jpg?v=1720069907]",YOOX,1,0.0, 100%PVC 
6629850775648,Bas lingerie,<20€,"[https://cdn.shopify.com/s/files/1/0002/7600/4882/products/shorty-trinity-street-ecru-805597.jpg?v=1665646949,https://cdn.shopify.com/s/files/1/0002/7600/4882/products/shorty-trinity-street-ecru-728798.jpg?v=1665646949,https://cdn.shopify.com/s/files/1/0002/7600/4882/products/shorty-trinity-street-ecru-483218.jpg?v=1665646949,https://cdn.shopify.com/s/files/1/0002/7600/4882/products/shorty-trinity-street-ecru-204814.jpg?v=1665646949]",LIVY,1,0.0,
6625953087584,Chaussures - Bébé - Fille,"16, Chaussures - Bébé - Fille, Collection : Tocoto Vintage, dropshipping, eligibility, target2sell:2022-05-18 07:45:00, Tocoto Vintage, Type : Chaussures - Bébé - Fille",[],TOCOTOVINTAGE1,1,0.0,
7144520974432,Tops,">100€, no-search, Yoox, YOOX0724, YOOXPAP0614V2","[https://cdn.shopify.com/s/files/1/0002/7600/4882/files/12493702NP_14_E.jpg?v=1720084248,https://cdn.shopify.com/s/files/1/0002/7600/4882/files/12493702NP_14_D.jpg?v=1720084241,https://cdn.shopify.com/s/files/1/0002/7600/4882/files/12493702NP_14_R.jpg?v=1720084255,https://cdn.shopify.com/s/files/1/0002/7600/4882/files/12493702NP_14_F.jpg?v=1720165345]",YOOX,1,0.0," 54%Viscose,46%Cotton "
6770005278816,Mules Et Sandales,"1240975, 35, Collection : Luxury Shoes, dropshipping, Luxury Shoes, Mules Et Sandales, recherche1:Chaussures, recherche2:Sandales, Type : Mules Et Sandales","[https://cdn.shopify.com/s/files/1/0002/7600/4882/files/8994302_4.png?v=1704899815,https://cdn.shopify.com/s/files/1/0002/7600/4882/files/8994302_1.png?v=1704899814,https://cdn.shopify.com/s/files/1/0002/7600/4882/files/8994302_2.png?v=1704899814,https://cdn.shopify.com/s/files/1/0002/7600/4882/files/8994302_3.png?v=1704899814]",LUXURY SHOES,1,0.0, Mules Gianvito Rossi - Multi Et Noir - Femme 
6627140304992,TOP,"dispeo, eligibility, Orfeo, SM, TOP","[https://cdn.shopify.com/s/files/1/0002/7600/4882/products/ORFEO_02.11.211753.jpg?v=1663579474,https://cdn.shopify.com/s/files/1/0002/7600/4882/products/ORFEO_02.11.211747.jpg?v=1663579469,https://cdn.shopify.com/s/files/1/0002/7600/4882/products/ORFEO_02.11.211745.jpg?v=1663579470,https://cdn.shopify.com/s/files/1/0002/7600/4882/products/ORFEO_02.11.211760.jpg?v=1663579474,https://cdn.shopify.com/s/files/1/0002/7600/4882/products/ORFEO_02.11.211744.jpg?v=1663579474]",ORFEO,1,0.0, 100%POLYESTER - 100%RAYONNE 
7144602173536,Cardigans,"no-search, Yoox, YOOX0724, YOOXPAP0614V2","[https://cdn.shopify.com/s/files/1/0002/7600/4882/files/14103776PS_14_A.jpg?v=1720085207,https://cdn.shopify.com/s/files/1/0002/7600/4882/files/14103776PS_14_R.jpg?v=1720085240,https://cdn.shopify.com/s/files/1/0002/7600/4882/files/14103776PS_14_D.jpg?v=1720085227,https://cdn.shopify.com/s/files/1/0002/7600/4882/files/14103776PS_14_F.jpg?v=1720173914]",YOOX,1,0.0," 35%Polyamid,30%Wool,20%Viscose,15%Cashmere "
7144803205216,Suit jackets,">100€, no-search, Yoox, YOOX0724, YOOXPAP0614V2","[https://cdn.shopify.com/s/files/1/0002/7600/4882/files/49577594RF_14_D.jpg?v=1720088823,https://cdn.shopify.com/s/files/1/0002/7600/4882/files/49577594RF_14_R.jpg?v=1720088834,https://cdn.shopify.com/s/files/1/0002/7600/4882/files/49577594RF_14_A.jpg?v=1720088807,https://cdn.shopify.com/s/files/1/0002/7600/4882/files/49577594RF_14_E.jpg?v=1720088830,https://cdn.shopify.com/s/files/1/0002/7600/4882/files/49577594RF_14_F.jpg?v=1720191577]",YOOX,1,0.0," 50%Acetate,35%Viscose,15%Wool "
6651594375264,Pantalons,"BBxTB23, Bonpoint, ByBambou0323, Bébé, Coton, dropshipping, Fille, Fleuri, Marine  V, Multicolore, Printemps / Eté, Shorts, Shorts Bloomers, tby-bambou, Très bon état, Vêtements, 12 mois, <20€","[https://cdn.shopify.com/s/files/1/0002/7600/4882/products/122942087261a5a6a14af18e339ed6a7.png?v=1678763481,https://cdn.shopify.com/s/files/1/0002/7600/4882/products/289c2c3e231cba79d6944d4f58e91b08.jpg?v=1678763492]",BONPOINT,1,0.0,"Short imprimé liberty
"
15163980087675,Coupelles,"Collection : Côté Table, Coupelles, Côté Table, D19cm, dropshipping, JEVASOWH, no-search, nom:CONSTANCE, numerodevente, Type : Coupelles","[https://cdn.shopify.com/s/files/1/0002/7600/4882/files/32727_DEB_HDD.jpg?v=1751984090,https://cdn.shopify.com/s/files/1/0002/7600/4882/files/32727_DET01_HDD.jpg?v=1751984095,https://cdn.shopify.com/s/files/1/0002/7600/4882/files/32727_DET02_HDD.jpg?v=1751984098]",COTE TABLE,1,0.0, Coupelle Constance Sauge D19Cm Faience 
6625953316960,Chaussures - Bébé - Mixte,"<20€, Chaussures - Bébé - Mixte, Collection : Tocoto Vintage, dropshipping, eligibility, target2sell:2022-05-18 07:45:00, Tocoto Vintage, Type : Chaussures - Bébé - Mixte, U",[],TOCOTOVINTAGE1,1,0.0,
6545911447648,SURFWEAR GIRLS,"Billabong, M, SURFWEAR GIRLS",[https://cdn.shopify.com/s/files/1/0002/7600/4882/products/sunset-cotton-dress-surfwear-girls-billabong-861340.jpg?v=1617869813],BILLABONG,1,0.0, SUNSET COTTON DRESS 
6545902567520,SURFWEAR GIRLS,"Billabong, SURFWEAR GIRLS, XS",[https://cdn.shopify.com/s/files/1/0002/7600/4882/products/seain-green-tropic-surfwear-girls-billabong-659011.jpg?v=1617873941],BILLABONG,1,0.0, SEAIN GREEN TROPIC 
15258096828795,ACC LLG,"BALLY1025, no-search, >100€, ACC LLG, Bally",[https://cdn.shopify.com/s/files/1/0002/7600/4882/files/599171-24242-F000_1.jpg?v=1759736572],BALLY,1,0.0,  Modèle :  Vesper   Matière :  Bovine Grained 
7144823292000,Suit jackets,">100€, no-search, Yoox, YOOX0724, YOOXPAP0614V2","[https://cdn.shopify.com/s/files/1/0002/7600/4882/files/49693393TS_14_R.jpg?v=1720089049,https://cdn.shopify.com/s/files/1/0002/7600/4882/files/49693393TS_14_E.jpg?v=1720089044,https://cdn.shopify.com/s/files/1/0002/7600/4882/files/49693393TS_14_A.jpg?v=1720089023,https://cdn.shopify.com/s/files/1/0002/7600/4882/files/49693393TS_14_F.jpg?v=1720194618]",YOOX,1,0.0," 100%Viscose,Silk,Glass "
6651564851296,Chaussures Et Accessoires,"BBxTB23, Bleu, Bloomers, ByBambou0323, Coton, Destockage D, dropshipping, Enfant, Fille, Fleuri, Lebôme, Neuf, Printemps / Eté, Shorts Bloomers, tby-bambou, Vêtements, 3 ans, 4 ans, <20€","[https://cdn.shopify.com/s/files/1/0002/7600/4882/products/728a5b17efec361378eba8c15e2c2b02.png?v=1678753914,https://cdn.shopify.com/s/files/1/0002/7600/4882/products/a157ce97c791e690621a0cba031c6a59.jpg?v=1678753908]",LEBOME,1,0.0,"Bloomer imprimé
Prix neuf : 25€
"
6660415553632,Hartford,"1005585, Chemises Et Tops, Collection : L'Exception, dropshipping, exceptionfemme, Hartford, INACTIF, L'Exception, Type : Hartford","[https://cdn.shopify.com/s/files/1/0002/7600/4882/products/105184-hartford-tshirtenlinimprimthehawaiianhulatelio-03.jpg?v=1684249345,https://cdn.shopify.com/s/files/1/0002/7600/4882/products/105184-hartford-tshirtenlinimprimthehawaiianhulatelio-04.jpg?v=1684249345,https://cdn.shopify.com/s/files/1/0002/7600/4882/products/105184-hartford-tshirtenlinimprimthehawaiianhulatelio-01.jpg?v=1684249345,https://cdn.shopify.com/s/files/1/0002/7600/4882/products/105184-hartford-tshirtenlinimprimthehawaiianhulatelio-02.jpg?v=1684249345]",L'EXCEPTION,1,0.0,  Taille normalement    Composition : 100% Lin   
6610081644640,Chaussures,"40, 41, ARCHIVE1125, ARCHIVESJEVASO1025, Calank, Chaussures, Collection : Calank, dropshipping, numerodevente, TRIARCHIVES1125DEF, Type : Chaussures, Type : Chaussures, numerodevente, Sandales, Type : Sandales, 36, 37, 38, 39","[https://cdn.shopify.com/s/files/1/0002/7600/4882/products/CL-3036_20_3.jpg?v=1653475874,https://cdn.shopify.com/s/files/1/0002/7600/4882/products/CL-3036_20_5.jpg?v=1653475877,https://cdn.shopify.com/s/files/1/0002/7600/4882/products/CL-3036_20_4.jpg?v=1653475875,https://cdn.shopify.com/s/files/1/0002/7600/4882/products/CL-3036_20_2.jpg?v=1746517200]",CALANK,1,666.45,  Composition :  100% Cuir 
15309637747067,Pantalons,"dropshipping, numerodevente, Pantalons, seo-generated-metafields20251209, Type : Pantalons, Type : Pantalons, 34, 36, 38, 40, 42, Balc, BALC1225, Collection : Balc","[https://cdn.shopify.com/s/files/1/0002/7600/4882/files/2_82f24372-faec-48cd-9cf2-fa7c8d36b551.png?v=1765208266,https://cdn.shopify.com/s/files/1/0002/7600/4882/files/3_90fa83ad-76be-495b-b8bf-1231958a357d.png?v=1765208268,https://cdn.shopify.com/s/files/1/0002/7600/4882/files/1_1481e3d5-26a3-460f-b437-c4847a04f1ab.png?v=1765208269]",BALC,1,262.45833333333331," Coupe droite
 Taille haute et ajustée "
15258079953275,SHOES,"SHOES, SHOES, >100€, Bally, BALLY1025",[],BALLY,1,0.0,  Modèle :  Evita 100-P   Matière :  Ayers Snake 
15305934143867,"Women, TOP, 030-2WBET","SAND, TB_RD","[https://cdn.shopify.com/s/files/1/0002/7600/4882/files/rd_030-2wbet_sand_2_637913b5-925c-4a90-b727-d3186568765a.jpg?v=1764594798,https://cdn.shopify.com/s/files/1/0002/7600/4882/files/rd_030-2wbet_sand_3_40594074-0e1b-48ef-a2cb-15a3c6d8bb7c.jpg?v=1764594798]",RE/DONE,1,0.0, 100% Cotton 
15163984281979,Coupelles,"Collection : Côté Table, Coupelles, Côté Table, D11xH6.5cm, dropshipping, JEVASOWH, no-search, nom:PRELINE, numerodevente, Type : Coupelles",[https://cdn.shopify.com/s/files/1/0002/7600/4882/files/40256.jpg?v=1751902377],COTE TABLE,1,0.0, Coupelle Preline Noir D11Xh6.5Cm Verre 
15258094698875,SHOES,"SHOES, SHOES, >100€, Bally, BALLY1025","[https://cdn.shopify.com/s/files/1/0002/7600/4882/files/598096-22611-F160_3.jpg?v=1759736569,https://cdn.shopify.com/s/files/1/0002/7600/4882/files/598096-22611-F160_1.jpg?v=1759736561,https://cdn.shopify.com/s/files/1/0002/7600/4882/files/598096-22611-F160_4.jpg?v=1759736573,https://cdn.shopify.com/s/files/1/0002/7600/4882/files/598096-22611-F160_5.jpg?v=1759736576,https://cdn.shopify.com/s/files/1/0002/7600/4882/files/598096-22611-F160_2.jpg?v=1759736564]",BALLY,1,0.0,  Modèle :  Pindar   Matière :  Deer Grained 
7136750469216,Belts,"no-search, Yoox, YOOX0624, YOOXACCBAGS0614","[https://cdn.shopify.com/s/files/1/0002/7600/4882/files/46777051LX_14_R.jpg?v=1719576164,https://cdn.shopify.com/s/files/1/0002/7600/4882/files/46777051LX_14_F.jpg?v=1720070614]",YOOX,1,0.0, 100%Bovine 
7187011043424,,"4, Collection : James Perse, dropshipping, James Perse, Type :","[https://cdn.shopify.com/s/files/1/0002/7600/4882/files/MLJ3351MTS-8.jpg?v=1724681768,https://cdn.shopify.com/s/files/1/0002/7600/4882/files/MLJ3351MTS-15.jpg?v=1724681802,https://cdn.shopify.com/s/files/1/0002/7600/4882/files/MLJ3351MTS-14.jpg?v=1724681798,https://cdn.shopify.com/s/files/1/0002/7600/4882/files/MLJ3351MTS-17.jpg?v=1724681812,https://cdn.shopify.com/s/files/1/0002/7600/4882/files/MLJ3351MTS-18.jpg?v=1724681816,https://cdn.shopify.com/s/files/1/0002/7600/4882/files/MLJ3351MTS-6.jpg?v=1724681757,https://cdn.shopify.com/s/files/1/0002/7600/4882/files/MLJ3351MTS-11.jpg?v=1724681782,https://cdn.shopify.com/s/files/1/0002/7600/4882/files/MLJ3351MTS-2.jpg?v=1724681738,https://cdn.shopify.com/s/files/1/0002/7600/4882/files/MLJ3351MTS-19.jpg?v=1724681820,https://cdn.shopify.com/s/files/1/0002/7600/4882/files/MLJ3351MTS-3.jpg?v=1724681743,https://cdn.shopify.com/s/files/1/0002/7600/4882/files/MLJ3351MTS-5.jpg?v=1724681753,https://cdn.shopify.com/s/files/1/0002/7600/4882/files/MLJ3351MTS-7.jpg?v=1724681762,https://cdn.shopify.com/s/files/1/0002/7600/4882/files/MLJ3351MTS-12.jpg?v=1724681787,https://cdn.shopify.com/s/files/1/0002/7600/4882/files/MLJ3351MTS-4.jpg?v=1724681748,https://cdn.shopify.com/s/files/1/0002/7600/4882/files/MLJ3351MTS-13.jpg?v=1724681793,https://cdn.shopify.com/s/files/1/0002/7600/4882/files/MLJ3351MTS-10.jpg?v=1724681777,https://cdn.shopify.com/s/files/1/0002/7600/4882/files/MLJ3351MTS-16.jpg?v=1724681808,https://cdn.shopify.com/s/files/1/0002/7600/4882/files/MLJ3351MTS-1.jpg?v=1724681730,https://cdn.shopify.com/s/files/1/0002/7600/4882/files/MLJ3351MTS-20.jpg?v=1724681825,https://cdn.shopify.com/s/files/1/0002/7600/4882/files/MLJ3351MTS-9.jpg?v=1724681773]",JAMES PERSE,1,0.0,
7130193166432,,"<20€, no-search","[https://cdn.shopify.com/s/files/1/0002/7600/4882/files/Capture_d_ecran_2024-06-25_a_10.29.37.png?v=1719389877,https://cdn.shopify.com/s/files/1/0002/7600/4882/files/Capture_d_ecran_2024-06-25_a_10.29.55.png?v=1719389877,https://cdn.shopify.com/s/files/1/0002/7600/4882/files/01._App_Horizontalegrandquartie_1.jpg?v=1719842973]",THE BRADERY,1,0.0,
6651592245344,Robes Et Jupes,"anne j, Autre, BBxTB23, Bobo Choses, ByBambou0323, Coton, dropshipping, Enfant, Fille, Manches courtes, Neuf, Printemps / Eté, Robes, tby-bambou, Vert / Kaki, Vêtements, 4 ans, 5 ans",[https://cdn.shopify.com/s/files/1/0002/7600/4882/products/2175b4b3ce4cd1324464d91da9b7924d.png?v=1678762405],BOBO CHOSES,1,0.0,"RObe en jersey imprimé
"
6602603855968,Vestes,"1240164, 34, 36, Collection : Ines De La Fressange, dropshipping, Ines De La Fressange, INESDELAFRESSANGE0124, recherche1:Prêt-À-Porter, recherche2:Vestes, Type : Vestes, Vestes","[https://cdn.shopify.com/s/files/1/0002/7600/4882/products/vestes-ninon-en-lin-ecru-vestes-manteaux-ines-de-la-fressange-434174.jpg?v=1648833196,https://cdn.shopify.com/s/files/1/0002/7600/4882/products/vestes-ninon-en-lin-ecru-vestes-manteaux-ines-de-la-fressange-298077.jpg?v=1648833339,https://cdn.shopify.com/s/files/1/0002/7600/4882/products/vestes-ninon-en-lin-ecru-vestes-manteaux-ines-de-la-fressange-897429.jpg?v=1648832519,https://cdn.shopify.com/s/files/1/0002/7600/4882/products/vestes-ninon-en-lin-ecru-vestes-manteaux-ines-de-la-fressange-265085.jpg?v=1648832475,https://cdn.shopify.com/s/files/1/0002/7600/4882/products/vestes-ninon-en-lin-ecru-vestes-manteaux-ines-de-la-fressange-409943.jpg?v=1648833574]",INES DE LA FRESSANGE,1,0.0, veste en lin   Composition :  100%LI 
7144661647456,Midi dresses,"no-search, Yoox, YOOX0724, YOOXPAP0614V2","[https://cdn.shopify.com/s/files/1/0002/7600/4882/files/15197010WP_14_R.jpg?v=1720087181,https://cdn.shopify.com/s/files/1/0002/7600/4882/files/15197010WP_14_F.jpg?v=1720175944]",YOOX,1,0.0," 70%Viscose,15%Cotton,15%Polyamid "
7144741634144,Blouses,"<20€, no-search, Yoox, YOOX0724, YOOXPAP0614V2","[https://cdn.shopify.com/s/files/1/0002/7600/4882/files/38861501CP_14_R.jpg?v=1720088164,https://cdn.shopify.com/s/files/1/0002/7600/4882/files/38861501CP_14_F.jpg?v=1720184426]",YOOX,1,0.0," 76%Cotton,21%Polyamid,3%Elastam "
15258089488763,SHOES,"SHOES, SHOES, >100€, Bally, BALLY1025",[],BALLY,1,0.0,  Modèle :  Wenis   Matière :  Calf Plain 
6891315527776,,"reassurance, YEPODA0324",[https://cdn.shopify.com/s/files/1/0002/7600/4882/files/ReassuranceVisuelYEPODA7.jpg?v=1710490484],THE BRADERY,1,0.0,
15078672466299,Chaussures,"40, Axel Arigato, AXELARIGATO0525, Chaussures, Collection : Axel Arigato, dropshipping, JEVASOWH, R322, Type : Chaussures, 35, 38",[https://cdn.shopify.com/s/files/1/0002/7600/4882/files/F1184001_PRODUCTPAGE.jpg?v=1747718137],AXEL ARIGATO,1,249.74786324786328, Baskets Basses   Couleur :  White/Grey 
14884212867451,T-Shirts,"Kari Traa, KARITRAA0425, L, no-search, T-Shirts, Type : T-Shirts, 254252226, Collection : Kari Traa, dropshipping, JEVASOWH","[https://cdn.shopify.com/s/files/1/0002/7600/4882/files/333694_52450_product_1.jpg?v=1745403377,https://cdn.shopify.com/s/files/1/0002/7600/4882/files/333694_52450_product_2.jpg?v=1745552581]",KARI TRAA,1,0.0, T-shirt running léger 
15085862551931,PAP,"MSLVENTEPHYSIQUE0525, MSLVENTEPHYSIQUE0525V2, no-search, NONRETOURNABLE, PAP, >100€, Maison Sarah Lavoine",[https://cdn.shopify.com/s/files/1/0002/7600/4882/files/Capture_20d_E2_80_99_C3_A9cran_202025-06-10_20_C3_A0_2017.34.41_401x_1-1_20_1_33a6b14e-c719-4ab4-854e-c1e93aa66b42.jpg?v=1749740121],MAISON SARAH LAVOINE,1,0.0,  Dimensions :  42   Matière :  (vide) 
15321207767419,Blouses,">100€, no-search, SONIARYKIEL1225",[],SONIA RYKIEL,1,0.0,
7172121428064,,"<20€, FILORGA0724, no-search, reassurance",[https://cdn.shopify.com/s/files/1/0002/7600/4882/files/4FILORGA_1.jpg?v=1722497870],THE BRADERY,1,0.0,
7024973217888,,"reassurance, <20€, LOREALPARIS0524, LOREALPARIS1224",[https://cdn.shopify.com/s/files/1/0002/7600/4882/files/12loreal.jpg?v=1714469081],THE BRADERY,1,0.0,
15307322229115,Vestes,"seo-generated-metafields20251207, Type Vestes, Vestes, Vestes, Collection : Lily Studio, dropshipping, Lily Studio, LILYSTUDIO1225, S","[https://cdn.shopify.com/s/files/1/0002/7600/4882/files/118430F1612424_3d_06.jpg?v=1765028725,https://cdn.shopify.com/s/files/1/0002/7600/4882/files/118430F1612424_3d_00.jpg?v=1765028726,https://cdn.shopify.com/s/files/1/0002/7600/4882/files/118430F1612424_xj_6.jpg?v=1765028726,https://cdn.shopify.com/s/files/1/0002/7600/4882/files/118430F1612424_xj_1.jpg?v=1765028725,https://cdn.shopify.com/s/files/1/0002/7600/4882/files/118430F1612424_xj_8.jpg?v=1765028726,https://cdn.shopify.com/s/files/1/0002/7600/4882/files/118430F1612424_xj_5.jpg?v=1765028725,https://cdn.shopify.com/s/files/1/0002/7600/4882/files/118430F1612424_xj_0.jpg?v=1765028725,https://cdn.shopify.com/s/files/1/0002/7600/4882/files/118430F1612424_xj_3.jpg?v=1765028726,https://cdn.shopify.com/s/files/1/0002/7600/4882/files/118430F1612424_xj_7.jpg?v=1765028726,https://cdn.shopify.com/s/files/1/0002/7600/4882/files/118430F1612424_xj_4.jpg?v=1765028727,https://cdn.shopify.com/s/files/1/0002/7600/4882/files/118430F1612424_xj_2.jpg?v=1765028726]",LILY STUDIO,1,0.0, herringbone wool coat 
6865281843296,,"DOMAINEDURONCEMAY0724, reassurance",[https://cdn.shopify.com/s/files/1/0002/7600/4882/files/inclu_piscine_chauffee.png?v=1721135120],THE BRADERY,1,0.83333333333333337,
7144661483616,Midi dresses,"no-search, Yoox, YOOX0724, YOOXPAP0614V2","[https://cdn.shopify.com/s/files/1/0002/7600/4882/files/15184175FD_14_A.jpg?v=1720087151,https://cdn.shopify.com/s/files/1/0002/7600/4882/files/15184175FD_14_D.jpg?v=1720087169,https://cdn.shopify.com/s/files/1/0002/7600/4882/files/15184175FD_14_R.jpg?v=1720087179,https://cdn.shopify.com/s/files/1/0002/7600/4882/files/15184175FD_14_F.jpg?v=1720175927]",YOOX,1,0.0," 69%Acetate,31%Silk "
7144808906848,Gowns,">100€, no-search, Yoox, YOOX0724, YOOXPAP0614V2","[https://cdn.shopify.com/s/files/1/0002/7600/4882/files/49608375II_14_E.jpg?v=1720088894,https://cdn.shopify.com/s/files/1/0002/7600/4882/files/49608375II_14_R.jpg?v=1720088898,https://cdn.shopify.com/s/files/1/0002/7600/4882/files/49608375II_14_D.jpg?v=1720088886,https://cdn.shopify.com/s/files/1/0002/7600/4882/files/49608375II_14_F.jpg?v=1720192396]",YOOX,1,0.0, 100%Polyamid 
6857908355168,Bottoms,"Bottoms, Under Armour",[],UNDER ARMOUR,1,0.0,"  Composition :  87% Polyester,13% Elastane "
6651592573024,Bodies Et Combinaisons,"BBxTB23, ByBambou0323, Bébé, Coton, dropshipping, ELISABETH G, Ensembles Combinaisons, Garçon, Gris / Anthracite, Longue, Neuf, Salopettes, Tartine et Chocolat, tby-bambou, Uni, Vêtements, 18 mois, Automne / Hiver","[https://cdn.shopify.com/s/files/1/0002/7600/4882/products/8aa958b5da639e0ea811ebd4e339fbda.png?v=1678762546,https://cdn.shopify.com/s/files/1/0002/7600/4882/products/4995b1c09188ca9c63e2de4859135023.jpg?v=1678762547]",TARTINE ET CHOCOLAT,1,0.0,"Salopette en velours côtelé 
"
14861798244731,Chemises Et Tops,"Chemises Et Tops, Collection : La Sélection Rentrée, dropshipping, La Sélection Rentrée, SAVE1124, Type : Chemises Et Tops","[https://cdn.shopify.com/s/files/1/0002/7600/4882/files/t-shirt-en-coton-organique-crewneck_b6ddcbec-2e2e-49e4-9614-9c00306f74ac.jpg?v=1732787262,https://cdn.shopify.com/s/files/1/0002/7600/4882/files/t-shirt-en-coton-organique-crewneck_bfc7e728-5215-44e6-8c93-05cb4c9599d4.jpg?v=1732787253,https://cdn.shopify.com/s/files/1/0002/7600/4882/files/t-shirt-en-coton-organique-crewneck_7a39fe82-6449-477a-a3ac-5e8802024bdb.jpg?v=1732787268]",LA SELECTION RENTREE,1,0.0,  Composition :  100%Co 
6545912954976,SURFWEAR GIRLS,"Billabong, SURFWEAR GIRLS, XS",[https://cdn.shopify.com/s/files/1/0002/7600/4882/products/over-the-sun-bandeau-surfwear-girls-billabong-837361.jpg?v=1617875668],BILLABONG,1,0.0, OVER THE SUN BANDEAU 
7136740573280,Handbags,"no-search, Yoox, YOOX0624, YOOXACCBAGS0614","[https://cdn.shopify.com/s/files/1/0002/7600/4882/files/45484280FP_14_R.jpg?v=1719576026,https://cdn.shopify.com/s/files/1/0002/7600/4882/files/45484280FP_14_E.jpg?v=1719576020,https://cdn.shopify.com/s/files/1/0002/7600/4882/files/45484280FP_14_F.jpg?v=1720069676]",YOOX,1,0.0," 100%PVC,Calf "
7136742735968,Removable straps,">100€, no-search, Yoox, YOOX0624, YOOXACCBAGS0614",[https://cdn.shopify.com/s/files/1/0002/7600/4882/files/45553502TB_14_F.jpg?v=1720069894],YOOX,1,0.0, Shearling 
15029301772667,,"no-search, ROOMMATE0425","[https://cdn.shopify.com/s/files/1/0002/7600/4882/files/5713137005477-8.jpg?v=1744104750,https://cdn.shopify.com/s/files/1/0002/7600/4882/files/5713137005477-2.jpg?v=1744104718,https://cdn.shopify.com/s/files/1/0002/7600/4882/files/5713137005477-4.jpg?v=1744104729,https://cdn.shopify.com/s/files/1/0002/7600/4882/files/5713137005477-7.jpg?v=1744104747,https://cdn.shopify.com/s/files/1/0002/7600/4882/files/5713137005477-9.jpg?v=1744104754,https://cdn.shopify.com/s/files/1/0002/7600/4882/files/5713137005477.jpg?v=1744104709,https://cdn.shopify.com/s/files/1/0002/7600/4882/files/5713137005477-1.jpg?v=1744104713,https://cdn.shopify.com/s/files/1/0002/7600/4882/files/5713137005477-5.jpg?v=1744104736,https://cdn.shopify.com/s/files/1/0002/7600/4882/files/5713137005477-3.jpg?v=1744104725,https://cdn.shopify.com/s/files/1/0002/7600/4882/files/5713137005477-6.jpg?v=1744104742]",ROOMMATE,1,0.0,
6545918230624,ACCESSORIES MEN,"ACCESSORIES MEN, Billabong, TU",[https://cdn.shopify.com/s/files/1/0002/7600/4882/products/bower-accessories-men-billabong-878138.jpg?v=1617869770],BILLABONG,1,0.0, BOWER 
7144739209312,Blouses,"<20€, no-search, Yoox, YOOX0724","[https://cdn.shopify.com/s/files/1/0002/7600/4882/files/38787884TB_14_R.jpg?v=1720088139,https://cdn.shopify.com/s/files/1/0002/7600/4882/files/38787884TB_14_F.jpg?v=1720184180]",YOOX,1,0.0," 96%Silk,4%Elastam "
6835648725088,,"MAMASHELTERROMA0124, reassurance",[https://cdn.shopify.com/s/files/1/0002/7600/4882/files/VISUEL_reassurance-voyage-piscine.jpg?v=1706285584],THE BRADERY,1,0.0,
15258133201275,SHOES,"SHOES, SHOES, >100€, Bally, BALLY1025",[],BALLY,1,0.0,  Modèle :  Jackson-W   Matière :  Calf Nubuk 
15163975827835,Coupelles,"Collection : Côté Table, Coupelles, Côté Table, D16xH8cm, dropshipping, JEVASOWH, no-search, nom:LISIA, numerodevente, Type : Coupelles",[https://cdn.shopify.com/s/files/1/0002/7600/4882/files/39832.jpg?v=1751905347],COTE TABLE,1,0.0, Coupelle Lisia Bleu D16Xh8Cm Terre Cuite 
15307327799675,Jupes,"M, seo-generated-metafields20251207, Type Jupes, Type Jupes, Collection : Lily Studio, dropshipping, Jupes, Lily Studio, LILYSTUDIO1225","[https://cdn.shopify.com/s/files/1/0002/7600/4882/files/120104C6609120_6.jpg?v=1765013459,https://cdn.shopify.com/s/files/1/0002/7600/4882/files/120104C6609120_4.jpg?v=1765013459,https://cdn.shopify.com/s/files/1/0002/7600/4882/files/120104C6609120_5.jpg?v=1765013459,https://cdn.shopify.com/s/files/1/0002/7600/4882/files/120104C6609120_1.jpg?v=1765013459,https://cdn.shopify.com/s/files/1/0002/7600/4882/files/120104C6609120_3.jpg?v=1765013459,https://cdn.shopify.com/s/files/1/0002/7600/4882/files/120104C6609120_2.jpg?v=1765013459]",LILY STUDIO,1,0.0, tweed zip skirt 
15078674760059,Chaussures,"Axel Arigato, AXELARIGATO0525, Chaussures, Collection : Axel Arigato, dropshipping, JEVASOWH, R322, Type : Chaussures, 35, 40",[https://cdn.shopify.com/s/files/1/0002/7600/4882/files/F1628003_PRODUCTPAGE.jpg?v=1747718204],AXEL ARIGATO,1,66.583333333333343, Baskets Basses   Couleur :  Beige/Light Pink 
15078663127419,Maille Et Sweats,"Collection : Axel Arigato, dropshipping, JEVASOWH, L, Maille Et Sweats, S, Type : Maille Et Sweats, Axel Arigato, AXELARIGATO0525",[https://cdn.shopify.com/s/files/1/0002/7600/4882/files/A1385001_PRODUCTPAGE.jpg?v=1747656210],AXEL ARIGATO,1,129.08333333333334, Sweatshirt   Couleur :  Beige 
14903775068539,Chemises Et Tops,"SELECTIONPAPLUXE0425, Sélection PAP Luxe, Type : Chemises Et Tops, Chemises Et Tops, Collection : Sélection PAP Luxe, dropshipping, no-search","[https://cdn.shopify.com/s/files/1/0002/7600/4882/files/caraco-tamila_daf0176d-b66e-434d-b8bd-57fbf3f80f9b.jpg?v=1738147164,https://cdn.shopify.com/s/files/1/0002/7600/4882/files/caraco-tamila_b97e8662-c726-4302-a0b2-c052b74f90ce.jpg?v=1738147161,https://cdn.shopify.com/s/files/1/0002/7600/4882/files/caraco-tamila_dfb53ed2-6cbf-44c5-8aff-e5b51a3a0143.jpg?v=1738147153,https://cdn.shopify.com/s/files/1/0002/7600/4882/files/caraco-tamila_538fccf2-1cbd-4d19-9454-88eb658ddba7.jpg?v=1738147157]",SELECTION PAP LUXE,1,0.0,  Composition :  100% soie 
15085876183419,ACCESSOIRES,"MSLVENTEPHYSIQUE0525, MSLVENTEPHYSIQUE0525V2, no-search, NONRETOURNABLE, ACCESSOIRES, Maison Sarah Lavoine",[https://cdn.shopify.com/s/files/1/0002/7600/4882/files/BOITERONDEMAILLONNOIRH10_1_ae268fda-6ca7-43a2-8546-02ae769f716c.jpg?v=1748874541],MAISON SARAH LAVOINE,1,835.83333333333326,  Dimensions :  D10XH13CM   Matière :  LAQUE 
7136741425248,Handbags,">100€, no-search, Yoox, YOOX0624, YOOXACCBAGS0614","[https://cdn.shopify.com/s/files/1/0002/7600/4882/files/45508689BQ_14_R.jpg?v=1719576028,https://cdn.shopify.com/s/files/1/0002/7600/4882/files/45508689BQ_14_E.jpg?v=1719576022,https://cdn.shopify.com/s/files/1/0002/7600/4882/files/45508689BQ_14_F.jpg?v=1720069763]",YOOX,1,0.0, 100%PVC 
6665913401440,Maillots 1 piÃ¨ce,"recherche1:PrÃªt-Ã -porter, recherche2:Maillots de bain, S, SRPFINALRETOUR0923, Type : Maillots 1 piÃ¨ce, XL, 5230161, Calipige, Calipige0723, Collection : Calipige, dropshipping, Femme, INACTIF, Maillots 1 piÃ¨ce","[https://cdn.shopify.com/s/files/1/0002/7600/4882/files/Celestejacquardmarguerite00004.jpg?v=1687958462,https://cdn.shopify.com/s/files/1/0002/7600/4882/files/Celestejacquardmarguerite00001.jpg?v=1687940497,https://cdn.shopify.com/s/files/1/0002/7600/4882/files/Celestejacquardmarguerite00002.jpg?v=1687940446,https://cdn.shopify.com/s/files/1/0002/7600/4882/files/Celestejacquardmarguerite00005.jpg?v=1687958462,https://cdn.shopify.com/s/files/1/0002/7600/4882/files/Celestejacquardmarguerite00003.jpg?v=1687940446]",CALIPIGE,1,453.33608815427, Composition :  Polyamide et élasthanne
6610083610720,Chaussures,"41, ARCHIVE1125, ARCHIVESJEVASO1025, Calank, Chaussures, Collection : Calank, dropshipping, numerodevente, TRIARCHIVES1125DEF, Type : Chaussures, Type : Chaussures, no-search, numerodevente, Type : Chaussures, 36, 37, 38, 39, 40","[https://cdn.shopify.com/s/files/1/0002/7600/4882/products/CL-3173_20_2.jpg?v=1653475924,https://cdn.shopify.com/s/files/1/0002/7600/4882/products/CL-3173_20_3.jpg?v=1653475926,https://cdn.shopify.com/s/files/1/0002/7600/4882/products/CL-3173_20_4.jpg?v=1653475928,https://cdn.shopify.com/s/files/1/0002/7600/4882/products/CL-3173_20_1.jpg?v=1653495026]",CALANK,1,45.0,  Composition :  100% Cuir 
15307340480891,Vestes,"seo-generated-metafields20251207, Type Vestes, Vestes, XXL, XXL, Collection : Lily Studio, dropshipping, Lily Studio, LILYSTUDIO1225","[https://cdn.shopify.com/s/files/1/0002/7600/4882/files/121114TC321716_2.jpg?v=1764998125,https://cdn.shopify.com/s/files/1/0002/7600/4882/files/121114TC321716_4.jpg?v=1764998125,https://cdn.shopify.com/s/files/1/0002/7600/4882/files/121114TC321716_3.jpg?v=1764998125,https://cdn.shopify.com/s/files/1/0002/7600/4882/files/121114TC321716_6.jpg?v=1764998125,https://cdn.shopify.com/s/files/1/0002/7600/4882/files/121114TC321716_5.jpg?v=1764998125,https://cdn.shopify.com/s/files/1/0002/7600/4882/files/121114TC321716_1.jpg?v=1764998125,https://cdn.shopify.com/s/files/1/0002/7600/4882/files/121114TC321716_8.jpg?v=1764998125,https://cdn.shopify.com/s/files/1/0002/7600/4882/files/121114TC321716_7.jpg?v=1764998125]",LILY STUDIO,1,0.0, lily flash green wool knitted cardigan 
6625967636576,Corps - Bébé - Fille,"1/3M, Collection : Tocoto Vintage, Corps - Bébé - Fille, dropshipping, eligibility, target2sell:2022-05-18 07:45:00, Tocoto Vintage, Type : Corps - Bébé - Fille",[],TOCOTOVINTAGE1,1,0.0,
7144755855456,Cardigans,"<20€, no-search, Yoox, YOOX0724, YOOXPAP0614V2","[https://cdn.shopify.com/s/files/1/0002/7600/4882/files/39821696LD_14_R.jpg?v=1720088317,https://cdn.shopify.com/s/files/1/0002/7600/4882/files/39821696LD_14_F.jpg?v=1720186029]",YOOX,1,0.0," 80%Cotton,20%Polyamid "
7207461617760,,"<20€, LAPROVENCALEBIO0924, no-search, reassurance",[https://cdn.shopify.com/s/files/1/0002/7600/4882/files/8LAPROVENCALE_26d07da0-7e1a-40de-a40c-1cd83613f25b.jpg?v=1725983526],THE BRADERY,1,0.0,
6851196485728,,"HOTELPARISBASTILLEBOUTET0224, no-search, reassurance",[https://cdn.shopify.com/s/files/1/0002/7600/4882/files/VISUEL_reassurance-voyagepetitdej_petitdej_1.jpg?v=1707317872],THE BRADERY,1,0.0,
7172557996128,,"<20€, no-search, reassurance",[https://cdn.shopify.com/s/files/1/0002/7600/4882/files/reassurance_quiz.png?v=1722588828],THE BRADERY,1,0.0,
14863636758907,Sweats,"STOCKLYUNDERARMOUR1224, Sweats, Under Armour","[https://cdn.shopify.com/s/files/1/0002/7600/4882/files/under-armour_7C1386504-001_Image_2_C1.jpg?v=1733736293,https://cdn.shopify.com/s/files/1/0002/7600/4882/files/under-armour_7C1386504-001_Image_1_C1.jpg?v=1733736289]",UNDER ARMOUR,1,0.0, Sweat à capuche Armor Fleece® Pro pour femmes 
15163977630075,Plats,"Collection : Côté Table, Côté Table, D38xH8cm, dropshipping, JEVASOWH, no-search, nom:FLEUR, numerodevente, Plats, Type : Plats","[https://cdn.shopify.com/s/files/1/0002/7600/4882/files/39025_DEB_HDD.jpg?v=1751984086,https://cdn.shopify.com/s/files/1/0002/7600/4882/files/39025_DET01_HDD.jpg?v=1751984090,https://cdn.shopify.com/s/files/1/0002/7600/4882/files/39025_DET02_HDD.jpg?v=1751984093]",COTE TABLE,1,0.0, Coupe Fruits Fleur Blanc D38Xh8Cm Verre 
7226866008160,Pulls,"Collection : Rodier, couleur:Vert, dropshipping, JEVASOWH, no-search, Pulls, recherche1:Prêt-À-Porter, recherche2:Pulls, Rodier, RODIER1024, T2, T3, T4, T5, Type : Pulls","[https://cdn.shopify.com/s/files/1/0002/7600/4882/files/1AK1721629_Z3.jpg?v=1728902187,https://cdn.shopify.com/s/files/1/0002/7600/4882/files/1AK1721629_Z1.jpg?v=1728902174,https://cdn.shopify.com/s/files/1/0002/7600/4882/files/1AK1721629_Z2.jpg?v=1728902182,https://cdn.shopify.com/s/files/1/0002/7600/4882/files/1AK1721629.jpg?v=1728902222]",RODIER,1,0.0," 
 Composition Du Produit :    100% Cachemire  "
6548127776864,MEN,"Cacatoes, L, MEN",[],CACATOES,1,0.0, Men Pessego Swimshort - Kaki 
7144651194464,Tops,">100€, no-search, Yoox, YOOX0724, YOOXPAP0614V2","[https://cdn.shopify.com/s/files/1/0002/7600/4882/files/15122148ST_14_D.jpg?v=1720087135,https://cdn.shopify.com/s/files/1/0002/7600/4882/files/15122148ST_14_R.jpg?v=1720087144,https://cdn.shopify.com/s/files/1/0002/7600/4882/files/15122148ST_14_A.jpg?v=1720175467]",YOOX,1,0.0, 100%Polyester 
7144815624288,T-shirts,"<20€, no-search, Yoox, YOOX0724","[https://cdn.shopify.com/s/files/1/0002/7600/4882/files/49634663TH_14_R.jpg?v=1720088970,https://cdn.shopify.com/s/files/1/0002/7600/4882/files/49634663TH_14_E.jpg?v=1720088965,https://cdn.shopify.com/s/files/1/0002/7600/4882/files/49634663TH_14_D.jpg?v=1720088960,https://cdn.shopify.com/s/files/1/0002/7600/4882/files/49634663TH_14_F.jpg?v=1720193437]",YOOX,1,0.0," 67%Lyocell,33%Cotton "
6600229322848,Golden Goose,chaussures,"[https://cdn.shopify.com/s/files/1/0002/7600/4882/products/boots-young-coffee-en-cuir-suede-cafe-femme-golden-goose-golden-goose-multimarques-927757.jpg?v=1647354567,https://cdn.shopify.com/s/files/1/0002/7600/4882/products/boots-young-coffee-en-cuir-suede-cafe-femme-golden-goose-golden-goose-multimarques-658382.jpg?v=1647361869,https://cdn.shopify.com/s/files/1/0002/7600/4882/products/boots-young-coffee-en-cuir-suede-cafe-femme-golden-goose-golden-goose-multimarques-291818.jpg?v=1647370253,https://cdn.shopify.com/s/files/1/0002/7600/4882/products/boots-young-coffee-en-cuir-suede-cafe-femme-golden-goose-golden-goose-multimarques-316741.jpg?v=1647369982,https://cdn.shopify.com/s/files/1/0002/7600/4882/products/boots-young-coffee-en-cuir-suede-cafe-femme-golden-goose-golden-goose-multimarques-547411.jpg?v=1647368567]",MULTIMARQUES1,2,0.0," Boots Golden Goose, modèle Young coloris H3 Coffee en cuir suédé. Une paire d'inspiration Western ornée d'un détail métallique gravé à l'avant. Zip latéral sur la face intérieure. Talon en bois légèrement biseauté.   Composition :   Composition :  100% cuir 
 
 
  Hauteur du talon :  4 cm 
 
 
  "
15247725461883,Baskets,"no-search, STOCKLYADIDAS1025, Adidas, Baskets",[],ADIDAS,2,0.0," La Adidas Runfalcon 3.0 est une basket junior unisexe légère et confortable, conçue avec une tige en mesh respirant et une semelle extérieure durable pour un excellent amorti et soutien lors de l'entraînement. "
7213853769824,Sacs Et Accessoires,"Collection : La Sélection Rentrée, dropshipping, La Sélection Rentrée, PAPSAVE0125V2, Sacs Et Accessoires, SAVE0125V2, Type : Sacs Et Accessoires","[https://cdn.shopify.com/s/files/1/0002/7600/4882/files/boucles-d-oreilles-pendantes-pearl-knot_f6730121-21d3-42ee-9df9-dd86a1c9d08a.jpg?v=1726869833,https://cdn.shopify.com/s/files/1/0002/7600/4882/files/boucles-d-oreilles-pendantes-pearl-knot_f88b3ab1-0ba1-4548-bc97-84fdd7363e95.jpg?v=1726869956,https://cdn.shopify.com/s/files/1/0002/7600/4882/files/boucles-d-oreilles-pendantes-pearl-knot_292c2f9d-0286-409b-8292-cb4c6a3828ac.jpg?v=1726869788]",LA SELECTION RENTREE,2,0.0, Boucles d'oreilles raffinées asymétriques aspect nouées avec détails perles.   Composition :  or 
14966836822395,Sweats,"Type : Sweats, Collection : Limited Resell, dropshipping, Limited Resell, LIMITEDRESELL0325, LIMITEDRESELLXREVER, Sweats","[https://cdn.shopify.com/s/files/1/0002/7600/4882/files/zipper-attention-peinture-fraiche-8ball-grey_e3d38822-8b74-4702-b461-8b4b970bf92c.jpg?v=1742831918,https://cdn.shopify.com/s/files/1/0002/7600/4882/files/zipper-attention-peinture-fraiche-8ball-grey_ea6ad76b-925c-4764-8ae9-68fdbe41bf40.jpg?v=1742831918,https://cdn.shopify.com/s/files/1/0002/7600/4882/files/zipper-attention-peinture-fraiche-8ball-grey.jpg?v=1742831918,https://cdn.shopify.com/s/files/1/0002/7600/4882/files/zipper-attention-peinture-fraiche-8ball-grey_45d3828b-c954-4d06-8cf1-f3ee1615bdea.jpg?v=1742831918]",LIMITED RESELL,2,0.0," Le modèle  Zipper Attention Peinture Fraiche 8ball Grey   taille normalement, l'équipe Limited Resell vous recommande de prendre votre taille habituelle. "
6723960701024,Sacs À Main,"Sacs À Main, Type : Sacs À Main, Type : Sacs À Main, Type : Sacs À Main, TU, Type : Sacs À Main, 22x15x8cm, Christian Laurier, CHRISTIANLAURIER1225, Collection : Christian Laurier, dropshipping, no-search","[https://cdn.shopify.com/s/files/1/0002/7600/4882/files/CL223MILOU200_2.jpg?v=1706028017,https://cdn.shopify.com/s/files/1/0002/7600/4882/files/CL223MILOU200_2_740ebb4b-b02b-40e1-8da1-440794b54eab.jpg?v=1706028017,https://cdn.shopify.com/s/files/1/0002/7600/4882/files/CL223MILOU200_3.jpg?v=1706028017,https://cdn.shopify.com/s/files/1/0002/7600/4882/files/CL223MILOU200.jpg?v=1706028017,https://cdn.shopify.com/s/files/1/0002/7600/4882/files/CL223MILOU200_4.jpg?v=1706028017,https://cdn.shopify.com/s/files/1/0002/7600/4882/files/CL223MILOU200_1.jpg?v=1706028017]",CHRISTIAN LAURIER,2,83.1597089778908," Sac structuré  couleur  taupe  à  double compartiment , doté d'une  fermeture aimantée   discrète  et d'une  bandoulière amovible  pour un  porté épaule ou croisé , intérieur  bien organisé .  Découvrez ce sac à main Milo de la marque  Christian Laurier , un incontournable de la collection  Sacs À Main . ✨"
15258536214907,Bagues,"Comptoir du Diamant, COMPTOIRDUDIAMANT1025, dropshipping, Type : Bagues, Type : Bagues, 56 mm, Bagues, Collection : Comptoir du Diamant","[https://cdn.shopify.com/s/files/1/0002/7600/4882/files/BY9573RDJ.jpg?v=1759763677,https://cdn.shopify.com/s/files/1/0002/7600/4882/files/BY9573RDJ_20_2.jpg?v=1759765940]",COMPTOIR DU DIAMANT,2,0.0,"Anneau en  Or jaune 375/1000 ,  serti d'un rubis central  et pavé de diamants  (0,09 ct, 22 pierres, HSI) , finition raffinée ;  poids de l'or : 1,15 g .  Ne passez pas à côté de cette bague signée Comptoir du Diamant, un incontournable de la sélection  Bagues  chez The Bradery. 🌟    Composition :  Or Jaune 375/1000    Poids de l'or :  1,15 g    Pierre principale :  RUBIS    Caratage diamant :  0,09 ct    Informations des pierres :  D0,09/22 R0,35/1    Couleur et pureté du diamant :  HSI    Entretien :  Pour conserver longtemps votre bijou, il vous est recommandé d'éviter tout contact avec du parfum, de l'eau de toilette, de l'alcool ou de l'eau    Mise à la taille :  Une mise à la taille est possible par la marque ; pour plus d’informations et le coût, contacter le Service Client (SAV) de la marque à réception    Important :  Du fait de l'unicité de chaque bijou, le grammage et le caratage des matériaux sont donnés à titre indicatif ; ils peuvent varier légèrement d'une pierre à l'autre et d'une mesure à une autre   Les diamants de votre bijou ont été achetés conformément au Processus de Kimberley, c’est-à-dire, auprès de sources légitimes non impliquées dans le financement de conflits et qui respectent les résolutions des Nations Unies.    Chaque bijou est accompagné de son écrin et de son certificat d'authenticité.  "
6614089269344,Ballerines,"35, 35.5, 36, 36.5, 37, 37.5, 38, 38.5, 39, 39.5, 40, 40.5, 41, Ballerines, Collection : Stuart Weitzman, dropshipping, no-search, numerodevente, recherche1:Chaussures, recherche2:Ballerines, Stuart Weitzman, STUARTWEITZMAN0724, Type : Ballerines","[https://cdn.shopify.com/s/files/1/0002/7600/4882/products/ballerines-adeliza-rouge-vif-914429.jpg?v=1700487830,https://cdn.shopify.com/s/files/1/0002/7600/4882/products/ballerines-adeliza-rouge-vif-938246.jpg?v=1700487830,https://cdn.shopify.com/s/files/1/0002/7600/4882/products/ballerines-adeliza-rouge-vif-967774.jpg?v=1700487830,https://cdn.shopify.com/s/files/1/0002/7600/4882/products/ballerines-adeliza-rouge-vif-921886.jpg?v=1700487830,https://cdn.shopify.com/s/files/1/0002/7600/4882/products/ballerines-adeliza-rouge-vif-366470.jpg?v=1700487830]",STUART WEITZMAN,2,0.0," Des modèles originaux pour sublimer vos pieds, des créations et un savoir-faire unique. Les chaussures Stuart Weitzman sont sous le feu des projecteurs !   Modèle :  Ballerines en cuir de chèvre nubuck Adeliza - Rouge vif - Stuart Weitzman   Caractéristiques :  Ballerines en  cuir de chèvre nubuck . Empiècement décoratif devant.   Ce modèle a une largeur normale.    Détails :     Coloris   : rouge vif    Tige   : cuir de chèvre nubuck    Doublure et semelle intérieure   : cuir de chèvre    Semelle extérieure   : polyuréthane "
6978339602528,Sandales,"BETTINAVERMILLON0424, Collection : Bettina Vermillon, dropshipping, recherche1:Chaussures, recherche2:Sandales, Sandales, Type : Sandales, 36, 36.5, 4241369, Bettina Vermillon","[https://cdn.shopify.com/s/files/1/0002/7600/4882/files/SS22101_SLIDEONDANEONORANGE_1-min.jpg?v=1713775633,https://cdn.shopify.com/s/files/1/0002/7600/4882/files/SS22101_SLIDEONDANEONORANGE_2-min.jpg?v=1713775633,https://cdn.shopify.com/s/files/1/0002/7600/4882/files/SS22101ERNESTONEONORANGE.jpg?v=1713775633]",BETTINA VERMILLON,2,0.0," Elle possède une semelle épaisse recouverte de cuir synthétique motif Onda. Enersto assure le confort au quotidien. 
  Hauteur du Talon :  20 mm "
14928348807547,,"Material: 85% Modacrylic 15% Polyester, New with tags, Orange, Women, 57 cm|S, >100€, Dolce & Gabbana, Hat - Women - Accessories","[https://cdn.shopify.com/s/files/1/0002/7600/4882/files/4574035.jpg?v=1739987177,https://cdn.shopify.com/s/files/1/0002/7600/4882/files/4574034.jpg?v=1739987177,https://cdn.shopify.com/s/files/1/0002/7600/4882/files/4574038.jpg?v=1739987177,https://cdn.shopify.com/s/files/1/0002/7600/4882/files/4574032_970917ea-e6d8-4052-97cb-70fa63bddc03.jpg?v=1739987177,https://cdn.shopify.com/s/files/1/0002/7600/4882/files/4574032.jpg?v=1739987176,https://cdn.shopify.com/s/files/1/0002/7600/4882/files/4574039.jpg?v=1739987177,https://cdn.shopify.com/s/files/1/0002/7600/4882/files/4574036.jpg?v=1739987177,https://cdn.shopify.com/s/files/1/0002/7600/4882/files/4574033.jpg?v=1739987177]",DOLCE & GABBANA,2,0.0," DOLCE & GABBANA 
 Gorgeous brand new with tags, 100% Authentic Dolce & Gabbana women’s head wrap hat. 
Model: Head wrap hat 
Colour: Orange 
Material: 85% Modacrylic 15% Polyester 
Lining: 59% Polyester 41% Silk 
Logo Details 
Made in Italy "
7226747617376,T-shirt,"Castelli, STOCKLYCASTELLI1024, T-shirt",[https://cdn.shopify.com/s/files/1/0002/7600/4882/files/castelli_7c4521021-782_Image_1_C1.webp?v=1729166659],CASTELLI,2,0.0," Ce maillot remporte le classement pour combiner un look épuré avec d'excellentes performances. Sa matière micropiqué surteinte apporte confort et sophistication à un maillot dans lequel vous adorerez rouler toute la journée. Pour les jours où l'on ne roule pas contre la montre, mais où l'on mesure simplement les heures en selle. Vous voulez vous sentir bien et avoir fière allure. Nous avons tout intégré dans ce maillot, sauf la vitesse. Il utilise un tout nouveau matériau que nous pouvons teindre en croix pour ajouter une profondeur de couleur plus riche aux épaules et aux côtés d'un maillot par ailleurs uni. Parce qu'il est conçu pour les longs trajets, nous avons ajouté une poche zippée pour garder vos objets de valeur en sécurité. La coupe est près du corps pour plus de confort, mais pas aussi révélatrice que nos pièces de course. Caractéristiques Tricot en polyester micro piqué pour une excellente gestion de l'humidité avec un toucher doux Fermeture éclair YKK Vislon de couleur coordonnée 3 poches arrière Poche zippée pour clés Bande ton sur ton en relief sur la poitrine Bande verticale réfléchissante sur la poche arrière Température : 16°C - 35° C / 61°F - 95°F "
6568211710048,Baskets Homme,"40, 5, Baskets Homme, Nike, niketaille","[https://cdn.shopify.com/s/files/1/0002/7600/4882/products/basket-nike-air-max-1-ah8145-600-rouge-homme-nike-homme-nike-483745.jpg?v=1628772265,https://cdn.shopify.com/s/files/1/0002/7600/4882/products/basket-nike-air-max-1-ah8145-600-rouge-homme-nike-homme-nike-807974.jpg?v=1628784768,https://cdn.shopify.com/s/files/1/0002/7600/4882/products/basket-nike-air-max-1-ah8145-600-rouge-homme-nike-homme-nike-847474.jpg?v=1628773261]",NIKE,2,0.0, Basket Nike Air Max 1. Coloris : Rouge Noir. Référence : AH8145-600. Avec des lignes classiques et un amorti léger la basket Nike Air Max 1 a changer le monde de la basket en rendant visible l'invisible ultralégère ultra-confortable design discret revisité donne à cette basket un style polyvalent. Composition. - Empeigne en cuir en synthétique ou en tissu. - Semelle en mousse avec amorti Max Air. - Semelle extérieure en caoutchouc. 
6574359806048,PULL,<20€,[https://cdn.shopify.com/s/files/1/0002/7600/4882/products/pull-cabochard-marine-foncee-homme-pull-cuisse-de-grenouille-626889.jpg?v=1632855046],CUISSE DE GRENOUILLE,2,0.0," SURF IN PARIS, notre indémodable sweat en coton chiné avec sa broderie bicolore ! N'attendez plus pour venir découvrir les nouvelles déclinaisons de cet été ... "
6738042191968,Lampes À Poser,"LIGHTONLINE1123, nom:Kartell, recherche1:Lifestyle, recherche2:Luminaires, Type : Lampes À Poser, 11230897, Collection : LightOnline, couleur:Gris Translucide, dropshipping, Gris Translucide, H22cm, Kartell, Lampes À Poser, LightOnline","[https://cdn.shopify.com/s/files/1/0002/7600/4882/files/d_battery-lampe-baladeuse-led-d-exterieur-rechargeable-h22cm-kartell-gris-translucide-detail7-726.jpg?v=1701166993,https://cdn.shopify.com/s/files/1/0002/7600/4882/files/d_battery-lampe-baladeuse-led-d-exterieur-rechargeable-h22cm-kartell-gris-translucide-front-726.jpg?v=1701166989]",LIGHTONLINE,2,0.0," Lampe à poser LED Battery éditée par Kartell Cette lampe nomade et rechargeable est composée d'un piétement et d'un abat-jour conique facetté réalisés en PMMA, elle est équipée d'un port USB et d'un interrupteur tactile ON/OFF situé sur sa base.  Dessinée par Ferruccio Laviani, la lampe baladeuse Battery est rechargeable et bénéficie d'une autonomie allant jusqu'à 6 heures.  Pratique et facilement transportable (360 grammes), Battery a un indice de protection élevé (IP54) qui la garantit contre les projections d'eau et lui permet une utilisation outdoor en toute sécurité.  Le cordon USB et la batterie sont fournis.  La lampe Battery est également déclinée en version de grand format : la Big Battery ! LED : 0. 8W LED - 2700K° (intégrées).  "
14894952448379,Chemises,"IZAC0125, L, M, numerodelavente, recherche1:Prêt-À-Porter, recherche2:Chemises, S, Type : Chemises, XL, XS, XXL, XXXL, Chemises, Collection : IZAC, dropshipping, IZAC","[https://cdn.shopify.com/s/files/1/0002/7600/4882/files/CHCH24KAMILA_MARINE_2.jpg?v=1737572840,https://cdn.shopify.com/s/files/1/0002/7600/4882/files/CHCH24KAMILA_MARINE_1.jpg?v=1737572840,https://cdn.shopify.com/s/files/1/0002/7600/4882/files/CHCH24KAMILA_MARINE_3.jpg?v=1737572840]",IZAC,2,60.0," Chemise casual en velours KAMILA - IZAC  Détails produit : 
 - Chemise manches longues en velours avec poche poitrine - Col classique - Coupe droite - Poche plaquée poitrine  Composition détaillée : 86% coton, 12% tencel, 2% élasthanne  Conseil d'entretien : lavage conformément aux instructions sur l'étiquette d'entretien. Ne pas utiliser d'agent blanchissant.  Conseil taille : ce modèle taille normalement. Nous vous conseillons de prendre votre taille habituelle. "
6632369455200,Sets De Valises,"55x40x22 / 67x44x28 / 76x49x31, Collection : Delsey Paris, couleur:Platine, Delsey Paris, DELSEYPARIS0825, dropshipping, Sets De Valises, Type : Sets De Valises","[https://cdn.shopify.com/s/files/1/0002/7600/4882/files/81c20a50322a4608bdf7eddf1c2d97a7.webp?v=1698956260,https://cdn.shopify.com/s/files/1/0002/7600/4882/products/set-de-3-valises-sml-st-tropez-gris-926468.jpg?v=1698956260,https://cdn.shopify.com/s/files/1/0002/7600/4882/products/set-de-3-valises-sml-st-tropez-gris-954863.jpg?v=1698956260,https://cdn.shopify.com/s/files/1/0002/7600/4882/products/set-de-3-valises-sml-st-tropez-gris-401526.jpg?v=1698956260,https://cdn.shopify.com/s/files/1/0002/7600/4882/products/set-de-3-valises-sml-st-tropez-gris-136455.jpg?v=1698956260,https://cdn.shopify.com/s/files/1/0002/7600/4882/products/delsey-st-tropez-00208780111-02.jpg?v=1698956260,https://cdn.shopify.com/s/files/1/0002/7600/4882/products/set-de-3-valises-sml-st-tropez-gris-155796.jpg?v=1698956260,https://cdn.shopify.com/s/files/1/0002/7600/4882/products/set-de-3-valises-sml-st-tropez-gris-304812.jpg?v=1698956260,https://cdn.shopify.com/s/files/1/0002/7600/4882/products/set-de-3-valises-sml-st-tropez-gris-858484.jpg?v=1698956260,https://cdn.shopify.com/s/files/1/0002/7600/4882/products/set-de-3-valises-sml-st-tropez-gris-302826.jpg?v=1698956260,https://cdn.shopify.com/s/files/1/0002/7600/4882/products/set-de-3-valises-sml-st-tropez-gris-124039.jpg?v=1698956260,https://cdn.shopify.com/s/files/1/0002/7600/4882/products/set-de-3-valises-sml-st-tropez-gris-954402.jpg?v=1698956260,https://cdn.shopify.com/s/files/1/0002/7600/4882/products/set-de-3-valises-sml-st-tropez-gris-187118.jpg?v=1698956260,https://cdn.shopify.com/s/files/1/0002/7600/4882/products/set-de-3-valises-sml-st-tropez-gris-436969.jpg?v=1698956260,https://cdn.shopify.com/s/files/1/0002/7600/4882/products/set-de-3-valises-sml-st-tropez-gris-858704.jpg?v=1698956260,https://cdn.shopify.com/s/files/1/0002/7600/4882/products/set-de-3-valises-sml-st-tropez-gris-408383.jpg?v=1698956260,https://cdn.shopify.com/s/files/1/0002/7600/4882/products/set-de-3-valises-sml-st-tropez-gris-365502.jpg?v=1698956260]",DELSEY PARIS,2,20718.25," La collection St Tropez de DELSEY PARIS combine parfaitement solidité, légèreté et sécurité avec son système de sécurité breveté, le zip SECURITECH® 2, pour des bagages rigides au design travaillé. Son intérieur est très pratique car la doublure est amovible et lavable en machine. Ses doubles roues maniables sont aussi très silencieuses, pour un voyage des plus agréables ! "
15310095319419,SWEATSHIRT,"MAISONKITSUNE1225, MK1225, NONRETOURNABLE, ventephysique",[https://cdn.shopify.com/s/files/1/0002/7600/4882/files/Kisune_CC_81_35fbd836-5b15-4fc0-b1ec-481c75b016b1.png?v=1765299066],MAISON KITSUNE,2,0.0,
15258117570939,RTW CLOTHING,"RTW CLOTHING, RTW CLOTHING, >100€, Bally, BALLY1025","[https://cdn.shopify.com/s/files/1/0002/7600/4882/files/MKN01Y-WO039-U103_4.jpg?v=1759736749,https://cdn.shopify.com/s/files/1/0002/7600/4882/files/MKN01Y-WO039-U103_1.jpg?v=1759736735,https://cdn.shopify.com/s/files/1/0002/7600/4882/files/MKN01Y-WO039-U103_3.jpg?v=1759736744,https://cdn.shopify.com/s/files/1/0002/7600/4882/files/MKN01Y-WO039-U103_2.jpg?v=1759736740]",BALLY,2,0.0,  Modèle :  M5Lra01K   Matière :  Canberra 
6749874847840,Baskets,"12230309, 32.5, Baskets, dropshipping, Enfant, recherche1:Chaussures, recherche2:Baskets, Type : Baskets, VANS1223","[https://cdn.shopify.com/s/files/1/0002/7600/4882/files/products_28870499_image2_original.jpg?v=1703164528,https://cdn.shopify.com/s/files/1/0002/7600/4882/files/products_28870499_image4_original.jpg?v=1703164528,https://cdn.shopify.com/s/files/1/0002/7600/4882/files/products_28870499_image1_original.jpg?v=1703164528,https://cdn.shopify.com/s/files/1/0002/7600/4882/files/products_28870499_image3_original.jpg?v=1703164528]",VANS,2,0.0, Baskets. Fermeture à lacets. 
6665524019296,Sacs Et Accessoires,"Vanessa Bruno, VB0623, 0624010, Collection : Vanessa Bruno, dropshipping, INACTIF, Sacs Et Accessoires, SRPFINALRETOUR0923, TU, Type : Sacs Et Accessoires","[https://cdn.shopify.com/s/files/1/0002/7600/4882/products/1EVE94-V40822-100_A.jpg?v=1687526796,https://cdn.shopify.com/s/files/1/0002/7600/4882/products/1EVE94-V40822-100_D.jpg?v=1687526804,https://cdn.shopify.com/s/files/1/0002/7600/4882/products/1EVE94-V40822-100_C.jpg?v=1687526801,https://cdn.shopify.com/s/files/1/0002/7600/4882/products/1EVE94-V40822-100_B.jpg?v=1687526799,https://cdn.shopify.com/s/files/1/0002/7600/4882/products/1EVE94-V40822-100_Y.jpg?v=1687526812]",VANESSA BRUNO,2,791.67355371900817,  Composition :  Matiere Principale:100% Raphia  
15310107607419,OVERSHIRT,"MAISONKITSUNE1225, MK1225, NONRETOURNABLE, ventephysique",[https://cdn.shopify.com/s/files/1/0002/7600/4882/files/Kisune_CC_81_068126c9-2ead-4951-a326-e92854813ba1.png?v=1765299096],MAISON KITSUNE,2,0.0,
15276449038715,Pulls Col V,"L, M, numerodevente, Perfect Cashmere, PERFECTCASHMERE0126, Pulls Col V, S, seo-generated-metafields20251231, Type : Pulls Col V, XL, XL, 2XL, Collection : Perfect Cashmere, dropshipping","[https://cdn.shopify.com/s/files/1/0002/7600/4882/files/PERFCASHMERE-6042_20_3.jpg?v=1762165849,https://cdn.shopify.com/s/files/1/0002/7600/4882/files/PERFCASHMERE-6042_20_2.jpg?v=1762165844,https://cdn.shopify.com/s/files/1/0002/7600/4882/files/PERFCASHMERE-6042_20_4.jpg?v=1762165854,https://cdn.shopify.com/s/files/1/0002/7600/4882/files/PERFCASHMERE-6042_20_5.jpg?v=1762165858,https://cdn.shopify.com/s/files/1/0002/7600/4882/files/PERFCASHMERE-6042_20_1.jpg?v=1762165840]",PERFECT CASHMERE,2,0.0, Gants 4 Fils - Hailey - Bleu Électrique 
6938913046624,,"dispeo, M, Type :, XS, >100€, Balmain, BALMAIN0424, Collection : Balmain",[],BALMAIN,2,0.0, 3 BTN FLOCKED LOGO TANK TOP 
6647080550496,T-Shirts,"Des Petits Hauts, dropshiping, no-search, T-Shirts, T1, T2, THEBRADERYARCHIVE2024, ARCHIVE190224, ARCHIVEFEMME2024",[],DES PETITS HAUTS,2,0.0,
6643722354784,Nouveautés salon,"Nouveautés salon, The Animals Observatory, 2y, 3y","[https://cdn.shopify.com/s/files/1/0002/7600/4882/products/S21029_223_BG-4.jpg?v=1674040030,https://cdn.shopify.com/s/files/1/0002/7600/4882/products/S21029_223_BG-6.jpg?v=1674040035,https://cdn.shopify.com/s/files/1/0002/7600/4882/products/S21029_223_BG-1.jpg?v=1674040038,https://cdn.shopify.com/s/files/1/0002/7600/4882/products/S21029_223_BG-2.jpg?v=1674040041]",THEANIMALSOBSERVATORY1,2,0.0, Tops Big Bear Kids+ Sweatshirt Peachy Mouth 
14910708515195,Chaussures,"Collection : Sélection PAP Luxe, dropshipping, SELECTIONPAPLUXE0225, Sélection PAP Luxe, Type : Chaussures, 36, 37, 38, Chaussures, CHAUSSURESSAVE0225","[https://cdn.shopify.com/s/files/1/0002/7600/4882/files/NO-NAME_01KNDAPC0474_GOLD_2.jpg?v=1738762179,https://cdn.shopify.com/s/files/1/0002/7600/4882/files/NO-NAME_01KNDAPC0474_GOLD_4.jpg?v=1738762185,https://cdn.shopify.com/s/files/1/0002/7600/4882/files/NO-NAME_01KNDAPC0474_GOLD_1.jpg?v=1738762175,https://cdn.shopify.com/s/files/1/0002/7600/4882/files/NO-NAME_01KNDAPC0474_GOLD_3.jpg?v=1738762182]",SELECTION PAP LUXE,2,149.5,  Composition :  100% Synthétique (100 % PU) 
15310090862971,SHIRT,"MAISONKITSUNE1225, MK1225, NONRETOURNABLE, ventephysique",[https://cdn.shopify.com/s/files/1/0002/7600/4882/files/Kisune_CC_81_58b2fbca-09be-41d1-9ddd-382bdf614788.png?v=1765299044],MAISON KITSUNE,2,0.0,
14863613165947,Vestes,"STOCKLYUNDERARMOUR1224, Under Armour, Vestes","[https://cdn.shopify.com/s/files/1/0002/7600/4882/files/under-armour_7C1379494-410_Image_1_C1.jpg?v=1733736218,https://cdn.shopify.com/s/files/1/0002/7600/4882/files/under-armour_7C1379494-410_Image_2_C1.jpg?v=1733736224]",UNDER ARMOUR,2,0.0, Veste de survêtement UA Challenger pour hommes 
14868763509115,Accessoires,"274250062, Accessoires, Collection : Des Petits Hauts, Des Petits Hauts, dropshipping, NEWSTOCKARCHIVE0725V2, no-search, TU, Type : Accessoires",[],DES PETITS HAUTS,2,0.0, 100% COTON 
6630151454816,Mocassins,"1169, >100€, Diadora, SNEAKERS BAS","[https://cdn.shopify.com/s/files/1/0002/7600/4882/products/mocassins-en-cuir-noir-stella-luna-976154.jpg?v=1665734230,https://cdn.shopify.com/s/files/1/0002/7600/4882/products/mocassins-en-cuir-noir-stella-luna-376376.jpg?v=1665734230,https://cdn.shopify.com/s/files/1/0002/7600/4882/products/mocassins-en-cuir-noir-stella-luna-810306.jpg?v=1665734230,https://cdn.shopify.com/s/files/1/0002/7600/4882/products/mocassins-en-cuir-noir-stella-luna-464961.jpg?v=1665734230]",WHAT FOR,2,0.0, Mocassins En Cuir Noir - Stella Luna 
6545906860128,SURFWEAR MEN,"28, 33, Billabong, SURFWEAR MEN",[https://cdn.shopify.com/s/files/1/0002/7600/4882/products/fifty-jean-surfwear-men-billabong-164092.jpg?v=1617876295],BILLABONG,2,0.0, FIFTY JEAN 
7136387268704,Jupes,"41046665560160, 41046665592928, 41046665691232, 41046665756768, 7240213, Autour Du Lin, AUTOURDULIN0724, Collection : Autour Du Lin, dropshipping, Jupes, L/XL, M/L, recherche1:Prêt-À-Porter, recherche2:Jupes, S/M, Type : Jupes, XL/XXL","[https://cdn.shopify.com/s/files/1/0002/7600/4882/files/433_INDIGO_0572_1.jpg?v=1720009725,https://cdn.shopify.com/s/files/1/0002/7600/4882/files/433_INDIGO_0576_1.jpg?v=1720009725,https://cdn.shopify.com/s/files/1/0002/7600/4882/files/433_INDIGO_0573_1.jpg?v=1720009725,https://cdn.shopify.com/s/files/1/0002/7600/4882/files/433_INDIGO_0574_1.jpg?v=1720009725,https://cdn.shopify.com/s/files/1/0002/7600/4882/files/433_INDIGO_0569_1.jpg?v=1720009725]",AUTOUR DU LIN,2,0.0, Jupe courte avec des broderies sur le bas 
14884240458107,Accessoires,"JEVASOWH, Kari Traa, KARITRAA0425, no-search, TU, Type : Accessoires, 254252226, Accessoires, Collection : Kari Traa, dropshipping",[https://cdn.shopify.com/s/files/1/0002/7600/4882/files/712536_moss_product_1.jpg?v=1745552778],KARI TRAA,2,0.0, Bonnet lifestyle 
6625981562976,Accessoires - Enfant - Mixte,"Accessoires - Enfant - Mixte, Collection : Tocoto Vintage, dropshipping, eligibility, target2sell:2022-05-18 07:45:00, Tocoto Vintage, Type : Accessoires - Enfant - Mixte, U",[],TOCOTOVINTAGE1,2,0.0,
15234106589563,Colliers,"dropshipping, Oro Di Oro, ORODIORO0925, resize1, TU, Type : Colliers, 251648144589, Collection : Oro Di Oro, Colliers",[https://cdn.shopify.com/s/files/1/0002/7600/4882/files/PI969769J_0d4c6e44-fbdf-4863-bb90-3aa970565141.jpg?v=1757928545],ORO DI ORO,2,58.250000000000007, Or Jaune 375/1000 
6545900568672,SURFWEAR GIRLS,"Billabong, M, SURFWEAR GIRLS, XS",[],BILLABONG,2,0.0, FACTORY REV BANDED T 
14887471120763,Tops,"recherche2:Tops, REVERSRP, SELECTIONPAPLUXE0125, Sélection PAP Luxe, Tops, Type : Tops, XXL, dropshipping, numerodevente, PAPLUXE0125, recherche1:Prêt-À-Porter","[https://cdn.shopify.com/s/files/1/0002/7600/4882/files/t-shirt-denim-wash_8ad6656a-d322-4651-ae33-24ea70ee5cbe.jpg?v=1737036098,https://cdn.shopify.com/s/files/1/0002/7600/4882/files/t-shirt-denim-wash_ca6da233-f464-4fe3-88f4-18f4c75e34ad.jpg?v=1737036584,https://cdn.shopify.com/s/files/1/0002/7600/4882/files/t-shirt-denim-wash_49b45378-bdf8-4acd-9280-2653466ab836.jpg?v=1737036604,https://cdn.shopify.com/s/files/1/0002/7600/4882/files/t-shirt-denim-wash_54997799-a75e-4e07-8763-23da740d9f6d.jpg?v=1737036529,https://cdn.shopify.com/s/files/1/0002/7600/4882/files/t-shirt-denim-wash_6ca24f10-d801-4ac8-9fca-bd6ecf7ea6f9.jpg?v=1737036671,https://cdn.shopify.com/s/files/1/0002/7600/4882/files/t-shirt-denim-wash_5dad3541-aa3a-4e19-8f58-b28d01ce4221.jpg?v=1736864300]",SELECTION PAP LUXE,2,0.0, Karl Lagerfeld - Tee-Shirt - Bleu - Homme 
15234100560251,Boucles D'Oreilles,"dropshipping, Oro Di Oro, ORODIORO0925, resize1, TU, Type : Boucles D'Oreilles, 251648144589, Boucles D'Oreilles, Collection : Oro Di Oro",[https://cdn.shopify.com/s/files/1/0002/7600/4882/files/EI942597J_2ed07281-8f0c-46b1-91c1-7a3faae1a029.jpg?v=1757928287],ORO DI ORO,2,0.0, Or Jaune 375/1000 
7144828862560,Short Sleeved Top,"no-search, Yoox, YOOX0724, YOOXPAP0614V2","[https://cdn.shopify.com/s/files/1/0002/7600/4882/files/49743323MQ_14_D.jpg?v=1720089103,https://cdn.shopify.com/s/files/1/0002/7600/4882/files/49743323MQ_14_E.jpg?v=1720089108,https://cdn.shopify.com/s/files/1/0002/7600/4882/files/49743323MQ_14_R.jpg?v=1720089115,https://cdn.shopify.com/s/files/1/0002/7600/4882/files/49743323MQ_14_F.jpg?v=1720195463]",YOOX,2,0.0," 72%Viscose,28%Polyester "
6674820005984,Pantalons & Leggings,"M, Pantalons & Leggings, recherche1:Prêt-à-porter, recherche2:Pantalons, S, Type : Pantalons & Leggings, XS, 8230778, Collection : Hurley, dropshipping, Femme, Hurley, Hurley0823, INACTIF, Lifestyle","[https://cdn.shopify.com/s/files/1/0002/7600/4882/files/3HWP0255_KEL_02.jpg?v=1693233336,https://cdn.shopify.com/s/files/1/0002/7600/4882/files/3HWP0255_KEL_01.jpg?v=1693233336,https://cdn.shopify.com/s/files/1/0002/7600/4882/files/3HWP0255_KEL_03.jpg?v=1693233336,https://cdn.shopify.com/s/files/1/0002/7600/4882/files/3HWP0255_KEL_00.jpg?v=1693233336,https://cdn.shopify.com/s/files/1/0002/7600/4882/files/3HWP0255_KEL_04.jpg?v=1693233336]",HURLEY,2,0.0,  Composition :  100% cotton 
7144667054176,Coats,"no-search, Yoox, YOOX0724, YOOXPAP0614V2","[https://cdn.shopify.com/s/files/1/0002/7600/4882/files/16024623AM_14_R.jpg?v=1720087256,https://cdn.shopify.com/s/files/1/0002/7600/4882/files/16024623AM_14_F.jpg?v=1720176556]",YOOX,2,0.0," 70%Wool,20%Polyester,7%Nylon,3%Other Fibres "
14905610961275,Créoles,"dropshipping, numerodelavente, recherche1:Accessoires, recherche2:Bijoux, TU, Type : Créoles, April Please, APRILPLEASE0225, Collection : April Please, Créoles","[https://cdn.shopify.com/s/files/1/0002/7600/4882/files/Austin_AprilPlease_d28a1c23-05ad-45e8-a3a3-7b4727c74830.png?v=1738919462,https://cdn.shopify.com/s/files/1/0002/7600/4882/files/Austin_AprilPleaseeshop.jpg?v=1738919462]",APRIL PLEASE,3,116.33333333333333," La boucle d’oreille Austin vous sort de l'ordinaire. Avec son double anneau, elle ajoute une touche unique et audacieuse à votre style, se distinguant par son design innovant et sa capacité à attirer l’attention. "
15289499255163,Peignoirs,"TRIUMPH1125, Type : Peignoirs, 38/40, 42/44, 46/48, Collection : Triumph, dropshipping, no-search, numerodevente, Peignoirs, Triumph","[https://cdn.shopify.com/s/files/1/0002/7600/4882/files/10222613M013_MO_D_1.jpg?v=1763673478,https://cdn.shopify.com/s/files/1/0002/7600/4882/files/10222613M013_MO_T_2.jpg?v=1763673478,https://cdn.shopify.com/s/files/1/0002/7600/4882/files/10222613M013_MO_F_1.jpg?v=1763673478,https://cdn.shopify.com/s/files/1/0002/7600/4882/files/10222613M013_TO_F_1.png?v=1763673478,https://cdn.shopify.com/s/files/1/0002/7600/4882/files/10222613M013_MO_B_1.jpg?v=1763673478]",TRIUMPH,3,0.0,"Cette  peignoir  en  tissu modal TENCEL™  doux et élastique se distingue par sa sensualité et son élégance. S'arrêtant au genou et doté d'une ceinture douce, il garantit une coupe flatteuse qui met en valeur la silhouette.  Idéal pour se détendre à la maison ou pour profiter d'un moment de bien-être, ce peignoir vous enveloppe de confort tout en offrant une allure raffinée.  Une  création  Triumph soigneusement sélectionnée par TheBradery pour sa qualité et son savoir-faire exceptionnel ✨  Composition : Tissu modal TENCEL™."
15250328617339,Knitwear,"INESDELAFRESSANGE1025, Knitwear, TU, Type : Knitwear, Collection : Ines De La Fressange, dropshipping, Ines De La Fressange","[https://cdn.shopify.com/s/files/1/0002/7600/4882/files/13K092WE007-P340_20RED___P2.jpg?v=1759150958,https://cdn.shopify.com/s/files/1/0002/7600/4882/files/13K092WE007-P340_20RED___P4.jpg?v=1759150969,https://cdn.shopify.com/s/files/1/0002/7600/4882/files/13K092WE007-P340_20RED___P3.jpg?v=1759150963,https://cdn.shopify.com/s/files/1/0002/7600/4882/files/13K092WE007-P340_20RED___P5.jpg?v=1759150972]",INES DE LA FRESSANGE,3,0.0,"Le pull Angela combine  élégance et confort  ;  pull en maille fine  à  très versatile  usage, avec  col rond ,  manches longues , finitions  bord-côte  et  signature IF brodée  sur le bas, côté gauche.  Ce pull  Knitwear  signé  Ines De La Fressange  réunit tendance et intemporalité : ajoutez-le à votre collection dès maintenant. ✨  Composition : 100% laine"
6625306280032,Sacs Pepa,"Collection : Labienhecha, dropshipping, eligibility, Labienhecha, Sacs Pepa, target2sell:2022-09-06 07:45:00, TU, Type : Sacs Pepa","[https://cdn.shopify.com/s/files/1/0002/7600/4882/products/labienhecha-bolso-pepa-lado-vino-mate_2f0a3328-098e-4831-92fd-4dbf3071bc1d.jpg?v=1662392293,https://cdn.shopify.com/s/files/1/0002/7600/4882/products/labienhecha-bolso-pepa-frente-vino-mate_ae0972ef-51cb-484d-a0fd-2688d0aa0fcf.jpg?v=1662392289,https://cdn.shopify.com/s/files/1/0002/7600/4882/products/labienhecha-bolso-pepa-tumbada-vino-mate_285f9bc2-a827-4160-a4ee-10f0fcc8ad13.jpg?v=1662392297,https://cdn.shopify.com/s/files/1/0002/7600/4882/products/labienhecha-bolso-pepa-trasera-vino-mate_d8a1edf6-941f-49b8-970f-809554e56c20.jpg?v=1662392280]",LABIENHECHA,3,0.0," Oh, Pepa ! L'un de nos sacs les plus irrésistibles. Nous lui vouerons toujours une affection particulière car c'est le premier modèle que nous avons créé à Labienhecha.   
 Et... il est toujours là ! Il continue de mûrir, génération après génération. Quand nous pensons à tout ce qui s'est passé depuis le lancement de sa première version, nous sommes plus que fiers de toutes les améliorations que nous avons apportées à ce merveilleux modèle.   
 Pepa 2nd Generation est le sac parfait, accrocheur et très bien fait, à porter avec les tenues les plus simples mais aussi les plus audacieuses.      Composition et Taille :  Handmade with certified recycled leather in our workshop in Málaga by a super team of women who love what they do :)

- 22 cm x 18,5 cm x 7 cm.
- Una correa incluida  "
7144572387424,Pantalons,"Collection : The Selection, dropshipping, Pantalons, RELANCEYOOX260724, The Selection, Type : Pantalons, YOOXPAP0614V2MAN","[https://cdn.shopify.com/s/files/1/0002/7600/4882/files/13429435TA_14_A.jpg?v=1720084839,https://cdn.shopify.com/s/files/1/0002/7600/4882/files/13429435TA_14_R.jpg?v=1720084872,https://cdn.shopify.com/s/files/1/0002/7600/4882/files/13429435TA_14_D.jpg?v=1720084860,https://cdn.shopify.com/s/files/1/0002/7600/4882/files/13429435TA_14_F.jpg?v=1720170672]",THE SELECTION,3,0.0," gabardine no appliqués basic solid color high waisted slim fit tapered leg button zip multipockets   Composition :  98%Cotton,2%Lycra "
6897358897248,Accessoires,"recherche1:Accessoires, recherche2:Cravates Et Noeuds Papillon, TU, Type : Accessoires, 3240772, Accessoires, Collection : LK Benett, dropshipping, LK Benett, LKBENETT0324","[https://cdn.shopify.com/s/files/1/0002/7600/4882/files/products_30484669_image1_original.jpg?v=1711358417,https://cdn.shopify.com/s/files/1/0002/7600/4882/files/products_30484669_image2_original.jpg?v=1711358417]",LK BENETT,3,24.916666666666668, Col. 
15307346739579,Pantalons,"M, Pantalons, S, seo-generated-metafields20251207, Type Pantalons, XL, XS, XS, Collection : Lily Studio, dropshipping, L, Lily Studio, LILYSTUDIO1225","[https://cdn.shopify.com/s/files/1/0002/7600/4882/files/121434C5126341_3.jpg?v=1764970283,https://cdn.shopify.com/s/files/1/0002/7600/4882/files/121434C5126341_2.jpg?v=1764970283,https://cdn.shopify.com/s/files/1/0002/7600/4882/files/121434C5126341_4.jpg?v=1764970283,https://cdn.shopify.com/s/files/1/0002/7600/4882/files/121434C5126341_1.jpg?v=1764970283,https://cdn.shopify.com/s/files/1/0002/7600/4882/files/121434C5126341_6.jpg?v=1764970283,https://cdn.shopify.com/s/files/1/0002/7600/4882/files/121434C5126341_5.jpg?v=1764970283]",LILY STUDIO,3,0.0, lily fashion side split leather pants 
6603868864608,JUPE,"36, 38, dropshipping, JUPE, Paul Ka","[https://cdn.shopify.com/s/files/1/0002/7600/4882/products/jupe-blanc-jupe-paul-ka-285465.jpg?v=1649704488,https://cdn.shopify.com/s/files/1/0002/7600/4882/products/jupe-blanc-jupe-paul-ka-605192.jpg?v=1649710933,https://cdn.shopify.com/s/files/1/0002/7600/4882/products/jupe-blanc-jupe-paul-ka-187563.jpg?v=1649709426,https://cdn.shopify.com/s/files/1/0002/7600/4882/products/jupe-blanc-jupe-paul-ka-519633.jpg?v=1649708938,https://cdn.shopify.com/s/files/1/0002/7600/4882/products/jupe-blanc-jupe-paul-ka-376414.jpg?v=1649700314,https://cdn.shopify.com/s/files/1/0002/7600/4882/products/jupe-blanc-jupe-paul-ka-624391.jpg?v=1649706178,https://cdn.shopify.com/s/files/1/0002/7600/4882/products/jupe-blanc-jupe-paul-ka-393869.jpg?v=1649710922]",PAUL KA,3,0.0,
14824374043003,Chemises,"numerodevente, recherche1:Prêt-À-Porter, recherche2:Chemises, S, Type : Chemises, Chemises, Collection : NN07, couleur:Off White, dropshipping, JEVASOWH, L, M, NN07, NN071124, no-search","[https://cdn.shopify.com/s/files/1/0002/7600/4882/files/2395_3e3545dafa-adwin-5634-002_b-original.jpg?v=1730975324,https://cdn.shopify.com/s/files/1/0002/7600/4882/files/2395_3550b1ed60-adwin-5634-002_c-original.jpg?v=1730975325,https://cdn.shopify.com/s/files/1/0002/7600/4882/files/2395_d08d0c77bd-2325634548-002_1-original.jpg?v=1730975324,https://cdn.shopify.com/s/files/1/0002/7600/4882/files/2395_b4c259f4d1-2325634548-002_2-original.jpg?v=1730975325,https://cdn.shopify.com/s/files/1/0002/7600/4882/files/2395_b9454a0cb1-adwin-5634-002_f-original.jpg?v=1730975324]",NN07,3,183.0, Chemise Adwin 5634 - Off White 
15184521232763,Boucles D'Oreilles,"Boucles D'Oreilles, Collection : Moode, dropshipping, meta_seo_processed, Moode, MOODE1025, TU, Type : Boucles D'Oreilles",[https://cdn.shopify.com/s/files/1/0002/7600/4882/files/KED30121J.jpg?v=1753455204],MOODE,3,264.82499999999993,  Matière :  Acier inoxydable 
6659652517984,Bague,"Type : Bague, 2305633, Bague, Collection :Jizelle Paris, dropshipping, INACTIF, Jizelle Paris, Jizelle0523, rechercher1:Accessoires, rechercher2:Bijoux, SRPFINALRETOUR0923, TU","[https://cdn.shopify.com/s/files/1/0002/7600/4882/products/image_83833eeb-47b8-468e-b909-8ad9f8c692f2.jpg?v=1683644787,https://cdn.shopify.com/s/files/1/0002/7600/4882/products/image_0431b192-9a91-466d-a08e-40d8aa4076e0.jpg?v=1683644788,https://cdn.shopify.com/s/files/1/0002/7600/4882/products/image_d87c8ec5-c9cd-4911-9480-12991d024f8e.jpg?v=1683644787,https://cdn.shopify.com/s/files/1/0002/7600/4882/products/image_68351b4e-ecaa-4419-8e9c-349166d4c9ba.jpg?v=1683644787,https://cdn.shopify.com/s/files/1/0002/7600/4882/products/image_e1b0e66c-4148-4078-8426-56d0a35526bf.jpg?v=1683644787]",JIZELLE PARIS,3,192.50413223140495, Bague ajustable en acier inoxydable couleur or 
6643719831648,Nouveautés salon,"Nouveautés salon, The Animals Observatory, 2y, 3y, 4y","[https://cdn.shopify.com/s/files/1/0002/7600/4882/products/S21001_228_AQ-4.jpg?v=1674039984,https://cdn.shopify.com/s/files/1/0002/7600/4882/products/S21001_228_AQ-2.jpg?v=1674039994,https://cdn.shopify.com/s/files/1/0002/7600/4882/products/S21001_228_AQ-6.jpg?v=1674039989,https://cdn.shopify.com/s/files/1/0002/7600/4882/products/S21001_228_AQ-1.jpg?v=1674039992]",THEANIMALSOBSERVATORY1,3,0.0, Tops Rooster Kids+ T-Shirt Khaki Peanut 
6643724714080,Nouveautés salon,"3y, 6y, 8y, Nouveautés salon, The Animals Observatory, 10y, 12y, 14y","[https://cdn.shopify.com/s/files/1/0002/7600/4882/products/S21085_036_DJ-1.jpg?v=1674040082,https://cdn.shopify.com/s/files/1/0002/7600/4882/products/S21085_036_DJ-4.jpg?v=1674040074,https://cdn.shopify.com/s/files/1/0002/7600/4882/products/S21085_036_DJ-6.jpg?v=1674040079,https://cdn.shopify.com/s/files/1/0002/7600/4882/products/S21085_036_DJ-2.jpg?v=1674040085]",THEANIMALSOBSERVATORY1,3,0.0, Knitwear Bull Kids+ Sweater White Logo 
15258093748603,SHOES,"SHOES, SHOES, >100€, Bally, BALLY1025","[https://cdn.shopify.com/s/files/1/0002/7600/4882/files/597712-23785-F007_1.jpg?v=1759736557,https://cdn.shopify.com/s/files/1/0002/7600/4882/files/597712-23785-F007_4.jpg?v=1759736570,https://cdn.shopify.com/s/files/1/0002/7600/4882/files/597712-23785-F007_3.jpg?v=1759736566,https://cdn.shopify.com/s/files/1/0002/7600/4882/files/597712-23785-F007_2.jpg?v=1759736561]",BALLY,3,0.0,  Modèle :  Henson   Matière :  Calf Plain 
15066701988219,Robes,"no-search, >100€, ANONYMAPPAREL0525",[https://cdn.shopify.com/s/files/1/0002/7600/4882/files/josephine-prairie-2.jpg?v=1746546134],ANONYM APPAREL,3,0.0, Robe t-shirt encolure décolletée en éponge 
15218305466747,Pantalons Et Shorts,"Collection : Sélection PAP Luxe, dropshipping, JEVASOWH, Pantalons Et Shorts, SELECTIONPAPLUXEHOMME0925, Sélection PAP Luxe, Type : Pantalons Et Shorts","[https://cdn.shopify.com/s/files/1/0002/7600/4882/files/GIVENCHY_BM50ST5Y1G_118_3.jpg?v=1756212109,https://cdn.shopify.com/s/files/1/0002/7600/4882/files/GIVENCHY_BM50ST5Y1G_118_1.jpg?v=1756212100,https://cdn.shopify.com/s/files/1/0002/7600/4882/files/GIVENCHY_BM50ST5Y1G_118_2.jpg?v=1756212104,https://cdn.shopify.com/s/files/1/0002/7600/4882/files/GIVENCHY_BM50ST5Y1G_118_4.jpg?v=1756212112]",SELECTION PAP LUXE,3,0.0, 100% Cotton 
6603864703072,ROBE,"42, 44, dropshipping, Paul Ka, ROBE","[https://cdn.shopify.com/s/files/1/0002/7600/4882/products/robe-blanc-casse-robe-paul-ka-807136.jpg?v=1649710863,https://cdn.shopify.com/s/files/1/0002/7600/4882/products/robe-blanc-casse-robe-paul-ka-232244.jpg?v=1649710565,https://cdn.shopify.com/s/files/1/0002/7600/4882/products/robe-blanc-casse-robe-paul-ka-276203.jpg?v=1649702392]",PAUL KA,3,0.0,
14916303159675,Sweatshirts,"recherche1:Prêt-À-Porter, recherche2:Sweatshirts, Sweatshirts, Type : Sweatshirts, XS, >100€, dropshipping, North Sails, NORTHSAILS0225","[https://cdn.shopify.com/s/files/1/0002/7600/4882/files/products_34610296_image3_original.jpg?v=1739187168,https://cdn.shopify.com/s/files/1/0002/7600/4882/files/products_34610296_image4_original.jpg?v=1739187167,https://cdn.shopify.com/s/files/1/0002/7600/4882/files/products_34610296_image5_original.jpg?v=1739187167,https://cdn.shopify.com/s/files/1/0002/7600/4882/files/products_34610296_image2_original.jpg?v=1739187167,https://cdn.shopify.com/s/files/1/0002/7600/4882/files/products_34610296_image1_original.jpg?v=1739187167]",NORTH SAILS,3,0.0, Sweat. 
14865770414459,Jupes,"Sélection PAP Luxe, Type : Jupes, 38, 40, 42, ALLPAPLUXE0125, dropshipping, JEVASOWH, Jupes, numerodevente, recherche1:Prêt-À-Porter, recherche2:Jupes","[https://cdn.shopify.com/s/files/1/0002/7600/4882/files/TOM-FORD-DISTRIBUTION_A37T7NAV_NAV_2.jpg?v=1733491771,https://cdn.shopify.com/s/files/1/0002/7600/4882/files/TOM-FORD-DISTRIBUTION_A37T7NAV_NAV_1.jpg?v=1733491764,https://cdn.shopify.com/s/files/1/0002/7600/4882/files/TOM-FORD-DISTRIBUTION_A37T7NAV_NAV_3.jpg?v=1733491779,https://cdn.shopify.com/s/files/1/0002/7600/4882/files/TOM-FORD-DISTRIBUTION_A37T7NAV_NAV_4.jpg?v=1733491784]",SELECTION PAP LUXE,3,0.0, Jupe en cuir   Composition :  100% calf leather 
6890866409568,Sandales,"41, Calank, CALANK0324, Collection : Calank, dropshipping, recherche1:Chaussures, recherche2:Sandales, resize1, Sandales, Type : Sandales, 3240256, 36, 37, 38, 39, 40","[https://cdn.shopify.com/s/files/1/0002/7600/4882/files/CL-3103.jpg?v=1710496149,https://cdn.shopify.com/s/files/1/0002/7600/4882/files/CL-3103_20_3.jpg?v=1710496161,https://cdn.shopify.com/s/files/1/0002/7600/4882/files/CL-3103_20_1.jpg?v=1710496153,https://cdn.shopify.com/s/files/1/0002/7600/4882/files/CL-3103_20_2.jpg?v=1710496157]",CALANK,3,0.0,  Composition :  Camel Buff 
6938915766368,,"Balmain, BALMAIN0424, Collection : Balmain, dispeo, Type :, 34, 36, 38, >100€",[],BALMAIN,3,0.0, 2 BTN GDP SHORT SKIRT 
6628579704928,Jeans,"31 (US) = 40-42 (FR), 32 (US) = 42 (FR), 34 (US) = 44 (FR), Collection : COS, COS, dropshipping, eligibility, Jeans, target2sell:2022-07-19 07:45:00, Type : Jeans","[https://cdn.shopify.com/s/files/1/0002/7600/4882/products/682827NEGRO_3.jpg?v=1666965647,https://cdn.shopify.com/s/files/1/0002/7600/4882/products/682827NEGRO_2.jpg?v=1666965645,https://cdn.shopify.com/s/files/1/0002/7600/4882/products/682827NEGRO_1.jpg?v=1666965643]",COS1,4,0.0," L’élégance en toute sobriété, c’est la marque de fabrique de COS. Des coupes précises, des matières nobles comme le cuir, la soie ou encore le lin, des vêtements chics, tout ce dont vous avez besoin pour des tenues à la fois casual et habillées.   Produit :  Jean droit 7/8. Effet usé. 5 poches. Passants de ceinture. Fermeture boutonnée.   Caractéristiques :    Coloris  : noir   Matière  : 98% coton et 2% élasthanne   Entretien  : lavage à 40°C "
6584247943264,TSHIRTS & TOPS,"<20€, Bizance, bizancetaille, dispeo, eligibility, L, M, S, TSHIRTS & TOPS","[https://cdn.shopify.com/s/files/1/0002/7600/4882/products/t-shirt-berta-rose-tshirts-tops-bizance-613606.jpg?v=1638279912,https://cdn.shopify.com/s/files/1/0002/7600/4882/products/t-shirt-berta-rose-tshirts-tops-bizance-205470.jpg?v=1638279912,https://cdn.shopify.com/s/files/1/0002/7600/4882/products/t-shirt-berta-rose-tshirts-tops-bizance-868095.jpg?v=1638279912,https://cdn.shopify.com/s/files/1/0002/7600/4882/products/t-shirt-berta-rose-tshirts-tops-bizance-410864.jpg?v=1638279912,https://cdn.shopify.com/s/files/1/0002/7600/4882/products/t-shirt-berta-rose-tshirts-tops-bizance-254761.jpg?v=1638279912,https://cdn.shopify.com/s/files/1/0002/7600/4882/products/t-shirt-berta-rose-tshirts-tops-bizance-627193.jpg?v=1638279912,https://cdn.shopify.com/s/files/1/0002/7600/4882/products/t-shirt-berta-rose-tshirts-tops-bizance-502935.jpg?v=1638279912,https://cdn.shopify.com/s/files/1/0002/7600/4882/products/t-shirt-berta-rose-tshirts-tops-bizance-191447.jpg?v=1638279912,https://cdn.shopify.com/s/files/1/0002/7600/4882/products/t-shirt-berta-rose-tshirts-tops-bizance-835629.jpg?v=1638279912,https://cdn.shopify.com/s/files/1/0002/7600/4882/products/t-shirt-berta-rose-tshirts-tops-bizance-154490.jpg?v=1638279912,https://cdn.shopify.com/s/files/1/0002/7600/4882/products/t-shirt-berta-rose-tshirts-tops-bizance-136998.jpg?v=1638279912,https://cdn.shopify.com/s/files/1/0002/7600/4882/products/t-shirt-berta-rose-tshirts-tops-bizance-204296.jpg?v=1638279912,https://cdn.shopify.com/s/files/1/0002/7600/4882/products/t-shirt-berta-rose-tshirts-tops-bizance-348161.jpg?v=1638279912,https://cdn.shopify.com/s/files/1/0002/7600/4882/products/t-shirt-berta-rose-tshirts-tops-bizance-903878.jpg?v=1638279912,https://cdn.shopify.com/s/files/1/0002/7600/4882/products/t-shirt-berta-rose-tshirts-tops-bizance-591053.jpg?v=1638279912,https://cdn.shopify.com/s/files/1/0002/7600/4882/products/t-shirt-berta-rose-tshirts-tops-bizance-703479.jpg?v=1638279912,https://cdn.shopify.com/s/files/1/0002/7600/4882/products/t-shirt-berta-rose-tshirts-tops-bizance-182609.jpg?v=1638279912,https://cdn.shopify.com/s/files/1/0002/7600/4882/products/t-shirt-berta-rose-tshirts-tops-bizance-828912.jpg?v=1638279912,https://cdn.shopify.com/s/files/1/0002/7600/4882/products/t-shirt-berta-rose-tshirts-tops-bizance-382766.jpg?v=1638279912,https://cdn.shopify.com/s/files/1/0002/7600/4882/products/t-shirt-berta-rose-tshirts-tops-bizance-916703.jpg?v=1638279912,https://cdn.shopify.com/s/files/1/0002/7600/4882/products/t-shirt-berta-rose-tshirts-tops-bizance-957377.jpg?v=1638279912,https://cdn.shopify.com/s/files/1/0002/7600/4882/products/t-shirt-berta-rose-tshirts-tops-bizance-689637.jpg?v=1638279912,https://cdn.shopify.com/s/files/1/0002/7600/4882/products/t-shirt-berta-rose-tshirts-tops-bizance-106721.jpg?v=1638279912,https://cdn.shopify.com/s/files/1/0002/7600/4882/products/t-shirt-berta-rose-tshirts-tops-bizance-962526.jpg?v=1638279912,https://cdn.shopify.com/s/files/1/0002/7600/4882/products/t-shirt-berta-rose-tshirts-tops-bizance-904229.jpg?v=1638279912,https://cdn.shopify.com/s/files/1/0002/7600/4882/products/t-shirt-berta-rose-tshirts-tops-bizance-418374.jpg?v=1638279912,https://cdn.shopify.com/s/files/1/0002/7600/4882/products/t-shirt-berta-rose-tshirts-tops-bizance-174660.jpg?v=1638279912,https://cdn.shopify.com/s/files/1/0002/7600/4882/products/t-shirt-berta-rose-tshirts-tops-bizance-767484.jpg?v=1638279912,https://cdn.shopify.com/s/files/1/0002/7600/4882/products/t-shirt-berta-rose-tshirts-tops-bizance-112209.jpg?v=1638279912,https://cdn.shopify.com/s/files/1/0002/7600/4882/products/t-shirt-berta-rose-tshirts-tops-bizance-252272.jpg?v=1638279912,https://cdn.shopify.com/s/files/1/0002/7600/4882/products/t-shirt-berta-rose-tshirts-tops-bizance-709271.jpg?v=1638279912]",BIZANCE,4,50.0," T Shirt oversize 
  Composition :  100% COTON BIO "
6659618996320,Band Of Outsiders,"1005585, Band Of Outsiders, Chaussures Et Accessoires, Collection : L'Exception, dropshipping, exceptionhomme, INACTIF, L'Exception, Type : Band Of Outsiders","[https://cdn.shopify.com/s/files/1/0002/7600/4882/products/335101573581-06TU-band-of-outsiders-sergiotacchinixbandscarpatrainers-02.jpg?v=1683651351,https://cdn.shopify.com/s/files/1/0002/7600/4882/products/335101573581-06TU-band-of-outsiders-sergiotacchinixbandscarpatrainers-03.jpg?v=1683629243,https://cdn.shopify.com/s/files/1/0002/7600/4882/products/335101573581-06TU-band-of-outsiders-sergiotacchinixbandscarpatrainers-04.jpg?v=1683629243,https://cdn.shopify.com/s/files/1/0002/7600/4882/products/335101573581-06TU-band-of-outsiders-sergiotacchinixbandscarpatrainers-05.jpg?v=1683629243,https://cdn.shopify.com/s/files/1/0002/7600/4882/products/335101573581-06TU-band-of-outsiders-sergiotacchinixbandscarpatrainers-01.jpg?v=1683651351]",L'EXCEPTION,4,0.0,"  Taille normalement, prenez votre taille habituelle.    Composition :  100% Cuir Nappa  "
6653426860128,Maille Et Sweats,"Collection : NA-KD, dispeo, INACTIF, Maille Et Sweats, margotxnakd, NA-KD, S, SRPFINALRETOUR0923, Type : Maille Et Sweats, XL, 3230489, <20€",[https://cdn.shopify.com/s/files/1/0002/7600/4882/products/products_25544907_image1_original.jpg?v=1679932002],NA-KD,4,58.336088154269987," NA-KD, c’est la tendance pensée pour vous, quelle que soit votre envie. Vous trouverez ici tout ce dont vous avez besoin.  Ensemble à motifs à rayures comprenant : -  Gilet à manches longues  Liens à nouer. -  Pantalon wide legs  Taille haute élastique. Marque  NA-KD .  Les produits NA-KD taillent grand. Si vous hésitez entre deux tailles, nous vous conseillons de prendre la plus petite.    Coloris  : noir  Matière  : 96% viscose et 4% élasthanne  Entretien  : lavage à 30°C "
7226863517792,Pulls,"Collection : Rodier, couleur:Violet, dropshipping, JEVASOWH, L, M, numerodelavente, Pulls, recherche1:Prêt-À-Porter, recherche2:Pulls, Rodier, RODIER0125, S, Type : Pulls, XL","[https://cdn.shopify.com/s/files/1/0002/7600/4882/files/1AN8748471_2.jpg?v=1728902068,https://cdn.shopify.com/s/files/1/0002/7600/4882/files/1AN8748471_1.jpg?v=1728902061,https://cdn.shopify.com/s/files/1/0002/7600/4882/files/1AN8748471_3.jpg?v=1728902075,https://cdn.shopify.com/s/files/1/0002/7600/4882/files/1AN8748471_D.jpg?v=1728902132,https://cdn.shopify.com/s/files/1/0002/7600/4882/files/1AN8748471_E.jpg?v=1728902142,https://cdn.shopify.com/s/files/1/0002/7600/4882/files/1AN8748471_B.jpg?v=1728902106,https://cdn.shopify.com/s/files/1/0002/7600/4882/files/1AN8748471_A.jpg?v=1728902095]",RODIER,4,0.0, 30% ACRYLIQUE  30% POLYAMIDE  24% LAINE  16% MOHAIR 
15277643006331,Boucles D'Oreilles,"Boucles D'Oreilles, Collection : Nayi Studio, dropshipping, Nayi Studio, NAYISTUDIO1125, numerodevente, TU, Type : Boucles D'Oreilles, Type : Boucles D'Oreilles","[https://cdn.shopify.com/s/files/1/0002/7600/4882/files/image_12c7992b-2b78-4ac5-bc61-2d600ebfbaec.jpg?v=1761903125,https://cdn.shopify.com/s/files/1/0002/7600/4882/files/image_88e6e233-676f-4973-8bc1-24727633bd0e.jpg?v=1761903125,https://cdn.shopify.com/s/files/1/0002/7600/4882/files/image_421e5887-bca7-482c-8cc9-6d91d4a3b19f.jpg?v=1761903126,https://cdn.shopify.com/s/files/1/0002/7600/4882/files/image_2d75de52-d040-4237-9cb4-caccc7f940bd.jpg?v=1761903125,https://cdn.shopify.com/s/files/1/0002/7600/4882/files/IMG-8741.jpg?v=1761903125]",NAYI STUDIO,4,349.8805785123966,"En  acier inoxydable  doré, ces  boucles d'oreilles crochet  allient légèreté et modernité. Leurs lignes épurées mettent en avant un design intemporel, parfait pour apporter une touche d’élégance à vos tenues quotidiennes.  Ces créations peuvent s’associer aisément à un chemisier fluide pour un look sophistiqué.   Une  création  Nayi Studio qui allie style raffiné et qualité exceptionnelle 🌟  Matière : Acier inoxydable plaqué or 18k   Dimensions : 50 mm   Poids : 5g   Avantages : Résistantes à l’eau, non ternissantes et hypoallergéniques   Pochette Nayi Studio incluse."
6603433082976,Sacs Et Maroquinerie,"Collection : Vanessa Bruno Sacs Et Accessoires, dispeo, eligibility, Sacs Et Maroquinerie, TU, Type : Sacs Et Maroquinerie, Vanessa Bruno, Vanessa Bruno Accessoires",[https://cdn.shopify.com/s/files/1/0002/7600/4882/products/porte-feuille-pochette-plate-rubis-femme-porte-feuille-vanessa-bruno-946355.jpg?v=1649352075],VANESSA BRUNO,4,200.00000000000003, Portefeuille plat zippé en cuir  Trois compartiments intérieurs et trois fentes à cartes   Composition :  100% Vachette    Entretien :  Ne pas laver en machine. Ne pas sécher en machine. Ne pas repasser. Ne pas effectuer de blanchiment. Pas d'entretien professionnel à sec. 
6545889198176,Robes Et Combinaisons,,"[https://cdn.shopify.com/s/files/1/0002/7600/4882/products/robe-rachelle-imprime-robe-maje-482978.jpg?v=1617868124,https://cdn.shopify.com/s/files/1/0002/7600/4882/products/robe-rachelle-imprime-robe-maje-596982.jpg?v=1617874608,https://cdn.shopify.com/s/files/1/0002/7600/4882/products/robe-rachelle-imprime-robe-maje-400013.jpg?v=1617872399,https://cdn.shopify.com/s/files/1/0002/7600/4882/products/robe-rachelle-imprime-robe-maje-975118.jpg?v=1617869277,https://cdn.shopify.com/s/files/1/0002/7600/4882/products/robe-rachelle-imprime-robe-maje-746116.jpg?v=1617867313]",MAJE,4,1514.1666666666665," Robe Rachelle - Imprime Robe Longue Imprimee   Composition :  Tissu principal: 100% polyester / Doublure: 100% viscose   Entretien :   Lavage modéré 30° Pas de blanchiment Ne pas sécher en sèche-linge à tambour Repasser à une température maximale de 110°C sans vapeur Nettoyage professionnel à sec, au PC et aux HC, traitement normal "
6617793658976,Chaussures Et Accessoires,"Chaussures Et Accessoires, Collection : Emile Et Ida, dispeo, Emile Et Ida, Fille, target2sell:2022-07-18 07:45:00, TU, Type : Chaussures Et Accessoires",[https://cdn.shopify.com/s/files/1/0002/7600/4882/products/QPOIRE1_MAPLE_01.jpg?v=1657709148],EMILE ET IDA,4,0.0," Sac à dos en toile de coton couleur maple forme ""poire"". Les bretelles sont réglables afin de s'adapter à la taille de l'enfant. Dimensions : 30x23,3cm. Fabriqué au Portugal. Modèle déposé   Composition :  100% Coton   Entretien :  Lavage 30° "
6651197915232,Maille Et Sweats,"dispeo, Homme, L, M, Maille Et Sweats, Olow, Type : Maille Et Sweats, XS, 0313552, Collection : Olow","[https://cdn.shopify.com/s/files/1/0002/7600/4882/products/SWEAT_SCRATCHY_TERRACOTA_DOG_4.jpg?v=1678669922,https://cdn.shopify.com/s/files/1/0002/7600/4882/products/SWEAT_SCRATCHY_TERRACOTA_OLOW_3.jpg?v=1678669931,https://cdn.shopify.com/s/files/1/0002/7600/4882/products/SWEAT_SCRATCHY_TERRACOTA_SUN_4.jpg?v=1678669931,https://cdn.shopify.com/s/files/1/0002/7600/4882/products/SWEAT_SCRATCHY_TERRACOTA_DOG_3.jpg?v=1678669931,https://cdn.shopify.com/s/files/1/0002/7600/4882/products/SWEAT_SCRATCHY_TERRACOTA_OLOW_1.jpg?v=1678669732,https://cdn.shopify.com/s/files/1/0002/7600/4882/products/SWEAT_SCRATCHY_TERRACOTA_OLOW_2.jpg?v=1678669699,https://cdn.shopify.com/s/files/1/0002/7600/4882/products/SWEAT_SCRATCHY_TERRACOTA_SUN_3.jpg?v=1678669931,https://cdn.shopify.com/s/files/1/0002/7600/4882/products/SWEAT_SCRATCHY_TERRACOTA_DOG_2.jpg?v=1678669931,https://cdn.shopify.com/s/files/1/0002/7600/4882/products/SWEAT_SCRATCHY_TERRACOTA_OLOW_4.jpg?v=1678669931,https://cdn.shopify.com/s/files/1/0002/7600/4882/products/SWEAT_SCRATCHY_TERRACOTA_DOG_5.jpg?v=1678669931,https://cdn.shopify.com/s/files/1/0002/7600/4882/products/SWEAT_SCRATCHY_TERRACOTA_DOG_1.jpg?v=1678669931,https://cdn.shopify.com/s/files/1/0002/7600/4882/products/SWEAT_SCRATCHY_TERRACOTA_SUN_1.jpg?v=1678669931,https://cdn.shopify.com/s/files/1/0002/7600/4882/products/SWEAT_SCRATCHY_TERRACOTA_SUN_2.jpg?v=1678669931]",OLOW,4,156.66666666666669," Sweat avec 3 options de patchs brodés 
  Taille normalement  
  Composition :  100% coton biologique certifié GOTS 
  Entretien :  Lavage à 30°C, essorage à 500-600 tours/minute. Pas de séche linge "
6659616145504,Element,"1005585, Chemises Et Tops, Collection : L'Exception, dropshipping, Element, exceptionhomme, INACTIF, L'Exception, Type : Element","[https://cdn.shopify.com/s/files/1/0002/7600/4882/products/86781-element-spiralsstee-01.jpg?v=1683629212,https://cdn.shopify.com/s/files/1/0002/7600/4882/products/86781-element-spiralsstee-03.jpg?v=1683629212,https://cdn.shopify.com/s/files/1/0002/7600/4882/products/86781-element-spiralsstee-02.jpg?v=1683629212,https://cdn.shopify.com/s/files/1/0002/7600/4882/products/86781-element-spiralsstee-04.jpg?v=1683629212]",L'EXCEPTION,4,0.0,"  Taille normalement, prenez votre taille habituelle.    Composition :  100% Coton Biologique  "
14948795023739,Poufs,"Lorena Canals, LORENACANALS0325, Poufs, recherche1:Maison, recherche2:Assises, Type : Poufs, 133250662, 50x50x20cm, Collection : Lorena Canals, dropshipping","[https://cdn.shopify.com/s/files/1/0002/7600/4882/files/P-CHILL-IVO_1.jpg?v=1741683903,https://cdn.shopify.com/s/files/1/0002/7600/4882/files/P-CHILL-IVO_4.jpg?v=1741683903,https://cdn.shopify.com/s/files/1/0002/7600/4882/files/P-CHILL-IVO_6.jpg?v=1741683903,https://cdn.shopify.com/s/files/1/0002/7600/4882/files/P-CHILL-IVO_2.jpg?v=1741683903,https://cdn.shopify.com/s/files/1/0002/7600/4882/files/P-CHILL-IVO_5.jpg?v=1741683903,https://cdn.shopify.com/s/files/1/0002/7600/4882/files/P-CHILL-IVO_3.jpg?v=1741683903,https://cdn.shopify.com/s/files/1/0002/7600/4882/files/P-CHILL-IVO_7.jpg?v=1741683903,https://cdn.shopify.com/s/files/1/0002/7600/4882/files/P-CHILL-IVO_8.jpg?v=1741683903]",LORENA CANALS,4,0.0," ✨ Découvrez le Pouf Chill - Ivoire de la collection Lorena Canals, un élément de décoration versatile et élégant. Ce pouf rond combine l'ivoire à une base blanche, rehaussé par une tresse faite à la main en couleur assortie faisant office de poignée. Recouvert de poils de tapis doux sur le dessus et les côtés, avec une partie inférieure en toile de coton et une finition zippée pour un entretien facile. Il comprend un rembourrage intérieur amovible rempli de perles de polystyrène, alliant confort et praticité. "
7075554426976,Pantalons,"34, 36, 38, couleur:Beige, dropshipping, Pantalons, recherche1:Prêt-À-Porter, recherche2:Pantalons, Type : Pantalons, Zadig & Voltaire, ZADIGETVOLTAIRE1224","[https://cdn.shopify.com/s/files/1/0002/7600/4882/files/products_31165788_image4_original.jpg?v=1717075342,https://cdn.shopify.com/s/files/1/0002/7600/4882/files/products_31165788_image3_original.jpg?v=1717075258,https://cdn.shopify.com/s/files/1/0002/7600/4882/files/products_31165788_image1_original.jpg?v=1716898258,https://cdn.shopify.com/s/files/1/0002/7600/4882/files/products_31165788_image2_original.jpg?v=1716898259,https://cdn.shopify.com/s/files/1/0002/7600/4882/files/products_31165788_image5_original.jpg?v=1716898258]",ZADIG & VOLTAIRE,4,90.833333333333343, Pantalon. Taille haute. 4 poches. Motifs zébrés. Passants de ceinture. Fermeture boutonnée. 
15273682010491,Bagues,"Bagues, Collection : Nayi Studio, dropshipping, Nayi Studio, NAYISTUDIO1125, no-search, numerodevente, TU, Type : Bagues",[],NAYI STUDIO,4,0.0,"En  acier inoxydable plaqué or 18k , cette  bague Bean  se distingue par son design épuré et moderne. Sa finition impeccable offre un éclat durable, tout en étant hypoallergénique pour le confort de tous les jours.  À porter seule ou en accumulation, elle saura rehausser une tenue casual ou habillée.  Une  création  Nayi Studio qui allie audace et sophistication 💫  Matière : 18k gold plated on stainless steel   Taille : Ajustable (50 à 58)   Avantages : waterproof / non-tarnish / hypoallergenic    Un pochon fait main Nayi Studio inclus pour les commandes supérieures à 45€ "
6603868504160,CHEMISE,"36, 38, 40, CHEMISE, dropshipping, Paul Ka","[https://cdn.shopify.com/s/files/1/0002/7600/4882/products/chemise-encre-chemise-paul-ka-859925.jpg?v=1649707017,https://cdn.shopify.com/s/files/1/0002/7600/4882/products/chemise-encre-chemise-paul-ka-232907.jpg?v=1649705285,https://cdn.shopify.com/s/files/1/0002/7600/4882/products/chemise-encre-chemise-paul-ka-535013.jpg?v=1649700270,https://cdn.shopify.com/s/files/1/0002/7600/4882/products/chemise-encre-chemise-paul-ka-593434.jpg?v=1649708229]",PAUL KA,4,0.0,
14973400646011,Pantalons Et Jeans,"Type : Pantalons Et Jeans, Collection : Reiko, dropshipping, JEVASOWH, Pantalons Et Jeans, Reiko, REIKO0625","[https://cdn.shopify.com/s/files/1/0002/7600/4882/files/BRADEN_LIGHTSAND_DOS.jpg?v=1750405959,https://cdn.shopify.com/s/files/1/0002/7600/4882/files/BRADEN_LIGHTSAND_FACE.jpg?v=1750405959]",REIKO,4,0.0,  Composition :  100% Polyester 
15093341094267,SANDALES PLATES,"38, 39, 40, 41, Collection : White Sun, couleur:, couleur:Marron, dropshipping, JEVASOWH, SANDALES PLATES, Type : SANDALES PLATES, White Sun, WHITESUN0725, 36, 37","[https://cdn.shopify.com/s/files/1/0002/7600/4882/files/WS-5139_4.jpg?v=1749550076,https://cdn.shopify.com/s/files/1/0002/7600/4882/files/WS-5139_2.jpg?v=1749550076,https://cdn.shopify.com/s/files/1/0002/7600/4882/files/WS-5139_3.jpg?v=1749550075,https://cdn.shopify.com/s/files/1/0002/7600/4882/files/WS-5139_1.jpg?v=1749614641]",WHITE SUN,4,27.491666666666671, Sandales Mapari - Camel Buff - Marron 
2205094543456,Maillots,Maillots,"[https://cdn.shopify.com/s/files/1/0002/7600/4882/products/karie-blanc-maillots-jill-swimwear-713451.jpg?v=1598486107,https://cdn.shopify.com/s/files/1/0002/7600/4882/products/karie-blanc-maillots-jill-swimwear-825038.jpg?v=1598486107,https://cdn.shopify.com/s/files/1/0002/7600/4882/products/karie-blanc-maillots-jill-swimwear-512594.jpg?v=1598486107]",JILL SWIMWEAR,4,0.0,
14910702059899,Baskets,"dropshipping, SELECTIONPAPLUXE0225, Sélection PAP Luxe, Type : Baskets, 35, Baskets, CHAUSSURESSAVE0225, Collection : Sélection PAP Luxe","[https://cdn.shopify.com/s/files/1/0002/7600/4882/files/ARMISTICE_01KADAUR04B3_NOIR_2.jpg?v=1738761867,https://cdn.shopify.com/s/files/1/0002/7600/4882/files/ARMISTICE_01KADAUR04B3_NOIR_4.jpg?v=1738761874,https://cdn.shopify.com/s/files/1/0002/7600/4882/files/ARMISTICE_01KADAUR04B3_NOIR_1.jpg?v=1738761860,https://cdn.shopify.com/s/files/1/0002/7600/4882/files/ARMISTICE_01KADAUR04B3_NOIR_5.jpg?v=1738761876,https://cdn.shopify.com/s/files/1/0002/7600/4882/files/ARMISTICE_01KADAUR04B3_NOIR_3.jpg?v=1738761871]",SELECTION PAP LUXE,4,0.0,  Composition :  100% Synthétique 
6730315497568,Jupes Et Robes,,"[https://cdn.shopify.com/s/files/1/0002/7600/4882/files/1E22TIAN_BLEUNUIT_N1.jpg?v=1700475751,https://cdn.shopify.com/s/files/1/0002/7600/4882/files/1E22TIAN_BLEUNUIT_1.jpg?v=1700475751,https://cdn.shopify.com/s/files/1/0002/7600/4882/files/1E22TIAN_BLEUNUIT_2.jpg?v=1700475751,https://cdn.shopify.com/s/files/1/0002/7600/4882/files/1E22TIAN_BLEUNUIT_3.jpg?v=1700475751]",BA&SH,4,0.0,
6630150996064,Bottines,"1135, 1136, >100€, Diadora, SNEAKERS BAS","[https://cdn.shopify.com/s/files/1/0002/7600/4882/products/bottines-en-nubuck-marron-fonce-stella-luna-246658.jpg?v=1665733790,https://cdn.shopify.com/s/files/1/0002/7600/4882/products/bottines-en-nubuck-marron-fonce-stella-luna-276574.jpg?v=1665733790,https://cdn.shopify.com/s/files/1/0002/7600/4882/products/bottines-en-nubuck-marron-fonce-stella-luna-416795.jpg?v=1665733790,https://cdn.shopify.com/s/files/1/0002/7600/4882/products/bottines-en-nubuck-marron-fonce-stella-luna-922405.jpg?v=1665733790]",WHAT FOR,4,0.0, Bottines En Nubuck Marron Foncé - Stella Luna 
7213785317472,Chaussures,"Chaussures, Collection : Sélection PAP Luxe, dropshipping, SELECTIONPAPLUXE0425, Sélection PAP Luxe, Type : Chaussures","[https://cdn.shopify.com/s/files/1/0002/7600/4882/files/bottines-lacees-oversize_0f492b2a-5f8d-4340-9f91-d47b40c69a40.jpg?v=1726835011,https://cdn.shopify.com/s/files/1/0002/7600/4882/files/bottines-lacees-oversize.jpg?v=1738164189,https://cdn.shopify.com/s/files/1/0002/7600/4882/files/bottines-lacees-oversize_0d43a184-3e14-4315-80e2-866743c6e0c1.jpg?v=1738164189,https://cdn.shopify.com/s/files/1/0002/7600/4882/files/bottines-lacees-oversize_a958afd8-1bbc-4d2c-b34e-0a06c889b287.jpg?v=1738164189]",SELECTION PAP LUXE,4,0.0,  Composition :  100% cuir de veau 
15307335500155,Vestes,"S, seo-generated-metafields20251207, Type Vestes, Vestes, XS, XS, Collection : Lily Studio, dropshipping, Lily Studio, LILYSTUDIO1225","[https://cdn.shopify.com/s/files/1/0002/7600/4882/files/120354C1219412_4.jpg?v=1765003706,https://cdn.shopify.com/s/files/1/0002/7600/4882/files/120354C1219412_5.jpg?v=1765003706,https://cdn.shopify.com/s/files/1/0002/7600/4882/files/120354C1219412_2.jpg?v=1765003706,https://cdn.shopify.com/s/files/1/0002/7600/4882/files/120354C1219412_7.jpg?v=1765003706,https://cdn.shopify.com/s/files/1/0002/7600/4882/files/120354C1219412_1.jpg?v=1765003706,https://cdn.shopify.com/s/files/1/0002/7600/4882/files/120354C1219412_3.jpg?v=1765003706,https://cdn.shopify.com/s/files/1/0002/7600/4882/files/120354C1219412_6.jpg?v=1765003706,https://cdn.shopify.com/s/files/1/0002/7600/4882/files/120354C1219412_8.jpg?v=1765003706]",LILY STUDIO,4,0.0, lily loose short print sweater 
15321208062331,Robes,">100€, no-search, SONIARYKIEL1225",[],SONIA RYKIEL,4,0.0,
15066705297787,T-Shirts,"no-search, >100€, ANONYMAPPAREL0525","[https://cdn.shopify.com/s/files/1/0002/7600/4882/files/Esmee_Framboiseflamme_3.jpg?v=1746547156,https://cdn.shopify.com/s/files/1/0002/7600/4882/files/Esmee_Framboiseflamme_4.jpg?v=1746547156,https://cdn.shopify.com/s/files/1/0002/7600/4882/files/Esmee_Framboiseflamme_2.jpg?v=1746547156,https://cdn.shopify.com/s/files/1/0002/7600/4882/files/Esmee_Framboiseflamme_1.jpg?v=1746547157]",ANONYM APPAREL,4,0.0, T-shirt col V en jersey flammé à manches amples 
6938911670368,,"dispeo, L, M, S, Type :, XL, >100€, Balmain, BALMAIN0424, Collection : Balmain",[],BALMAIN,4,0.0, KNITTED SAILOR PULLOVER W/ BADGE 
6730327326816,Jupes Et Robes,,"[https://cdn.shopify.com/s/files/1/0002/7600/4882/files/1H22GAME_NOIR_3.jpg?v=1700475890,https://cdn.shopify.com/s/files/1/0002/7600/4882/files/1H22GAME_NOIR_4.jpg?v=1700475890,https://cdn.shopify.com/s/files/1/0002/7600/4882/files/1H22GAME_NOIR_1.jpg?v=1700475890,https://cdn.shopify.com/s/files/1/0002/7600/4882/files/1H22GAME_NOIR_2.jpg?v=1700475890]",BA&SH,4,0.0,
15197664608635,JACKET,,[],IRO,4,0.0,
15290178830715,Chemises / Blouses,">100€, ARCHIVE, FIVEXTB0925, FIVEXTB112025, H24, mat:100% COTON, OH","[https://cdn.shopify.com/s/files/1/0002/7600/4882/files/CLARISSE72460-NAVY_66b1f5ff-d59c-48d0-826b-24148a1339fb.jpg?v=1763461498,https://cdn.shopify.com/s/files/1/0002/7600/4882/files/CLARISSENavy-2448869_d423f61f-16e6-4df6-82e2-11d03144bb0c.jpg?v=1763461499,https://cdn.shopify.com/s/files/1/0002/7600/4882/files/CLARISSENavy-2448860_71aa8e13-41b4-4ff3-8762-bccc8da201e5.jpg?v=1763461499,https://cdn.shopify.com/s/files/1/0002/7600/4882/files/CLARISSENavy-2448864_b04f9a04-126f-45a4-adaa-f1b05baf47da.jpg?v=1763461500,https://cdn.shopify.com/s/files/1/0002/7600/4882/files/CLARISSENavy-2448854_eea73027-c9d0-4775-ac77-e8b62b4af467.jpg?v=1763461499,https://cdn.shopify.com/s/files/1/0002/7600/4882/files/CLARISSENavy-2448858_d93bde54-08d7-49a1-9e3c-812b366ec21b.jpg?v=1763461499]",FIVE JEANS,5,0.0,"  Chemise en popeline   
 
 Coupe droite 
 Se ferme par une patte de boutonnage sur le devant avec des boutons 
 Col libre 
 Manches longues 
 Poches sur le devant 
 
 Notre mannequin porte une taille S "
6637154173024,Pulls Col Rond,"Collection : Perfect Cashmere, dropshipping, Femme, L, M, Perfect Cashmere, Pulls Col Rond, S, target2sell:2022-11-29 07:45:00, Type : Pulls Col Rond, XL","[https://cdn.shopify.com/s/files/1/0002/7600/4882/products/pull-chauve-souris-molly-marine-jersey-100-cachemire-2-fils-femme-741629.jpg?v=1669754497,https://cdn.shopify.com/s/files/1/0002/7600/4882/products/pull-chauve-souris-molly-marine-jersey-100-cachemire-2-fils-femme-830456.jpg?v=1669754497,https://cdn.shopify.com/s/files/1/0002/7600/4882/products/pull-chauve-souris-molly-marine-jersey-100-cachemire-2-fils-femme-687647.jpg?v=1669754497,https://cdn.shopify.com/s/files/1/0002/7600/4882/products/pull-chauve-souris-molly-marine-jersey-100-cachemire-2-fils-femme-531115.jpg?v=1669754497,https://cdn.shopify.com/s/files/1/0002/7600/4882/products/pull-chauve-souris-molly-marine-jersey-100-cachemire-2-fils-femme-452010.jpg?v=1669754497]",PERFECT CASHMERE,5,0.0," Pull Chauve Souris Molly Marine, Jersey, 100% Cachemire , 2 Fils - Femme   La mannequin porte une taille M.    Composition :  100% Cachemire , 2 Fils   Entretien :  Lavage à la main ou en machine en « programme laine », à l’eau froide, avec très peu de lessive adaptée à la laine. Ne pas utiliser d’adoucissant. Essorage sur le mode « 500 tours » et faire sécher à plat sur une serviette. Si le produit présente des boutons, zips ou autres accessoires, il est recommandé de le laver à l'envers. Enfin, le repasser au fer doux sans tirer ou le déformer. "
6569134784608,LINGERIE,"38, 40, 42, LINGERIE, Naelie, naelietaille",[https://cdn.shopify.com/s/files/1/0002/7600/4882/products/culotte-jersey-et-tulle-chiara-st-noir-lingerie-naelie-930615.jpg?v=1629300933],NAELIE,5,0.0, Culotte Jersey Et Tulle   Composition :  73% POLYAMIDE 27% ELASTHANE   Conseils d'Entretien :  30C MACINE / SECHAGE A FROID 
6664995307616,Bracelets,"recherche1:Accessoires, recherche2:Bijoux, SRPFINALRETOUR0923, TU, Type : Bracelets, 6230688, Bracelets, Collection : Mya bay, dropshipping, eligibility, INACTIF, Mya bay, MyaBay0623","[https://cdn.shopify.com/s/files/1/0002/7600/4882/files/BR-190-G_2.jpg?v=1687447694,https://cdn.shopify.com/s/files/1/0002/7600/4882/products/BR-190-G.jpg?v=1687447694,https://cdn.shopify.com/s/files/1/0002/7600/4882/products/BR-190-G_20_5.jpg?v=1687447694,https://cdn.shopify.com/s/files/1/0002/7600/4882/products/BR-190-G_20_3.jpg?v=1687447694,https://cdn.shopify.com/s/files/1/0002/7600/4882/products/BR-190-G_20_4.jpg?v=1687447694]",MYA BAY,5,6.666666666666667," Ce bracelet BANDANA BREATHE est la tendance 2021. Clin d'œil aux années 60 et à la mode hippie, un imprimé originaire de Perse représentant la rosée des plantes enlacées avec un cyprès. Il reste aujourd'hui un symbole d'unité. 

 Des perles carrées avec les lettres BREATHE aux couleurs acidulées sont enfilées à ce bandana rouge. 

 Il est ajustable grâce à son noeud coulissant; facile et léger à porter, il vous accompagnera dans toutes vos aventures! 

 Psst: il s'accorde parfaitement avec les autres   bracelets MYA BAY   et le collier   collier RED   ou   BLACK BANDANA.     Composition :  Doré à l'argent ou à l'or fin 18 carats 
  Conseil d'entretien :   L’eau ne fait pas bon ménage avec les bijoux de fantaisie alors on les essuie après un passage dans l’eau douce et on évite les baignades prolongées dans la mer et on bannit nos bijoux dans les piscines ! "
6664298594400,Parure De Couette,"recherche2:Literie, Type : Parure De Couette, 240x220, 6230050, Baton Rouge, Collection : Baton Rouge, dispeo, INACTIF, Parure De Couette, recherche1:Lifestyle","[https://cdn.shopify.com/s/files/1/0002/7600/4882/files/134018_2.jpg?v=1686762034,https://cdn.shopify.com/s/files/1/0002/7600/4882/files/134018_3.jpg?v=1686762033,https://cdn.shopify.com/s/files/1/0002/7600/4882/files/134018_1.jpg?v=1686762033]",BATON ROUGE,5,0.0," PARURE DE COUETTE 3 PCS 220X240CM 100% COTON 57 FILS   
 Parure de lit comprenant : 1 x housse de couette 220x240cm + 2 x taies d'oreiller 63x63cm  MATIERE : En coton, un tissu souple et résistant de qualité supérieure grace à son tissage ultra serré (57 fils/cm2) constitué de fils de coton. Plus le nombre de fils/cm2 est élevé, plus le tissage est de qualité.  Caractéristiques de la housse de couette et de la taie d'oreiller :  Pur coton (57 fils/cm2)  Finition : housse de couette bouteille,  Housse de couette et taie díoreiller lavable 40°C  Laver et repasser sur líenvers afin de protéger les couleurs  Produit certifié Oeko-Tex@ : Le label Oeko-Tex@garantit que les articles testés et certifiés ne présentent pas de substances nocives substances pouvant nuire à la santé. "
7136528728160,Sandales,"Collection : The Selection, dropshipping, RELANCEYOOX260724, Sandales, The Selection, Type : Sandales, YOOXSHOES0614V2","[https://cdn.shopify.com/s/files/1/0002/7600/4882/files/11863345GU_14_D.jpg?v=1719582117,https://cdn.shopify.com/s/files/1/0002/7600/4882/files/11863345GU_14_E.jpg?v=1719582122,https://cdn.shopify.com/s/files/1/0002/7600/4882/files/11863345GU_14_R.jpg?v=1719582127,https://cdn.shopify.com/s/files/1/0002/7600/4882/files/11863345GU_14_F.jpg?v=1719842546]",THE SELECTION,5,83.250000000000014, suede effect no appliqués solid color buckle fastening round toeline stiletto heel leather lining leather sole contains non-textile parts of animal origin   Composition :  Cuir 
6682763526240,Vestes Et Manteaux,"40, Collection : Zapa, dropshipping, recherche1:Prêt-À-Porter, recherche2:Manteaux, Type : Vestes Et Manteaux, Vestes Et Manteaux, Zapa, ZAPA0124, 1240819, 34, 36, 38","[https://cdn.shopify.com/s/files/1/0002/7600/4882/files/products_27975754_image3_original.jpg?v=1696351835,https://cdn.shopify.com/s/files/1/0002/7600/4882/files/products_27975754_image2_original.jpg?v=1696351835,https://cdn.shopify.com/s/files/1/0002/7600/4882/files/products_27975754_image5_original.jpg?v=1696351835,https://cdn.shopify.com/s/files/1/0002/7600/4882/files/products_27975754_image4_original.jpg?v=1696351835,https://cdn.shopify.com/s/files/1/0002/7600/4882/files/products_27975754_image1_original.jpg?v=1696351835]",ZAPA,5,3204.1735537190084," Manteau en  laine  mélangée. 
Col tailleur. 
Manches longues avec languettes. 
2 poches. 
Pattes aux épaules. 
Fermeture boutonnée. 
  Coloris  : anthracite chiné 
 Matière  : 75% laine, 20% polyamide et 5% autres fibres 
 Entretien  : lavage à 30°C 
   Entretien et impact environnemental :    
Si votre produit contient des fibres synthétiques, il est recommandé d'en limiter le lavage. Les textiles composés en majorité de fibres synthétiques rejettent des microfibres plastiques dans l’environnement lors du passage en machine. Pour réduire cet impact, vous pouvez utiliser un sac de lavage éco-responsable qui capturera les microfibres, évitant ainsi leur diffusion dans les eaux usées. "
7233355579488,Sacs,"Collection : Draeger, Draeger, DRAEGER1024, dropshipping, numerodelavente, recherche1:Accessoires, recherche2:Sacs, Sacs, TU, Type : Sacs","[https://cdn.shopify.com/s/files/1/0002/7600/4882/files/62005448_02.jpg?v=1730192350,https://cdn.shopify.com/s/files/1/0002/7600/4882/files/62005448_03.jpg?v=1730192354,https://cdn.shopify.com/s/files/1/0002/7600/4882/files/62005448_04.jpg?v=1730192359,https://cdn.shopify.com/s/files/1/0002/7600/4882/files/62005448_01.jpg?v=1730192346]",DRAEGER,5,0.0, Découvrez le Sac Bourse Anna Noir qui vous accompagnera avec classe au quotidien ! Sa couleur noire classique et intemporelle fait de lui un must-have dans votre garde-robe. 
7229889183840,Manteaux,"34, 36, 38, 40, 42, 44, 46, Collection : zapa, dropshipping, Manteaux, numerodevente, recherche1:Prêt-À-Porter, recherche2:Manteaux, Type : Manteaux, zapa, ZAPA0125","[https://cdn.shopify.com/s/files/1/0002/7600/4882/files/UPAR04U51524H_99_5.jpeg?v=1729630068,https://cdn.shopify.com/s/files/1/0002/7600/4882/files/UPAR04U51524H_99_4.jpeg?v=1729630066,https://cdn.shopify.com/s/files/1/0002/7600/4882/files/UPAR04U51524H_99_3.jpeg?v=1729630064,https://cdn.shopify.com/s/files/1/0002/7600/4882/files/UPAR04U51524H_99_1.jpeg?v=1729630059,https://cdn.shopify.com/s/files/1/0002/7600/4882/files/UPAR04U51524H_99_2.jpeg?v=1729630061]",ZAPA,5,1158.3285123966944,"Restez au chaud avec la parka Parson. Dotée d'une capuche avec fourrure véritable et d'un col montant, elle plaît par sa sobriété et sa simplicité. 
On aime lui donner un air de montagne en l'accessoirisant de lunettes de soleil.  
 
 
	 Parka mi-longue 
	 Fourrure véritable amovible 
	 Fermeture par zip sous patte pressionnée 
	 Poignets en bords-côte 
	 Grandes poches à rabat pressionné 
	 Coloris noir 
	 Longueur = 82 cm 
 "
7046353911904,Décoration,"Décoration, numerodevente, TU, Type : Décoration, Bazar Bizar, BAZARBIZAR0525, Collection : Bazar Bizar, dropshipping",[https://cdn.shopify.com/s/files/1/0002/7600/4882/files/0012677_babe001b-l.jpg?v=1716391258],BAZAR BIZAR,5,0.0," ✨Tombez amoureux de notre délicat panier perlé fait main qui a une belle esthétique qui embellira n'importe quel coin de la maison que ce soit dans une chambre, une salle de bain, un dressing, une cuisine ou un salon. Ou simplement les placer sur une étagère comme un bel objet de décoration boho chic. Grâce à ces paniers, vous pouvez facilement ranger vos articles de toilette, votre maquillage ou d'autres objets dans n'importe quelle pièce. Un véritable accroche-regard pour votre intérieur ! "
15281098948987,Prêt-À-Porter,"S, Type : Prêt-À-Porter, XS, Bensimon, BENSIMON1125, Collection : Bensimon, dropshipping, L, M, no-search, numerodevente, Prêt-À-Porter","[https://cdn.shopify.com/s/files/1/0002/7600/4882/files/F08792B14223_0814_20_3.jpg?v=1762173289,https://cdn.shopify.com/s/files/1/0002/7600/4882/files/F08792B14223_0814_20_5.jpg?v=1762173296,https://cdn.shopify.com/s/files/1/0002/7600/4882/files/F08792B14223_0814_20_4.jpg?v=1762173292,https://cdn.shopify.com/s/files/1/0002/7600/4882/files/F08792B14223_0814_20_2.jpg?v=1762173285,https://cdn.shopify.com/s/files/1/0002/7600/4882/files/F08792B14223_0814_20_1.jpg?v=1762173281]",BENSIMON,5,112.49166666666667,"En  moss knit , ce  pull Kacime  arbore une encolure ronde et un fin travail de côtes qui mettent en valeur son design élégant. Les jeux de tressage sur le devant et au niveau des manches ajoutent une touche de sophistication, tandis que la douceur de sa matière vous garantit un confort optimal tout l'hiver.  Idéal pour vos journées décontractées ou vos soirées entre amis, ce pull se marie parfaitement avec un jean ajusté ou une jupe fluide pour une silhouette moderne et raffinée.  Une  création  Bensimon qui combine chaleur et style intemporel 🌟  Composition : 32% laine, 32% mohair, 33% polyamide, 3% élasthanne"
15303542833531,Blouses,"8A, Blouses, Collection : Maison Marelle, dropshipping, Maison Marelle, MAISONMARELLE1125, seo-generated-metafields20251128, Type : Blouses, Type : Blouses, 24M, 3A, 4A, 5A, 6A","[https://cdn.shopify.com/s/files/1/0002/7600/4882/files/image_1920_bbd0a341-6227-4298-82cb-963b46e62b09.webp?v=1764084585,https://cdn.shopify.com/s/files/1/0002/7600/4882/files/image_1920_7fc316ae-c43d-4d94-a308-33fd2d92add6.webp?v=1764083343,https://cdn.shopify.com/s/files/1/0002/7600/4882/files/image_1920_568e38ba-b63b-41dd-9166-3610c2ef3964.webp?v=1764083340,https://cdn.shopify.com/s/files/1/0002/7600/4882/files/image_1920_73718195-c0ee-4f6e-8acf-1fe38c15a8fd.webp?v=1764083348,https://cdn.shopify.com/s/files/1/0002/7600/4882/files/image_1920_f398f818-4bf4-4a69-a9b8-81b15a46d380.webp?v=1764083345,https://cdn.shopify.com/s/files/1/0002/7600/4882/files/image_1920_a07ccbf8-8eb7-4de0-8636-f7e16da29649.webp?v=1764084585]",MAISON MARELLE,5,233.26535812672179," MONCEAU : Blouse iconique de la maison; elle se démarque grâce à son joli col rond sur le devant et col marin au dos  détails : tissu en coton organique , tout doux, toucher flanelle, col marin au dos, manches longues   Conseil taille: prendre la taille habituelle de l’enfant (taille normalement)   Conseil  look: s’associe à merveille avec nos bloomers à bretelles ou shorts courts "
15311105884539,Mitaines,"dropshipping, Mitaines, numerodevente, seo-generated-metafields20251215, Type : Mitaines, Type : Mitaines, 1, 2, Agnelle, AGNELLE1225, Collection : Agnelle",[https://cdn.shopify.com/s/files/1/0002/7600/4882/files/GEMMA_MIT-Noir_Evergreen.jpg?v=1765534285],AGNELLE,5,112.49166666666667," Mitaines  en  cuir agneau , cette pièce se distingue par son raffinement et sa doublure en soie. Chaque détail a été pensé pour garantir une sensation de douceur et de confort, tandis que l'applique en cuir ajoute une touche d'élégance à vos tenues.  Idéales pour apporter une note chic à vos sorties, ces mitaines se marient parfaitement avec un manteau d'hiver ou une veste en cuir, vous permettant de rester belle tout en vous protégeant du froid.  Agnelle signe ici une  pièce  que TheBradery a mise en avant pour sa qualité artisanale et son style intemporel 🌟  Composition : Cuir agneau, doublure en soie"
15093480685947,Sneakers,"Converse, Sneakers, STOCKLYCONVERSE0625, STOCKLYVISUELS0625, >100€","[https://cdn.shopify.com/s/files/1/0002/7600/4882/files/converse_7Ca07585c_Image_2_C2.jpg?v=1749123290,https://cdn.shopify.com/s/files/1/0002/7600/4882/files/converse_7Ca07585c_Image_1_C2.jpg?v=1749123285]",CONVERSE,5,0.0," Style emblématique, confort supplémentaire et couleurs faciles à associer : cette édition du Run Star Legacy CX appartient à
forte rotation. "
6602207068256,Accessoires,"55c, 57c, Accessoires, dropshipping, Rylee and cru",[],OLD VENDOR,5,166.65431513345078, Chapeau d'éleveur classique pour femme avec ruban de velours.   Composition :  100% laine douce 
6627166781536,Pulls & Sweats,"0312127, Collection : Maison Kitsuné, dropshipping, eligibility, Femme, L, M, Maison Kitsuné, Pulls & Sweats, recherche1:Prêt-à-porter, recherche2:Pulls, S, Type : Pulls & Sweats, XL, XS","[https://cdn.shopify.com/s/files/1/0002/7600/4882/products/maison-kitsune-dw00503kt1006-h251.jpg?v=1678378071,https://cdn.shopify.com/s/files/1/0002/7600/4882/products/maison-kitsune-dw00503kt1006-h251-2.jpg?v=1678378078,https://cdn.shopify.com/s/files/1/0002/7600/4882/products/maison-kitsune-dw00503kt1006-h251-3.jpg?v=1678378081,https://cdn.shopify.com/s/files/1/0002/7600/4882/products/maison-kitsune-dw00503kt1006-h251-1.jpg?v=1678378075,https://cdn.shopify.com/s/files/1/0002/7600/4882/products/maison-kitsune-dw00503kt1006-h251-4.jpg?v=1678378085]",MAISON KITSUNE,5,2195.8126721763088,"    🏆   Best In Class - Marques avec qui nous avons l’habitude de travailler, qui vous livrent rapidement des produits que vous adorez !    Pull-over col montant oversize en laine côtelée

- Pull-over en laine côtelée
- Col montant
- Coupe oversize
- Côte de maille anglaise bicolore finition feutrée
- Ruban en silicone Maison Kitsuné au verso
- Coupe oversize ajustée à la taille et aux poignets   Composition :   Monoensemble = 100% Laine   Entretien :  Lavage à la main, Pas de blanchiment, Pas de séchage en tambour, Repassage au fer froid, Pas d’entretien à sec "
15304521744763,Sacs,"Type : Sacs, Type : Sacs, Cahu, CAHU1225, Collection : Cahu, dropshipping, numerodevente, Sacs, seo-generated-metafields20251218, TU","[https://cdn.shopify.com/s/files/1/0002/7600/4882/files/PRATIQUEBIGOUTPVC-ZOOMZIP-CREAMLIGHTGREY_8e307566-2f1f-4bef-b32d-deda1a0a0d34.jpg?v=1764695929,https://cdn.shopify.com/s/files/1/0002/7600/4882/files/PRATIQUEBIGOUTPVC-ZOOMZIP-2-CREAMLIGHTGREY_09602f45-64bc-4c9b-87eb-34aa58acb091.jpg?v=1764695929,https://cdn.shopify.com/s/files/1/0002/7600/4882/files/SHOOTPORTE-ALEXPOMMIER-PRATIQUESCREAMLIGHTGREY.jpg?v=1764695929,https://cdn.shopify.com/s/files/1/0002/7600/4882/files/CAHU-SACCABAS-PRATIQUEBIGOUTPVC-S-PVCCREAMLIGHTGREY-FACE.jpg?v=1764695929]",CAHU,5,0.0,"Ce  sac  en  toile PVC  se distingue par son audace et sa polyvalence. Avec ses deux teintes, il allie fonctionnalité et style, parfait pour toutes les occasions. Sa conception robuste et résistante à l'eau assure une longévité optimale.  Idéal pour une sortie citadine ou une journée à la plage, ce sac pratique s'adapte à toutes vos envies tout en apportant une touche d'originalité à votre tenue.  Une  création  Cahu que TheBradery a soigneusement sélectionnée pour sa qualité et son design unique ✨  Composition : Toiles PVC résistantes"
15036651700603,Shorts,"L, R322, Shorts, Type : Shorts, XS, 254252226, Collection : Kari Traa, dropshipping, JEVASOWH, Kari Traa, KARITRAA0425","[https://cdn.shopify.com/s/files/1/0002/7600/4882/files/623421_Murk_Product_1.jpg?v=1745075443,https://cdn.shopify.com/s/files/1/0002/7600/4882/files/623421_Murk_Product_1_1.jpg?v=1745075442,https://cdn.shopify.com/s/files/1/0002/7600/4882/files/623421_Murk_Model_2.jpg?v=1745075443,https://cdn.shopify.com/s/files/1/0002/7600/4882/files/623421_Murk_Model_1.jpg?v=1745554157]",KARI TRAA,5,24.75, Short court training 
6577068441696,SWIMWEAR,"eligibility, L, M, RVCA, rvcataille, S, SWIMWEAR, XS",[https://cdn.shopify.com/s/files/1/0002/7600/4882/products/sage-floral-cheeky-swimwear-rvca-470877.jpg?v=1633948933],RVCA,5,0.0, R 
7228315304032,Blazers,"Blazers, BRUNELLO CUCINELLI, YOOX1024",[https://cdn.shopify.com/s/files/1/0002/7600/4882/files/16052139DC_2.jpg?v=1729250857],BRUNELLO CUCINELLI,5,0.0,
14875415675259,Gilets,"M, recherche1:Prêt-À-Porter, recherche2:Gilets, S, Type : Gilets, Absolut Cashmere, ABSOLUTCASHMERE1224, dropshipping, Gilets","[https://cdn.shopify.com/s/files/1/0002/7600/4882/files/ABSOLUT_CASHMERE-ECOM-20240110-JOUR_2-ACF172004C_BELINDA_Grischineclair-07.jpg?v=1735024401,https://cdn.shopify.com/s/files/1/0002/7600/4882/files/ABSOLUT_CASHMERE-ECOM-20240110-JOUR_2-ACF172004C_BELINDA_Grischineclair-029.jpg?v=1735024717,https://cdn.shopify.com/s/files/1/0002/7600/4882/files/ABSOLUT_CASHMERE-ECOM-20240110-JOUR_2-ACF172004C_BELINDA_Grischineclair-09.jpg?v=1735024481,https://cdn.shopify.com/s/files/1/0002/7600/4882/files/ABSOLUT_CASHMERE-ECOM-20240110-JOUR_2-ACF172004C_BELINDA_Grischineclair-015.jpg?v=1735024560,https://cdn.shopify.com/s/files/1/0002/7600/4882/files/ABSOLUT_CASHMERE-ECOM-20240110-JOUR_2-ACF172004C_BELINDA_Grischineclair-030.jpg?v=1735024830,https://cdn.shopify.com/s/files/1/0002/7600/4882/files/ABSOLUT_CASHMERE-ECOM-20240110-JOUR_2-ACF172004C_BELINDA_Grischineclair-028.jpg?v=1735024629,https://cdn.shopify.com/s/files/1/0002/7600/4882/files/ABSOLUT_CASHMERE-ECOM-20240110-JOUR_2-ACF172004C_BELINDA_Grischineclair-024.jpg?v=1734692188]",ABSOLUT CASHMERE,5,116.58333333333334, Cargigan Cache Coeur Ml 
7228395880544,Shirts,"Shirts, TOMMY HILFIGER, YOOX1024",[https://cdn.shopify.com/s/files/1/0002/7600/4882/files/12852969TS_2.jpg?v=1729251326],TOMMY HILFIGER,5,0.0,
6643721076832,Nouveautés salon,"6y, 8y, Nouveautés salon, The Animals Observatory, 2y, 3y, 4y","[https://cdn.shopify.com/s/files/1/0002/7600/4882/products/S21009_221_AB-6.jpg?v=1674040018,https://cdn.shopify.com/s/files/1/0002/7600/4882/products/S21009_221_AB-4.jpg?v=1674040014,https://cdn.shopify.com/s/files/1/0002/7600/4882/products/S21009_221_AB-2.jpg?v=1674040023,https://cdn.shopify.com/s/files/1/0002/7600/4882/products/S21009_221_AB-1.jpg?v=1674040020]",THEANIMALSOBSERVATORY1,5,0.0, Swimwear Puppy Kids Swimsuit White Squares 
7228386672736,Pants,"Pants, STEVE MADDEN, YOOX1024",[https://cdn.shopify.com/s/files/1/0002/7600/4882/files/13863178PM_2.jpg?v=1729251279],STEVE MADDEN,5,0.0,
15310102692219,JUMPER,"MAISONKITSUNE1225, MK1225, NONRETOURNABLE, ventephysique",[https://cdn.shopify.com/s/files/1/0002/7600/4882/files/Kisune_CC_81_d9c546cc-8f74-4a4d-a862-f5aac7e46a0c.png?v=1765299082],MAISON KITSUNE,5,70.833333333333343,
15041608810875,Bagues,"TU, Type : Bagues, Bagues, Collection : Moode, dropshipping, meta_seo_processed, Moode, MOODE1025","[https://cdn.shopify.com/s/files/1/0002/7600/4882/files/KBBO41297J.jpg?v=1744632793,https://cdn.shopify.com/s/files/1/0002/7600/4882/files/KBBO41297J_20_2.jpg?v=1744632796]",MOODE,5,182.62293388429757,  Matière :  Acier inoxydable 
14875872035195,Mules,"CHAUSSURESLUXE0125, dropshipping, Luxury Shoes, LUXURYSHOES0125, Mules Et Sandales, numerodevente, Type : Mules Et Sandales, 36, 37, 38, 39, 41","[https://cdn.shopify.com/s/files/1/0002/7600/4882/files/Captured_ecran2025-01-17a17.23.17.png?v=1737131095,https://cdn.shopify.com/s/files/1/0002/7600/4882/files/Captured_ecran2025-01-17a17.24.24.png?v=1737131095,https://cdn.shopify.com/s/files/1/0002/7600/4882/files/Captured_ecran2025-01-17a17.23.37.png?v=1737131095,https://cdn.shopify.com/s/files/1/0002/7600/4882/files/Captured_ecran2025-01-17a17.24.36.png?v=1737131086,https://cdn.shopify.com/s/files/1/0002/7600/4882/files/Captured_ecran2025-01-17a17.23.48.png?v=1737131095]",LUXURY SHOES,5,0.0,
7228345843808,Sneakers,"GIUSEPPE ZANOTTI, Sneakers, YOOX1024",[https://cdn.shopify.com/s/files/1/0002/7600/4882/files/17275520AC_2.jpg?v=1729251001],GIUSEPPE ZANOTTI,5,0.0,
6748569731168,WOVEN,,[],THEORY NYC,5,0.0,
14881860321659,Accessoires,"couleur:Composition, dropshipping, PERFECTCASHMERE0325, recherche1:Accessoires, recherche2:Autres accessoires, TU, Type : Accessoires, 63250137, Accessoires, Authentic Cashmere, Collection : Authentic Cashmere","[https://cdn.shopify.com/s/files/1/0002/7600/4882/files/AUTHCASHMERE-5030_20_3.jpg?v=1736248324,https://cdn.shopify.com/s/files/1/0002/7600/4882/files/AUTHCASHMERE-5030_20_4.jpg?v=1736248333,https://cdn.shopify.com/s/files/1/0002/7600/4882/files/AUTHCASHMERE-5030_20_1.jpg?v=1736248310,https://cdn.shopify.com/s/files/1/0002/7600/4882/files/AUTHCASHMERE-5030_20_2.jpg?v=1736248315]",AUTHENTIC CASHMERE,5,186.63615702479342, Écharpe Vaymont - Jersey - Ocean Chiné 
15234095022459,Bagues,"50 mm, 51 mm, 52 mm, 53 mm, 54 mm, 56 mm, 58 mm, 60 mm, 62 mm, 64 mm, 66 mm, 68 mm, Bagues, Collection : Oro Di Oro, dropshipping, Oro Di Oro, ORODIORO0925, resize1, Type : Bagues, 251648144589, 48 mm, 49 mm",[https://cdn.shopify.com/s/files/1/0002/7600/4882/files/BR95994J.jpg?v=1757928052],ORO DI ORO,5,62.416666666666671, Or Jaune 375/1000 
6659649044576,,TBxJizelle0523,"[https://cdn.shopify.com/s/files/1/0002/7600/4882/products/image_72104997-f9cd-441d-ae48-99fe9862bb38.jpg?v=1683644554,https://cdn.shopify.com/s/files/1/0002/7600/4882/products/image_5f7ae470-989d-4be3-bd29-144bc8a1a803.jpg?v=1683644554]",JIZELLEPARIS1,6,0.0," Les boucles qu'on attendait pour les fetes !  
 En laiton argenté et strasses style noeuds, des merveilles pour briller pour la fin de l'année ! 
 La longueur de la boucle est de 15 cm 
 vendues en paire 
 Eviter le contact avec les liquides "
4770627125344,Bracelets Et Joncs,"Bracelets, Merci Maman","[https://cdn.shopify.com/s/files/1/0002/7600/4882/products/mini-chains-bracelets-disque-argent-bracelets-merci-maman-769497.jpg?v=1607410164,https://cdn.shopify.com/s/files/1/0002/7600/4882/products/mini-chains-bracelets-disque-argent-bracelets-merci-maman-132976.jpg?v=1607410164,https://cdn.shopify.com/s/files/1/0002/7600/4882/products/mini-chains-bracelets-disque-argent-bracelets-merci-maman-925491.jpg?v=1607410164]",MERCI MAMAN,6,187.5,"   Les retours sur les bijoux personnalisés ne seront pas acceptés.  
  Dites-lui combien vous l’aimez sans dire un mot avec notre bracelet Mini Charm sur chaîne.  
  Quand on aime, on ne compte pas. Chaque petite attention que l’on porte est un témoignage de notre affection ; un regard bienveillant, une oreille attentive, un sourire sincère, un mot doux, un petit cadeau.  
 
  Argent 925  
  Longueur du bracelet : 18cm, ajustable à 16cm  
  Mini Charm: disque 7mm x 1mm  
  Possibilité de graver seulement 1 initiale  
  Fermoir sécurisé  
  Gravé à la main dans notre atelier parisien  
  Boîte cadeau offerte  
  Chaque variation de profondeur d'écriture, d'espace ou d'alignement, comme le montrent les différents exemples, font partie de l'esthétique et de l'originalité du bijou ou de l'accessoire  
 "
6625961410656,Chaussures Et Accessoires,"12A, 12M, 14A, 18M, 3M, 8A, <20€, Bébé Fille, Chaussures Et Accessoires, Collection : Tocoto Vintage, dropshipping, eligibility, resize2, target2sell:2022-09-13 07:45:00, Tocoto Vintage, Type : Chaussures Et Accessoires",[https://cdn.shopify.com/s/files/1/0002/7600/4882/products/W17TR_004.jpg?v=1662989042],TOCOTO VINTAGE,6,0.0,"  Collants Côtelés - Rose - Bébé    Composition :  12% Alpaga, 20% Laine Merinos, 26% Polyamide, 39% Acrylique, 3% Lycra "
6657249935456,Sacs,"9230602, Collection : Sequoia, dropshipping, INACTIF, Sacs, Sequoia, SEQUOIA0923, Type : Sacs",[https://cdn.shopify.com/s/files/1/0002/7600/4882/products/S42-123-BLEUFON-1.jpg?v=1681702454],SEQUOIA,6,212.49311294765843,  Matière extérieur :  Refente de cuir de vachette  Matière intérieur :  Textile   Dimensions :  25.0x16.0x10.5 cm 
6682943488096,Petite Maroquinerie,"dropshipping, Femme, INACTIF, langshop, Le Tanneur, LETANNEUR1023, Petite Maroquinerie, recherche1:Accessoires, recherche2:Petite Maroquinerie, Type : Petite Maroquinerie, 10230262, Collection : Le Tanneur, Default Title","[https://cdn.shopify.com/s/files/1/0002/7600/4882/files/products_28175507_image2_original.jpg?v=1696405314,https://cdn.shopify.com/s/files/1/0002/7600/4882/files/products_28175507_image5_original.jpg?v=1696405313,https://cdn.shopify.com/s/files/1/0002/7600/4882/files/products_28175507_image3_original.jpg?v=1696405314,https://cdn.shopify.com/s/files/1/0002/7600/4882/files/products_28175507_image1_original.jpg?v=1696405314,https://cdn.shopify.com/s/files/1/0002/7600/4882/files/products_28175507_image4_original.jpg?v=1696405314]",LE TANNEUR,6,116.50000000000001,"Portefeuille en  cuir . 
Multiples compartiments pour cartes et monnaie. 
Fermeture par rabat et pressionnée.  Coloris  : framboise 
 Matière  : 100% cuir de vachette pleine fleur  Dimensions  : 14,5 x 10 cm  

  Bon d’achat valable uniquement pour toute commande réalisée dans la vente Le Tanneur du 11/03/23 (08h00) au 12/03/23 (23h59). Bénéficiez de 15€ offerts dès 150€ d’achat avec le code LETANNEUR15, hors frais de port, ventes Voyages/ Billetterie/ Shop-it et hors produits proposés par des vendeurs partenaires. Bon d’achat personnel à usage unique, non échangeable, non remboursable et non cumulable avec d’autres offres en cours. "
6581957099616,Bodies Et Lingerie,,"[https://cdn.shopify.com/s/files/1/0002/7600/4882/products/brassiere-railey-fu6381-noir-femme-chemises-et-tops-bash-525426.jpg?v=1636405994,https://cdn.shopify.com/s/files/1/0002/7600/4882/products/brassiere-railey-fu6381-noir-femme-chemises-et-tops-bash-692248.jpg?v=1636398493]",BA&SH,6,275.0," ba&sh X Reebok 2 marques, 2 univers qui valsent sur le même tempo. La vision unificatrice de ba&sh et Reebok donne naissance à une collection libératrice. Faites entrer la danse dans votre vestiaire avec la brassière RAILEY ba&sh x Reebok, qui apportera une note freestyle à vos looks. Cette brassière à fines bretelles croisées dans le dos associe maintien et style urbain. On aime son imprimé marbré, qui dessine des lignes fluides et souligne chaque mouvement, et la signature de la collection capsule au dos. Une brassière imprimée ultra-légère et confortable.   - Brassière sport ba&sh x Reebok imprimée - Technologie Speedwick qui évacue l'humidité - Coussinets amovibles - 85% polyester recyclé, 15% élasthanne   Composition :  Tissu Principal : 15% Elasthanne 85% Polyester "
6711133962336,Vestes,"2XL, Authentic Cashmere, AUTHENTICCASHMERE0126, Collection : Authentic Cashmere, dropshipping, L, M, no-search, numerodevente, S, Type : Vestes, Vestes, XL, XL","[https://cdn.shopify.com/s/files/1/0002/7600/4882/files/AUTHCASHMERE-4103_20_2.jpg?v=1699373665,https://cdn.shopify.com/s/files/1/0002/7600/4882/files/AUTHCASHMERE-4103_20_4.jpg?v=1699373678,https://cdn.shopify.com/s/files/1/0002/7600/4882/files/AUTHCASHMERE-4103_20_1.jpg?v=1699373661,https://cdn.shopify.com/s/files/1/0002/7600/4882/files/AUTHCASHMERE-4103_20_3.jpg?v=1699373669]",AUTHENTIC CASHMERE,6,168.31666666666666,"Dotée d'une  élégance intemporelle , cette  veste longue  se distingue par sa confection en 100% cachemire 2 fils, offrant une douceur exceptionnelle. Sa teinte  sky  illumine toutes les silhouettes, contribuant à une allure raffinée. Avec sa coupe chic, ce  modèle Chésery  s'intègre facilement dans une garde-robe moderne, que ce soit pour des occasions formelles ou un style décontracté.  Polyvalente, cette pièce s'adapte à vos ensembles, se mariant aussi bien avec une robe fluide qu'avec un pantalon élégant. Son design épuré garantit une silhouette soignée, qu'il soit accessoirisé de talons fins ou de confortables baskets.  Authentic Cashmere vous propose une  création  que TheBradery a sélectionnée pour son confort inégalé et sa qualité premium 💫  Composition : 100% Cachemire 2 Fils"
7219430981728,Robes,"couleur:Ocre, dropshipping, L-XL, no-search, Pain de Sucre, PAINDESUCRE1024, recherche1:Prêt-À-Porter, recherche2:Robes, Robes, S-M, Type : Robes","[https://cdn.shopify.com/s/files/1/0002/7600/4882/files/PDS_E24_AZORA_98_OCRE_2.jpg?v=1727790932,https://cdn.shopify.com/s/files/1/0002/7600/4882/files/PDS_E24_AZORA_98_OCRE_4.jpg?v=1727790932,https://cdn.shopify.com/s/files/1/0002/7600/4882/files/PDS_E24_AZORA_98_OCRE_1.jpg?v=1727790932,https://cdn.shopify.com/s/files/1/0002/7600/4882/files/PDS_E24_AZORA_98_OCRE_3.jpg?v=1727790932]",PAIN DE SUCRE,6,0.0,"✨ Le caftan Azora, rehaussé d'un ocre lumineux, présente une silhouette aérienne avec son décolleté séduisant et ses manches courtes kimono. Confectionné en voile léger, ce vêtement est ajustable à la taille grâce à un cordon à pompons torsadé, offrant une allure élégante et raffinée.  🧵 Composition : 100% polyester, garantissant une légèreté et une fluidité exceptionnelles pour une pièce aussi délicate qu’un souffle d’été brésilien."
6658310439008,Tees,"tee, boy, FW22, girl, kid, kids, newsociety0423, shirt, spo-default, spo-disabled, spo-notify-me-disabled, T-SHIRT","[https://cdn.shopify.com/s/files/1/0002/7600/4882/products/MOONTEEFRONT.jpg?v=1682588194,https://cdn.shopify.com/s/files/1/0002/7600/4882/products/MOONTEEBACK.jpg?v=1682588194,https://cdn.shopify.com/s/files/1/0002/7600/4882/products/COSMOSOVERSHIRT_COSMOSPANT_MOONTEESAND_CLAUDIAHATECRU_COSMOSSTARLOGOBAG_3_1888d9e0-8768-4e3b-beb5-8c0bb5d5e483.jpg?v=1682588194]",WE ARE THE NEW SOCIETY,6,0.0," 
 Basic Tee round neck long sleeve with our positional Moon print printed in Navy. 
 
 
 
 Origin and composition 
 100% Organic Cotton. Made in Portugal. 
 
 
 Care instructions 
 Machine wash 30º 
 Do not bleach 
 Do not tumble dry  
 Iron medium temperature 
 Do not dry clean 
 
 
   "
4707513270368,Beachwear,La Plage,"[https://cdn.shopify.com/s/files/1/0002/7600/4882/products/robe-courte-anyway-popp-eau-douce-robe-eres-226332.jpg?v=1600394761,https://cdn.shopify.com/s/files/1/0002/7600/4882/products/robe-courte-anyway-popp-eau-douce-robe-eres-994280.jpg?v=1600394761,https://cdn.shopify.com/s/files/1/0002/7600/4882/products/robe-courte-anyway-popp-eau-douce-robe-eres-589223.jpg?v=1600394761]",ERES,6,90.833333333333343," Composition : Tissu Principal:100% Coton  
 

Conseils d'entretien :
•        Laver à 30 degrés maximum. Pour les matières telles que la soie ou les dentelles fines nous vous conseillons un lavage main.
•        Placer la pièce dans  un pochon destiné au lavage en machine.
•        Privilégier un lavage par coloris.
•        Eviter une utilisation excessive de lessive et d'adoucissant.                                         
•        Attacher l'agrafe des soutiens-gorge lors du lavage."
6551447339104,Enfant Garçon,"03A, 04A, 06A, 10A, 12A, Enfant Garçon, Louis Louise, louislouisetaille",[https://cdn.shopify.com/s/files/1/0002/7600/4882/products/chemise-solal-cotton-crepe-stars-bleu-garcon-enfant-garcon-louis-louise-542325.jpg?v=1620138900],LOUIS LOUISE,6,125.00000000000003," Chemise à manches courtes en coton crépon à étoiles, avec fentes sur les cotés.   Collection :  S20   Composition :  100% Coton    Conseils d'entretien :  Lavage à 30° max en cycle délicat - Lavage et repassage sur l'envers - Séchoir interdit "
4730710917216,Sacs & Accessoires,"eligibility, Sacs & Accessoires, 80, 85, chloestorataille, Chloé Stora",[https://cdn.shopify.com/s/files/1/0002/7600/4882/products/ceinture-alliage-kaki-sacs-accessoires-chloe-stora-921297.jpg?v=1602144818],CHLOE STORA,6,137.5," La ceinture Alliage en cuir est idéale pour ceinturer vos manteaux en Hiver. Large, elle assure une jolie taille.

Ceinture large en cuir.
Grosse boucle argentée et ronde.   Composition :  100%CUIR   Entretien :     Informations Particulières :  La mannequin mesure 1m80 et porte une taille 85. "
6631133249632,Chemises Et Tops,no-search,"[https://cdn.shopify.com/s/files/1/0002/7600/4882/products/chemise-cambria-rose-204190.jpg?v=1666863770,https://cdn.shopify.com/s/files/1/0002/7600/4882/products/chemise-cambria-rose-956445.jpg?v=1666863770,https://cdn.shopify.com/s/files/1/0002/7600/4882/products/chemise-cambria-rose-174485.jpg?v=1666863770,https://cdn.shopify.com/s/files/1/0002/7600/4882/products/chemise-cambria-rose-699164.jpg?v=1666863770]",CLAUDIE PIERLOT,6,137.5,"  Chemise Cambria - Rose    Composition :   Tissu principal: 100% coton Broderie: 100% polyester   Conseils d'entretien :  Nettoyage professionnel à sec, au PC et aux HC, traitement normal Lavage modéré 30° Repasser à une température maximale de 110°C sans vapeur Ne pas sécher en sèche-linge à tambour Pas de blanchiment "
6643738837088,Nouveautés salon,"Nouveautés salon, The Animals Observatory, 10y, 6y, 8y","[https://cdn.shopify.com/s/files/1/0002/7600/4882/products/S22136_269_CE-2.jpg?v=1674040380,https://cdn.shopify.com/s/files/1/0002/7600/4882/products/S22136_269_CE-1.jpg?v=1674040378]",THEANIMALSOBSERVATORY1,6,0.0, Knitwear Toucan Kids Sweater Lavand Logo 
14916317249915,Sweatshirts,"North Sails, NORTHSAILS0225, recherche1:Prêt-À-Porter, recherche2:Sweatshirts, Sweatshirts, Type : Sweatshirts, XL, XXL, >100€, dropshipping, L, M","[https://cdn.shopify.com/s/files/1/0002/7600/4882/files/products_34780188_image3_original.jpg?v=1739187343,https://cdn.shopify.com/s/files/1/0002/7600/4882/files/products_34780188_image4_original.jpg?v=1739187343,https://cdn.shopify.com/s/files/1/0002/7600/4882/files/products_34780188_image5_original.jpg?v=1739187343,https://cdn.shopify.com/s/files/1/0002/7600/4882/files/products_34610361_image4_original.jpg?v=1739187343,https://cdn.shopify.com/s/files/1/0002/7600/4882/files/products_34610361_image2_original.jpg?v=1739187343,https://cdn.shopify.com/s/files/1/0002/7600/4882/files/products_34610361_image3_original.jpg?v=1739187343,https://cdn.shopify.com/s/files/1/0002/7600/4882/files/products_34780188_image1_original.jpg?v=1739187343,https://cdn.shopify.com/s/files/1/0002/7600/4882/files/products_34610361_image5_original.jpg?v=1739187343,https://cdn.shopify.com/s/files/1/0002/7600/4882/files/products_34780188_image2_original.jpg?v=1739187343,https://cdn.shopify.com/s/files/1/0002/7600/4882/files/products_34610361_image1_original.jpg?v=1739187343]",NORTH SAILS,6,0.0, Sweat. 
7158921429088,Jupes Et Shorts,"Collection : Reiko, dropshipping, JEVASOWH, Jupes Et Shorts, Reiko, REIKO0625, Type : Jupes Et Shorts","[https://cdn.shopify.com/s/files/1/0002/7600/4882/files/SANTAFE_PINKBLOCK3.jpg?v=1721224197,https://cdn.shopify.com/s/files/1/0002/7600/4882/files/SANTAFE_PINKBLOCK2.jpg?v=1721224198,https://cdn.shopify.com/s/files/1/0002/7600/4882/files/SANTAFE_PINKBLOCK4.jpg?v=1721224198,https://cdn.shopify.com/s/files/1/0002/7600/4882/files/SANTAFE_PINKBLOCK.jpg?v=1750432774,https://cdn.shopify.com/s/files/1/0002/7600/4882/files/SANTAFE_PINKBLOCK1.jpg?v=1750432774]",REIKO,6,191.92148760330579,  Composition :  97% Cotton 3% Elasthane 
14916300439931,Shorts,"North Sails, NORTHSAILS0225, recherche1:Prêt-À-Porter, recherche2:Shorts, Shorts, Type : Shorts, 38, 40, >100€, dropshipping","[https://cdn.shopify.com/s/files/1/0002/7600/4882/files/products_34610400_image1_original.jpg?v=1739187165,https://cdn.shopify.com/s/files/1/0002/7600/4882/files/products_34610400_image2_original.jpg?v=1739187165,https://cdn.shopify.com/s/files/1/0002/7600/4882/files/products_34610400_image3_original.jpg?v=1739187165,https://cdn.shopify.com/s/files/1/0002/7600/4882/files/products_34610400_image4_original.jpg?v=1739187165,https://cdn.shopify.com/s/files/1/0002/7600/4882/files/products_34610400_image5_original.jpg?v=1739187165]",NORTH SAILS,6,0.0, Short. Fermeture zippée et boutonnée. 
15219007586683,Porte-Chéquiers,"308251553, Collection : Isabelle Varin, couleur:Champagne, dropshipping, Isabelle Varin, ISABELLEVARIN0825, nom:Check, Porte-Chéquiers, resize2, TU, Type : Porte-Chéquiers","[https://cdn.shopify.com/s/files/1/0002/7600/4882/files/PCCHE.CRO.CH.TU_1.jpg?v=1756456825,https://cdn.shopify.com/s/files/1/0002/7600/4882/files/PCCHE.CRO.CH.TU_2.jpg?v=1756456826,https://cdn.shopify.com/s/files/1/0002/7600/4882/files/PCCHE.CRO.CH.TU_3.jpg?v=1756456826]",ISABELLE VARIN,6,0.0, Le porte chéquier cuir. 
14869516779899,Gilets,"0, 1, 274250062, Collection : Des Petits Hauts, Des Petits Hauts, dropshipping, Gilets, NEWSTOCKARCHIVE0725V2, no-search, Type : Gilets",[],DES PETITS HAUTS,6,0.0,  Composition :  55% Lin 45% Coton  
15258080018811,SHOES,"SHOES, SHOES, >100€, Bally, BALLY1025","[https://cdn.shopify.com/s/files/1/0002/7600/4882/files/591258-20149-F059_2.jpg?v=1759736466,https://cdn.shopify.com/s/files/1/0002/7600/4882/files/591258-20149-F059_1.jpg?v=1759736463,https://cdn.shopify.com/s/files/1/0002/7600/4882/files/591258-20149-F059_3.jpg?v=1759736469]",BALLY,6,0.0,  Modèle :  Avallo   Matière :  Synthetic Fabric 
7228361408608,Hats,"Hats, JW ANDERSON, YOOX1024",[https://cdn.shopify.com/s/files/1/0002/7600/4882/files/46892428ST_2.jpg?v=1729251126],JW ANDERSON,6,0.0,
7228334506080,Blazers,"Blazers, EMPORIO ARMANI, YOOX1024",[https://cdn.shopify.com/s/files/1/0002/7600/4882/files/49711542WG_2.jpg?v=1729250952],EMPORIO ARMANI,6,0.0,
7228345253984,Sneakers,"GIUSEPPE ZANOTTI, Sneakers, YOOX1024",[https://cdn.shopify.com/s/files/1/0002/7600/4882/files/17246645BA_2.jpg?v=1729251002],GIUSEPPE ZANOTTI,6,0.0,
15073796555131,,"no-search, OMADAYS0725, OMADS0525, OMADS1124, reassurance, <20€, >100€",[https://cdn.shopify.com/s/files/1/0002/7600/4882/files/reassurance3_e2720f60-bc25-4948-9815-b1b0b4f0de27.png?v=1753451139],OMAD'S,6,0.0,
4660312080480,Veste,Vestes,"[https://cdn.shopify.com/s/files/1/0002/7600/4882/products/veste-tevala-kaki-veste-bensimon-860182.jpg?v=1598484979,https://cdn.shopify.com/s/files/1/0002/7600/4882/products/veste-tevala-kaki-veste-bensimon-803910.jpg?v=1598484979,https://cdn.shopify.com/s/files/1/0002/7600/4882/products/veste-tevala-kaki-veste-bensimon-449935.jpg?v=1598484979,https://cdn.shopify.com/s/files/1/0002/7600/4882/products/veste-tevala-kaki-veste-bensimon-934671.jpg?v=1598484979]",BENSIMON,6,43.333333333333336," Veste Tevala Kaki 
 98% coton 2% élasthanne "
7220341604448,Tuniques,"dropshipping, L, M, numerodevente, Perfect Cashmere, PERFECTCASHMERE0126, S, seo-generated-metafields20251231, Tuniques, Type : Tuniques, XL, XL, 2XL, Collection : Perfect Cashmere",[https://cdn.shopify.com/s/files/1/0002/7600/4882/files/PERFCASHMERE-5382_1.jpg?v=1728369767],PERFECT CASHMERE,6,74.99166666666666, Pull Col V - Alexander - Nuage Chiné 
2073914212448,Tops,Tops,[https://cdn.shopify.com/s/files/1/0002/7600/4882/products/chemise-six-blanc-tops-swildens1-364065.jpg?v=1598497055],SWILDENS,7,76.666666666666671," 100% Coton  Fitting: Ample 
 
  La mannequin mesure 1m72 et porte ici un S  "
6745443467360,Tops et T-Shirts,"S, Tops et T-Shirts, Type : Tops et T-Shirts, XL, XS, 12230937, Collection : Helmut Lang, dropshipping, Femme, Helmut Lang, HELMUTLANG1223, M, recherche1:Prêt-À-Porter, recherche2:Tops","[https://cdn.shopify.com/s/files/1/0002/7600/4882/files/HL_M06HW514_C7J_T_F0.jpg?v=1703147141,https://cdn.shopify.com/s/files/1/0002/7600/4882/files/HL_M06HW514_C7J_M0.jpg?v=1702399892,https://cdn.shopify.com/s/files/1/0002/7600/4882/files/HL_M06HW514_C7J_T_B0.jpg?v=1702399892,https://cdn.shopify.com/s/files/1/0002/7600/4882/files/HL_M06HW514_C7J_T_S0.jpg?v=1702399892,https://cdn.shopify.com/s/files/1/0002/7600/4882/files/HL_M06HW514_C7J_T_0.jpg?v=1702388963,https://cdn.shopify.com/s/files/1/0002/7600/4882/files/HL_M06HW514_C7J_T_D0.jpg?v=1702399892,https://cdn.shopify.com/s/files/1/0002/7600/4882/files/HL_M06HW514_C7J_T_L0.jpg?v=1702399892,https://cdn.shopify.com/s/files/1/0002/7600/4882/files/HL_M06HW514_C7J_T_SWATCH.jpg?v=1702388966]",HELMUT LANG,7,49.916666666666664,"  Composition :  45% Cotton, 45% Modal, 10% Spandex "
15273693774203,Boucles D'Oreilles,"Boucles D'Oreilles, Collection : Nayi Studio, dropshipping, Nayi Studio, NAYISTUDIO1125, no-search, numerodevente, TU, Type : Boucles D'Oreilles","[https://cdn.shopify.com/s/files/1/0002/7600/4882/files/926E5EE7-9CE5-4B82-AB29-921684A8CEDB.jpg?v=1761309517,https://cdn.shopify.com/s/files/1/0002/7600/4882/files/8C46B92F-E8FB-465F-9A66-42AE4874ACE5.jpg?v=1761309518,https://cdn.shopify.com/s/files/1/0002/7600/4882/files/0EA09EBA-D7DB-48DF-B9BD-E69D8D5F453F.jpg?v=1761309517,https://cdn.shopify.com/s/files/1/0002/7600/4882/files/1EA24D66-0D31-49C2-80C9-B7ED8A40225F.jpg?v=1761309517,https://cdn.shopify.com/s/files/1/0002/7600/4882/files/D1033CB4-9B12-435E-A1FB-A27C2C7B0EA9.jpg?v=1761309517,https://cdn.shopify.com/s/files/1/0002/7600/4882/files/78D3DE3F-E815-44E8-9A4E-B28050FDD2B4.jpg?v=1761309517]",NAYI STUDIO,7,0.0,"En  acier inoxydable doré , ces  boucles d'oreilles médium  incarnent un luxe discret. Leur finition en or 18 carats et leur design contemporain en font une pièce indispensable pour rehausser n'importe quelle tenue.  Pour une soirée élégante ou une journée au bureau, ces créations s'associent parfaitement à un haut à col bateau ou un chemisier délicat.  Une  sélection  exclusive signée Nayi Studio, disponible en quantité limitée 🌟  Dimensions : 2,5 cm   Poids : 5 g   Avantages : waterproof, non-tarnish, hypoallergéniques"
7076227219552,Pendentifs,"6241530, Caratelli, CARATELLI0624, Collection : Caratelli, dropshipping, Pendentifs, recherche1:Accessoires, recherche2:Bijoux, TU, Type : Pendentifs","[https://cdn.shopify.com/s/files/1/0002/7600/4882/files/PWL0005T9G_276ed9d6-e364-49a6-ab8c-f156d5618adb.jpg?v=1716906824,https://cdn.shopify.com/s/files/1/0002/7600/4882/files/PWL0005T9G_20_2.jpg?v=1716906828,https://cdn.shopify.com/s/files/1/0002/7600/4882/files/ecrin_1_3b2a16a6-68fa-4dc4-bf33-4b0276a7b420.jpg?v=1716906834]",CARATELLI,7,0.0,"  Composition :  Or Blanc 375/1000  Caratage diamant :  0,05  Poids de l'or :  0,69 
   Nombre de diamant :  8  Pierre principale :  Topaze  Caratage pierres :  1,17  Informations des pierres :  D0,05/8 ; London Blue Topaze,47/1; Blue Topaze 0,7/1  Couleur et pureté du diamant :  HP1  Dimensions :  Diamètre : 1 cm   Important :  du fait de l'unicité de chaque bijou, le grammage et le caratage des matériaux sont donnés à titre indicatif. Ils peuvent varier légèrement d'une pierre à l'autre et d'une mesure à une autre. 
  Les diamants de votre bijou ont été achetés conformément au Processus de Kimberley, c’est-à-dire, auprès de sources légitimes non impliquées dans le financement de conflits et qui respectent les résolutions des Nations Unies. 
   Chaque bijou est accompagné de son écrin et de son certificat d'authenticité.  "
14868312457595,Blouses,"recherche2:Chemises, Risu Risu, RISURISU1224, Type : Blouses, 10A, 3A, 4A, 6A, 8A, Blouses, Collection : Risu Risu, couleur:Blanc, dropshipping, recherche1:Enfant Et Bébé","[https://cdn.shopify.com/s/files/1/0002/7600/4882/files/5952.jpg?v=1733839189,https://cdn.shopify.com/s/files/1/0002/7600/4882/files/5869_d64c4955-623e-4ab0-ae17-6328af507c0c.jpg?v=1733830774,https://cdn.shopify.com/s/files/1/0002/7600/4882/files/4142.jpg?v=1733839189]",RISU RISU,7,215.58333333333331," Pour que les fêtes cette année soient un véritable émerveillement, nous avons ajouté cette blouse à la dernière minute à la collection de Noël! 

 Evidemment, on adore son col en tulle, les boutons dorés (jusqu'au 8 ans), la douceur de la double gaze de coton bio. 

 La blouse Angelot se porte avec le jupon Bijou parfaitement assorti et vous pourrez ensuite choisir un autre bas pour créer un nouveau look festif différent. 

 Le tulle qui compose  la collerette est de contact agréable pour la peau car il contient du coton bio. 

 Cette blouse fille est douce, confortable et agréable à porter.  

 Evidemment, on adore son col en tulle, les boutons dorés (jusqu'au 8 ans), la douceur de la double gaze de coton bio. 

 La blouse Angelot se porte avec le jupon Bijou parfaitement assorti et vous pourrez ensuite choisir un autre bas pour créer un nouveau look festif différent. 

 Le tulle qui compose  la collerette est de contact agréable pour la peau car il contient du coton bio. 

 Cette blouse fille est douce, confortable et agréable à porter. "
15310075691387,KEYRING & CHARM,"MAISONKITSUNE1225, MK1225, NONRETOURNABLE, ventephysique",[https://cdn.shopify.com/s/files/1/0002/7600/4882/files/Kisune_CC_81_fc7887a7-35ca-4a91-82e6-1bcde74f3f19.png?v=1765299005],MAISON KITSUNE,7,25.0,
7228353577056,Turtleneck Sweaters,"ISABEL MARANT, Turtleneck Sweaters, YOOX1024",[https://cdn.shopify.com/s/files/1/0002/7600/4882/files/14105593AO_2.jpg?v=1729251081],ISABEL MARANT,7,0.0,
15078978126203,,"no-search, <20€","[https://cdn.shopify.com/s/files/1/0002/7600/4882/files/01._20App_Horizontalejules_20verne_3a624fe4-5f0b-4ba0-819d-4aeba7f923ba.jpg?v=1747668101,https://cdn.shopify.com/s/files/1/0002/7600/4882/files/311705624.jpg?v=1747668100,https://cdn.shopify.com/s/files/1/0002/7600/4882/files/hotel-litteraire-jules-verne-22-04.jpg?v=1747668102]",THE BRADERY,7,0.0,
6625936408672,Chaussures - Chaussures - Fille,"31, 36, 37, 38, 39, 40, Chaussures - Chaussures - Fille, Collection : Tocoto Vintage, dropshipping, eligibility, target2sell:2022-05-18 07:45:00, Tocoto Vintage, Type : Chaussures - Chaussures - Fille",[],TOCOTOVINTAGE1,7,0.0,
7144518287456,Tops,"no-search, Yoox, YOOX0724, YOOXPAP0614V2","[https://cdn.shopify.com/s/files/1/0002/7600/4882/files/12479774KR_14_A.jpg?v=1720084203,https://cdn.shopify.com/s/files/1/0002/7600/4882/files/12479774KR_14_R.jpg?v=1720084232,https://cdn.shopify.com/s/files/1/0002/7600/4882/files/12479774KR_14_D.jpg?v=1720084222,https://cdn.shopify.com/s/files/1/0002/7600/4882/files/12479774KR_14_E.jpg?v=1720084227,https://cdn.shopify.com/s/files/1/0002/7600/4882/files/12479774KR_14_F.jpg?v=1720165180]",YOOX,7,0.0, 100%Polyester 
15219015745915,Porte-Passeports,"308251553, Collection : Isabelle Varin, couleur:Naturel, dropshipping, Isabelle Varin, ISABELLEVARIN0825, nom:Paper, Porte-Passeports, resize2, TU, Type : Porte-Passeports","[https://cdn.shopify.com/s/files/1/0002/7600/4882/files/PPPAP.ZEB.NA.TU_3.jpg?v=1756457497,https://cdn.shopify.com/s/files/1/0002/7600/4882/files/PPPAP.ZEB.NA.TU_1.jpg?v=1756457493,https://cdn.shopify.com/s/files/1/0002/7600/4882/files/PPPAP.ZEB.NA.TU_2.jpg?v=1756457494]",ISABELLE VARIN,7,0.0, Le porte-passeport cuir. 
4733171728480,Accessoires,Accessoires,[],KSHMR TRIBU,7,0.0, Accessoire Gants Femme 100% Cachemire 7Gg 
7046187909216,Maillots De Bain,"dropshipping, L, M, Maillots De Bain, recherche1:Accessoires, recherche2:Maillots De Bains, S, Type : Maillots De Bain, XS, 5241436, Amuse Society, AMUSESOCIETY0524, couleur:Sunrise","[https://cdn.shopify.com/s/files/1/0002/7600/4882/files/SB48LSOS-SNR-1.jpg?v=1715941366,https://cdn.shopify.com/s/files/1/0002/7600/4882/files/SB48LSOS-SNR-2.jpg?v=1715941369]",AMUSE SOCIETY,7,49.666666666666671," Bas de bikini à finition soignée, échancré. "
15087190016379,Casquettes,"dropshipping, Herschel, HERSCHEL0525, JEVASOWH, Type : Casquettes, Casquettes, Collection : Herschel",[],HERSCHEL,7,0.0,  Composition :  100% Polyester 
6758568263776,,PETITELUCETTE0124,"[https://cdn.shopify.com/s/files/1/0002/7600/4882/products/f6afce0764d4a8c14ff73861dddd9287.jpg?v=1704192083,https://cdn.shopify.com/s/files/1/0002/7600/4882/products/6eff7c450a29e7f0f7a47366575dec23.jpg?v=1704192084,https://cdn.shopify.com/s/files/1/0002/7600/4882/products/6cd8d82e6950646d70cd4113011515e8.jpg?v=1704192084,https://cdn.shopify.com/s/files/1/0002/7600/4882/products/2c7129ba524920f640099db80ddb7d65.jpg?v=1704192084,https://cdn.shopify.com/s/files/1/0002/7600/4882/products/1339d09e0b8d84b4f0225d4bed2b8ec4.jpg?v=1704192084,https://cdn.shopify.com/s/files/1/0002/7600/4882/products/7089853057da686835b13fb7b3c32b44.png?v=1704192084,https://cdn.shopify.com/s/files/1/0002/7600/4882/products/4dec9ff4bac7542c58bef28711a43220.jpg?v=1704192084]",PETITE LUCETTE,8,0.0,"C'est le grand Ouest américain qui a inspiré la robe Isadora dans sa version denim. On l'adore avec une paire de santiags pour un look cowgirls des temps modernes. Boutonnée tout du long avec de jolis boutons dorés, elle a un petit col pointu et une surpiqûre aux épaules pour accentuer le côté western. Disponible également chez la femme, on tente un look mommy & me avec sa mini.  
 
Modèle dessiné à Paris et fabriqué au Portugal.    Retours & livraison :  ""Vous avez 14 jours pour changer d’avis !  
Pour voir les tarifs de livraison, c’est ici ! """
15303005634939,,"archives, boucles d'oreilles archives, collections, DIAPERISXTB0524",[https://cdn.shopify.com/s/files/1/0002/7600/4882/files/Captured_ecran2025-06-03a12.52.23.png?v=1764000066],DIAPERIS,8,0.0," Boucles d'oreilles en laiton plaqué or, ornées d'améthyste.  
 Boucles d'oreilles en clip. Parfait pour les oreilles non percées. 
   Les pierres utilisées pour nos bijoux sont des pierres naturelles, aucune pierre ne se ressemble et les couleurs peuvent varier en fonction de la lumière.   "
6625440366688,Baskets,"34.5, 35, 36, 36.5, Baskets, Collection : Vans, dispeo, eligibility, Mixte, target2sell:2022-09-11 07:45:00, Type : Baskets, Vans","[https://cdn.shopify.com/s/files/1/0002/7600/4882/products/products_23167080_image5_original.jpg?v=1662468318,https://cdn.shopify.com/s/files/1/0002/7600/4882/products/products_23167080_image1_original.jpg?v=1662468318,https://cdn.shopify.com/s/files/1/0002/7600/4882/products/products_23167080_image2_original.jpg?v=1662468318,https://cdn.shopify.com/s/files/1/0002/7600/4882/products/products_23167080_image4_original.jpg?v=1662468318,https://cdn.shopify.com/s/files/1/0002/7600/4882/products/products_23167080_image3_original.jpg?v=1662468318]",VANS,8,75.0," Du skatepark à la rue, Vans transcende les générations dans un esprit cool et mode. La marque californienne chausse les amateurs de glisse, inspire les artistes, habille tous les ges. Iconique et rebelle, le style Vans est intemporel.   Baskets en nubuck Cruze Too Gris   Baskets en  nubuck . Empiècement avec logo sur la languette. Fermeture à lacets. Marque  Vans .   Coloris  : gris, gris foncé, blanc et noir   Tige  : cuir nubuck et textile   Doublure et semelle intérieure  : textile   Semelle extérieure  : caoutchouc "
7111873167456,Sandales,"36, 37, 38, 39, 40, 41, Collection : Le Vestiaire Luxe, dropshipping, JSCTRADE2, Le Vestiaire Luxe, LEVESTIAIREDELUXEPAP0624, Sandales, Type : Sandales","[https://cdn.shopify.com/s/files/1/0002/7600/4882/files/Captured_ecran2024-06-13a17.12.06.png?v=1718291533,https://cdn.shopify.com/s/files/1/0002/7600/4882/files/sandales-a-talons-entice_e30f32da-e006-480d-9162-b2b64eac0af9.jpg?v=1718291533,https://cdn.shopify.com/s/files/1/0002/7600/4882/files/sandales-a-talons-entice_73fd3dcc-7c85-4d95-b8e9-381163fd55d2.jpg?v=1718291533,https://cdn.shopify.com/s/files/1/0002/7600/4882/files/sandales-a-talons-entice_079f8247-6a7c-4b72-b03f-c813f9569338.jpg?v=1718291533,https://cdn.shopify.com/s/files/1/0002/7600/4882/files/sandales-a-talons-entice_a8ba710e-f50f-4d54-8a99-05cf6a9729be.jpg?v=1718291533]",LE VESTIAIRE LUXE,8,37.416666666666664," Ces sublimes sandales à talons sublimeront vos jambes, ses fines brides à la cheville apporte un look raffiné à cette paire, alors que la bride épaisse à l'avant signe l'originalité. Le talon mesure 8,5cm.   Composition :  synthétique "
15281043145083,Chaussures,"dropshipping, no-search, numerodevente, Tropic Fell, TROPICFEEL1125, Type : Chaussures, 36, 39, 40, 41, 42, 43, 44, 45, Chaussures, Collection : Tropic Fell","[https://cdn.shopify.com/s/files/1/0002/7600/4882/files/2390153U402-4.jpg?v=1762165369,https://cdn.shopify.com/s/files/1/0002/7600/4882/files/2390153U402-6.jpg?v=1762165375,https://cdn.shopify.com/s/files/1/0002/7600/4882/files/2390153U402-1.jpg?v=1762167962,https://cdn.shopify.com/s/files/1/0002/7600/4882/files/2390153U402-3.jpg?v=1762165366,https://cdn.shopify.com/s/files/1/0002/7600/4882/files/2390153U402-2.jpg?v=1762167962]",TROPIC FELL,8,0.0,"Get to the top with Lava. The all-terrain, reinforcedneaker for the outdoor traveler. Made with AirTechTM mesh and perforated high density foam to ensure breathability and comfort. Features quick dry drainage holes for the ultimate Water Friendly experience on your way to the top. Made with 20% Recycled EVA and 7 plastic bottles.
Water friendly Materials
Upper: 77% recycled polyester, 23% polyester.

Sole: 20% recycled EVA, 80% virgin EVA. Wash them by hand if it's possible, by followingpecificporthoesoap instructions. You can also wash at 30º gently in ahort cycle. Do not bleach, do not tumble dry, highly recommended not to useofteners."
7220342161504,Accessoires,"Type : Accessoires, TU, Type : Chaussettes, Accessoires, Authentic Cashmere, AUTHENTICCASHMERE0126, Collection : Authentic Cashmere, dropshipping, no-search, numerodevente, TU, Type : Accessoires","[https://cdn.shopify.com/s/files/1/0002/7600/4882/files/AUTHCASHMERE-4271_20_1_b9d472bf-caab-436a-9d82-e0e62fa620bc.jpg?v=1727958581,https://cdn.shopify.com/s/files/1/0002/7600/4882/files/AUTHCASHMERE-4271_20_2_ca50586c-4c86-4e19-981f-8072244d9232.jpg?v=1727958588,https://cdn.shopify.com/s/files/1/0002/7600/4882/files/AUTHCASHMERE-4271_20_3_9255d0cd-7d37-4606-ade7-e35801011640.jpg?v=1727958598]",AUTHENTIC CASHMERE,8,724.75833333333344,"Pour un confort optimal, ces  chaussettes  en  cachemire 4 fils  vous enveloppent de douceur et d'élégance. Leur confection traditionnelle garantit une chaleur agréable, parfaite pour réchauffer vos pieds lors des journées fraîches ou pour des moments de détente à la maison.   À porter sans modération avec vos tenues décontractées ou classiques, elles insufflent une note de luxe à chaque pas, rendant votre quotidien encore plus agréable.   Authentic Cashmere signe ici une  pièce  que TheBradery a retenue pour son savoir-faire exceptionnel et son raffinement 💫   Composition : 100% cachemire 4 fils"
15304535343483,Bracelets,"seo-generated-metafields20251201, TU, Type : Bracelets, Type : Bracelets, Bracelets, Collection : FASCINATO, dropshipping, FASCINATO, FASCINATO1225",[https://cdn.shopify.com/s/files/1/0002/7600/4882/files/jONCCOEURSACR2E.png?v=1764588049],FASCINATO,8,21.658333333333331,"Idéal pour rehausser votre élégance, ce  jonc  en  acier inoxydable doré  se distingue par son motif de cœurs sacrés finement ciselés. Inspiré des ex-voto anciens, chaque cœur, auréolé de rayons solaires, symbolise passion et protection, conférant à ce bijou une essence à la fois puissante et délicate.  Sa structure ajourée et son éclat doré lui donnent une allure sculpturale, évoquant les trésors d’un oratoire baroque. Ce bracelet tendance est conçu pour s'adapter à toutes les occasions, que ce soit au quotidien ou lors d'événements spéciaux, ajoutant une touche raffinée à votre poignet.  Une  création  FASCINATO qui fait preuve d’une grande expertise artisanale, retenue par TheBradery pour son esthétique unique et sa solidité 💫  Composition : Acier inoxydable doré, hypoallergénique, résistant à l'eau."
15270327353723,Softshells,"XL, XXL, Collection : Geographical Norway, dropshipping, Geographical Norway, L, M, no-search, S, Softshells, Type : Softshells",[],GEOGRAPHICAL NORWAY,8,0.0,"Découvrez la veste ""Tacer"" pour femme de Geographical Norway, une softshell polyvalente dotée d'une capuche réglable et de poches avant et latérales pratiques. Son imprimé audacieux et son drapeau devant ajoutent une touche de style distinctif à cette pièce fonctionnelle. Idéale pour toutes vos activités en extérieur, la veste ""Tacer"" allie confort, protection et allure pour vous accompagner avec élégance lors de vos aventures.Capuche ajustable pour un maintien optimal

Poches avant et latérales pratiques pour vos essentiels

Imprimé audacieux et drapeau distinctif sur le devant

Tissu softshell offrant protection contre le vent et les petites intempéries

Coupe féminine confortable et fonctionnelle

Parfaite pour les activités outdoor et le quotidien"
6574362099808,DERBIES,<20€,[https://cdn.shopify.com/s/files/1/0002/7600/4882/products/derbies-choes-blanc-femme-derbies-cuisse-de-grenouille-187140.jpg?v=1632853672],CUISSE DE GRENOUILLE,8,0.0," Avec son col mao, KLEMENT notre chemise en coton brossé apportera une touche casual et chic à votre dressing !  Notre priorité restera toujours la qualité de... "
6595481469024,Chemises Et Tops,"An'ge, Chemises Et Tops, dispeo, eligibility, T1, T2","[https://cdn.shopify.com/s/files/1/0002/7600/4882/products/t-shirt-tulipo-navy-chemises-et-tops-ange-134060.jpg?v=1644256938,https://cdn.shopify.com/s/files/1/0002/7600/4882/products/t-shirt-tulipo-navy-chemises-et-tops-ange-565808.jpg?v=1644257694,https://cdn.shopify.com/s/files/1/0002/7600/4882/products/t-shirt-tulipo-navy-chemises-et-tops-ange-654798.jpg?v=1644256672,https://cdn.shopify.com/s/files/1/0002/7600/4882/products/t-shirt-tulipo-navy-chemises-et-tops-ange-561161.jpg?v=1644256870]",OLD_AN'GE,8,70.0," Découvrez notre t-shirt TULIPO et ses détails froncés !   
 T-shirt TULIPO Tissu fluide Coupe ajustée Longueur hanches Col rond Manches courtes Finitions surpiquées Fronces sur les côtés Longueur du produit pour la taille 1 : 63 cm. 
  Le mannequin porte une taille 1.  
   T1 = 36-38 T2 =   40-42  
  Composition :  96% viscose 4% elastane ; 
  Conseils d'entretien :   Lavage à la main  Blanchiment interdit  Température maximale de repassage : 110 °C  Nettoyage à sec autorisé  Séchage en tambour interdit "
6651859304544,Bottines,"41, 46, 48, Bottines, Collection : Sorel, dispeo, Homme, Sorel, Type : Bottines, 3230557, 40, 40.5","[https://cdn.shopify.com/s/files/1/0002/7600/4882/products/2009611_263_d_preview_download.jpg?v=1678900566,https://cdn.shopify.com/s/files/1/0002/7600/4882/products/2009611_263_m_preview_download.jpg?v=1678900576,https://cdn.shopify.com/s/files/1/0002/7600/4882/products/2009611_263_u_preview_download.jpg?v=1678900572,https://cdn.shopify.com/s/files/1/0002/7600/4882/products/2009611_263_o_preview_download.jpg?v=1678900569,https://cdn.shopify.com/s/files/1/0002/7600/4882/products/2009611_263_f2_preview_download.jpg?v=1678900561,https://cdn.shopify.com/s/files/1/0002/7600/4882/products/2009611_263_f_preview_download.jpg?v=1678900558,https://cdn.shopify.com/s/files/1/0002/7600/4882/products/2009611_263_b_preview_download.jpg?v=1678900564]",SOREL,8,62.5," 🧡 Première fois sur The Bradery- sélectionnée avec amour par la Team The Bradery  RAPIDITÉ ET LÉGÈRETÉ
Ne vous arrêtez pas qu’il pleuve ou qu’il fasse beau avec ce modèle hybride basket/botte. Elle intègre une tige en textile imperméable avec une construction en membrane imperméable, ainsi qu'une assise plantaire qui amortit chaque foulée. La semelle en caoutchouc moulé vous donnera confiance où que vous alliez.    Compositions   Tige :  100% Polyester  Semelle Extérieure :  100% Rubber  Doublure :  100%Polyester "
6977972404320,Écharpes,"recherche1:Accessoires, recherche2:Cravates Et Noeuds Papillon, TU, Type : Écharpes, Écharpes, dropshipping, Fursac, FURSAC0225, JEVASOWH","[https://cdn.shopify.com/s/files/1/0002/7600/4882/files/F2OTIE-BR25-13-02.jpg?v=1713782533,https://cdn.shopify.com/s/files/1/0002/7600/4882/files/F2OTIE-BR25-13-01.jpg?v=1713782529]",FURSAC,8,108.08876750700281,"✨ Découvrez la Cravate Léopard - Chatain de Fursac, un accessoire luxueux pour homme. Confectionnée en satin de soie avec un imprimé léopard élégant, elle affiche une largeur de 8 cm et une longueur de 145 cm, renforcée par un fil de réserve pour garantir sa durabilité.  🧵 Composition : Fabriquée à 100% en soie, cette cravate promet un toucher doux et une qualité supérieure, mettant en avant le savoir-faire de Fursac.  🧺 Entretien : Pour conserver l'éclat et la beauté de votre cravate, un nettoyage à sec est vivement recommandé."
14875450507643,Sacs À Bandoulière,"Stockly, STOCKLYEASTPAK0125, Type : Sacs À Bandoulière, dropshipping, Eastpak, Sacs À Bandoulière",[https://cdn.shopify.com/s/files/1/0002/7600/4882/files/eastpak_7Cek00026e-26w_Image_1_C1.jpg?v=1736253993],EASTPAK,8,0.0," Caractéristiques du produit Eastpak Delegate +Matière : Nylon Fermeture : Fermeture éclair Genre : Unisexe Age : Adulte Volume (L) : 20Longueur (cm) : 13Hauteur (cm) : 30,5Largeur (cm) : 38,5 "
6643688538208,Nouveautés salon,"Nouveautés salon, The Animals Observatory, 2y, 3y, 4y","[https://cdn.shopify.com/s/files/1/0002/7600/4882/products/000824_053_XX-2.jpg?v=1674039397,https://cdn.shopify.com/s/files/1/0002/7600/4882/products/000824_053_XX-1.jpg?v=1674039394]",THEANIMALSOBSERVATORY1,8,0.0, Knitwear Toucan Kids Sweater Deep Blue 
7144716566624,Short dresses,"no-search, Yoox, YOOX0724, YOOXPAP0614V2","[https://cdn.shopify.com/s/files/1/0002/7600/4882/files/34819528HW_14_R.jpg?v=1720087870,https://cdn.shopify.com/s/files/1/0002/7600/4882/files/34819528HW_14_F.jpg?v=1720181863]",YOOX,8,0.0, 100%Polyester 
14845328064891,,"<20€, LEROUGEFRANCAIS1124, reassurance",[https://cdn.shopify.com/s/files/1/0002/7600/4882/files/ReassuranceVisuel9REAROUGEPARI_d57a5bdc-b82d-492c-b5a6-1184aa8dc59f.jpg?v=1732009080],THE BRADERY,8,0.0,
6643724484704,Nouveautés salon,"3y, 4y, 6y, Nouveautés salon, The Animals Observatory, 10y, 12y, 2y","[https://cdn.shopify.com/s/files/1/0002/7600/4882/products/S21077_221_AL-4.jpg?v=1674040065,https://cdn.shopify.com/s/files/1/0002/7600/4882/products/S21077_221_AL-2.jpg?v=1674040075,https://cdn.shopify.com/s/files/1/0002/7600/4882/products/S21077_221_AL-6.jpg?v=1674040069,https://cdn.shopify.com/s/files/1/0002/7600/4882/products/S21077_221_AL-1.jpg?v=1674040072]",THEANIMALSOBSERVATORY1,8,0.0, Skirts Turkey Kids Skirt White Stripes 
6642696323168,JACKETS,,[],THEORY NYC,8,0.0,"  Composition :  96% Wool, 4% Elastane "
14879719620987,,">100€, no-search","[https://cdn.shopify.com/s/files/1/0002/7600/4882/files/DSC01502-e1675454212380-768x940_83a9304f-7833-41ec-9023-2e3a391a094c.jpg?v=1735812925,https://cdn.shopify.com/s/files/1/0002/7600/4882/files/DSC00791-768x512_1f1799e7-c496-46a8-a9d4-0f9d23519e7c.jpg?v=1735812918,https://cdn.shopify.com/s/files/1/0002/7600/4882/files/01.App_HorizontaleCaravanDakh_60ad03b7-99ed-44f1-ac4f-b049d21fe856.jpg?v=1735812907]",THE BRADERY,8,0.0,
6748540305504,,,[],THEORY NYC,8,0.0,
15167192826235,Talons Moyens,"36, 37, 38, 39, 40, 41, Collection : Les Bagatelles, dropshipping, Les Bagatelles, LESBAGATELLES0825, Talons Moyens, Type : Talons Moyens","[https://cdn.shopify.com/s/files/1/0002/7600/4882/files/BG-4228_20_4.jpg?v=1752592213,https://cdn.shopify.com/s/files/1/0002/7600/4882/files/BG-4228_20_2.jpg?v=1752592209,https://cdn.shopify.com/s/files/1/0002/7600/4882/files/BG-4228_20_3.jpg?v=1752592211,https://cdn.shopify.com/s/files/1/0002/7600/4882/files/BG-4228_20_1.jpg?v=1752594860]",LES BAGATELLES,8,38.325, BLACK BUFF 
6538461249632,Chemises Et Tops,"Chemises Et Tops, Helmut Lang Homme, M, XL, XS",[https://cdn.shopify.com/s/files/1/0002/7600/4882/products/alien-tshirtalien-j-soda-blue-homme-homme-helmut-lang-944760.jpg?v=1615539709],HELMUT LANG,8,42.5," T-shirt - Soda Bleu - Homme 
  100% coton  
   "
6890863722592,Mules,"41, Calank, CALANK0324, Collection : Calank, dropshipping, Mules, recherche1:Chaussures, recherche2:Sandales, resize1, Type : Mules, 3240256, 36, 37, 38, 39, 40","[https://cdn.shopify.com/s/files/1/0002/7600/4882/files/CL-0064-_2.jpg?v=1710494923,https://cdn.shopify.com/s/files/1/0002/7600/4882/files/CL-0064-_5.jpg?v=1710494934,https://cdn.shopify.com/s/files/1/0002/7600/4882/files/CL-0064-_4.jpg?v=1710494930,https://cdn.shopify.com/s/files/1/0002/7600/4882/files/CL-0064-_3.jpg?v=1710494926,https://cdn.shopify.com/s/files/1/0002/7600/4882/files/CL-0064-_1.jpg?v=1710494918]",CALANK,8,0.0,  Composition :  Buff Silver    Semelle :  Tan  
14859304239483,Joggers,"Joggers, lacoste, no-search, STOCKLYLACOSTE1124, STOCKLYLACOSTE1224, >100€","[https://cdn.shopify.com/s/files/1/0002/7600/4882/files/lacoste_7cwh4241-720_Image_3_C1.jpg?v=1733736092,https://cdn.shopify.com/s/files/1/0002/7600/4882/files/lacoste_7cwh4241-720_Image_2_C1.jpg?v=1733736086,https://cdn.shopify.com/s/files/1/0002/7600/4882/files/lacoste_7cwh4241-720_Image_1_C1.jpg?v=1733736082]",LACOSTE,8,0.0, Survêtement Lacoste Tennis 
14916305682811,Pulls,"North Sails, NORTHSAILS0225, Pulls, recherche1:Prêt-À-Porter, recherche2:Pulls, Type : Pulls, >100€, dropshipping, L, M","[https://cdn.shopify.com/s/files/1/0002/7600/4882/files/products_33889431_image2_original.jpg?v=1739187216,https://cdn.shopify.com/s/files/1/0002/7600/4882/files/products_34609599_image3_original.jpg?v=1739187216,https://cdn.shopify.com/s/files/1/0002/7600/4882/files/products_34609599_image2_original.jpg?v=1739187215,https://cdn.shopify.com/s/files/1/0002/7600/4882/files/products_34609599_image1_original.jpg?v=1739187215,https://cdn.shopify.com/s/files/1/0002/7600/4882/files/products_33889431_image5_original.jpg?v=1739187215,https://cdn.shopify.com/s/files/1/0002/7600/4882/files/products_33889431_image3_original.jpg?v=1739187215,https://cdn.shopify.com/s/files/1/0002/7600/4882/files/products_34609599_image5_original.jpg?v=1739187215,https://cdn.shopify.com/s/files/1/0002/7600/4882/files/products_34609599_image4_original.jpg?v=1739187215,https://cdn.shopify.com/s/files/1/0002/7600/4882/files/products_33889431_image1_original.jpg?v=1739187215,https://cdn.shopify.com/s/files/1/0002/7600/4882/files/products_33889431_image4_original.jpg?v=1739187215]",NORTH SAILS,8,0.0, Pull. 
15307331928443,Combinaisons,"S, seo-generated-metafields20251207, Type Combinaisons, Type Combinaisons, Collection : Lily Studio, Combinaisons, dropshipping, Lily Studio, LILYSTUDIO1225","[https://cdn.shopify.com/s/files/1/0002/7600/4882/files/120244C7531736_2.jpg?v=1765007165,https://cdn.shopify.com/s/files/1/0002/7600/4882/files/120244C7531736_4.jpg?v=1765007165,https://cdn.shopify.com/s/files/1/0002/7600/4882/files/120244C7531736_3.jpg?v=1765007165,https://cdn.shopify.com/s/files/1/0002/7600/4882/files/120244C7531736_5.jpg?v=1765007165,https://cdn.shopify.com/s/files/1/0002/7600/4882/files/120244C7531736_1.jpg?v=1765007165,https://cdn.shopify.com/s/files/1/0002/7600/4882/files/120244C7531736_7.jpg?v=1765007165,https://cdn.shopify.com/s/files/1/0002/7600/4882/files/120244C7531736_6.jpg?v=1765007165]",LILY STUDIO,8,0.0, workwear one-piece shorts 
15226157465979,Accessoires,"IMPREVU, IMPREVU0925, TU, Type : Accessoires, Accessoires, Collection : IMPREVU, dropshipping","[https://cdn.shopify.com/s/files/1/0002/7600/4882/files/8963-large_default.jpg?v=1757068407,https://cdn.shopify.com/s/files/1/0002/7600/4882/files/8964-large_default.jpg?v=1757068408,https://cdn.shopify.com/s/files/1/0002/7600/4882/files/8962-large_default.jpg?v=1757068408]",IMPREVU,8,23.24793388429752, BLUE 
6663528382560,Robes Et Combinaisons,"Type : Robes Et Combinaisons, 32, 38, 40, 6230659, Collection : Ganni, dropshipping, Ganni, INACTIF, retourSRP, Robes Et Combinaisons, SRPFINALRETOUR0923",[https://cdn.shopify.com/s/files/1/0002/7600/4882/files/F3751_1912_829-kopi.jpg?v=1686230450],GANNI,8,420.0, Composition :  100% Viscose
6581455749216,Maroquinerie,<20€,[https://cdn.shopify.com/s/files/1/0002/7600/4882/products/pochette-iris-miel-944875.jpg?v=1671724079],FEEKA,9,0.0,"  Mini pochette format rectangulaire façon patchwork, fermeture zippée. A l'intérieur: une poche plaquée. Embossage cœur feeka à chaud.    Matière et Entretien :  Cuir bovin suédé et imprimé Doublure ton sur ton, twill de coton. Les sacs et ceintures feeka sont fabriqués dans nos ateliers en Inde à partir de peaux soigneusement sélectionnés et une gamme de couleur exclusive. Utiliser une gomme à daim pour effacer les traces éventuelles. "
14878071095675,Assiettes,"JARSCERAMISTES1224, recherche1:Maison, recherche2:Art De La Table, Saladiers, Type : Assiettes, Assiettes, Collection : Jars Céramistes, dropshipping, Jars Céramistes",[https://cdn.shopify.com/s/files/1/0002/7600/4882/files/JardindeMaguelone_Creuse_Poireau_JA963088.jpg?v=1735499314],JARS CERAMISTES,9,299.5,"  Collection :  Jardin De Maguelone  Couleur :  Poireau  Dimensions :  Ø20 cm / H 1,5cm   Composition/Matière :  100% Grès   Entretien :  Compatible lave-vaisselle "
15271766491515,Vestes Et Manteaux,"Collection : Rhythm, dropshipping, Rhythm, RHYTHM1025, Type : Vestes Et Manteaux, Vestes Et Manteaux","[https://cdn.shopify.com/s/files/1/0002/7600/4882/files/0724W-JK05-MONO-LAKE-SHACKET-CHOCOLATE-3.jpg?v=1761135690,https://cdn.shopify.com/s/files/1/0002/7600/4882/files/0724W-JK05-MONO-LAKE-SHACKET-CHOCOLATE-4.jpg?v=1761135690,https://cdn.shopify.com/s/files/1/0002/7600/4882/files/0724W-JK05-MONO-LAKE-SHACKET-CHOCOLATE-1.jpg?v=1761135691,https://cdn.shopify.com/s/files/1/0002/7600/4882/files/0724W-JK05-MONO-LAKE-SHACKET-CHOCOLATE-2.jpg?v=1761135691]",RHYTHM,9,39.991666666666667,"Veste au design élégant, idéale pour une allure sophistiquée. Sa teinte  Chocolate  et sa composition en  100% coton  assurent confort et style pour toutes les occasions.  S’offrir cette veste signée Rhythm, c’est choisir l’exigence d’une marque premium, au meilleur prix The Bradery. 🌟  Composition : 100% coton   Conseil d'entretien : Lavage en machine à froid conseillé"
6858036084832,Maillots De Bain,"Livy, LIVY1225, M, Maillots De Bain, numerodevente, S, seo-generated-metafields20251225, Type : Maillots De Bain, Type : Maillots De Bain, S, Type : Maillots De Bain, Collection : Livy, dropshipping, L","[https://cdn.shopify.com/s/files/1/0002/7600/4882/files/MIRAMARTERRA_6_723b247b-4a95-4e71-9fa7-bc7c093665f1.jpg?v=1708445539,https://cdn.shopify.com/s/files/1/0002/7600/4882/files/MIRAMARTERRA_7_b85558ed-d9bd-46ee-a053-5d07471cceca.jpg?v=1708445539,https://cdn.shopify.com/s/files/1/0002/7600/4882/files/MIRAMARTERRA_1.jpg?v=1708445539,https://cdn.shopify.com/s/files/1/0002/7600/4882/files/MIRAMARTERRA_2_332dd09a-0cdb-4753-8f0d-05b9a50369bb.jpg?v=1708445539,https://cdn.shopify.com/s/files/1/0002/7600/4882/files/MIRAMARTERRA_4_9d900d76-7068-4298-8c87-b61be8e10a3d.jpg?v=1708445539,https://cdn.shopify.com/s/files/1/0002/7600/4882/files/MIRAMARTERRA_3.jpg?v=1708445519]",LIVY,9,1760.2979338842977,"Conçu en France, ce  haut de maillot de bain  triangle se distingue par son élégance et son style chic. Le modèle Miramar incarne le raffinement à la plage, tout en offrant un confort optimal. Sa coupe triangle met en valeur la silhouette tout en assurant un maintien parfait pour les journées ensoleillées.  Idéal pour des moments de détente au bord de l'eau, ce haut se marie facilement avec un bas coordonné pour un ensemble harmonieux et flatteur. Polyvalent, il peut également s'associer à une jupe légère pour une sortie estivale en bord de mer.  Livy signe ici une  création  que TheBradery a choisie pour son style sophistiqué et son confort inégalé 🌟  Composition : Tissu premium élastique pour un ajustement parfait."
14863791587707,Pulls Col Roulé,"numerodevente, Pulls Col Roulé, S, Type : Pulls Col Roulé, XL, XL, 2XL, Authentic Cashmere, AUTHENTICCASHMERE0126, Collection : Authentic Cashmere, dropshipping, L, M, no-search","[https://cdn.shopify.com/s/files/1/0002/7600/4882/files/AUTHCASHMERE-4350_20_1.jpg?v=1733253467,https://cdn.shopify.com/s/files/1/0002/7600/4882/files/AUTHCASHMERE-4350_20_2.jpg?v=1733253473,https://cdn.shopify.com/s/files/1/0002/7600/4882/files/AUTHCASHMERE-4350_20_3.jpg?v=1733253477,https://cdn.shopify.com/s/files/1/0002/7600/4882/files/AUTHCASHMERE-4350_20_4.jpg?v=1733253481]",AUTHENTIC CASHMERE,9,573.26666666666654,"En  jersey , ce  pull  se distingue par sa coupe droite sophistiquée. Sa teinte  givre  et son toucher raffiné en  100% Cachemire 2 Fils  en font une pièce d'exception, idéale pour enrichir votre garde-robe.  Parfait pour toutes les occasions, ce  pull Fornet  se marie avec élégance à un pantalon classique ou à un jean, offrant une silhouette raffinée et contemporaine.  Cette  création  Authentic Cashmere témoigne de luxe et de confort au quotidien, soigneusement choisie par TheBradery pour son élégance intemporelle et sa douceur exceptionnelle ✨  Composition : 100% Cachemire 2 Fils"
6586899595360,Jupe,"34, 36, 38, 40, Arma, Jupe",[],ARMA,9,0.0,  Composition :  100% Cuir d'agneau   Entretien :  Nettoyage spécial pour le cuir 
7228384313440,Bikini Bottoms,"Bikini Bottoms, STELLA MCCARTNEY, YOOX1024",[https://cdn.shopify.com/s/files/1/0002/7600/4882/files/47295231FJ_2.jpg?v=1729251269],STELLA MCCARTNEY,9,0.0,
15078667682171,Chaussures,"AXELARIGATO0525, Chaussures, Collection : Axel Arigato, dropshipping, JEVASOWH, R322, Type : Chaussures, 42, Axel Arigato",[https://cdn.shopify.com/s/files/1/0002/7600/4882/files/f0158030_productpage.jpg?v=1747717998],AXEL ARIGATO,9,0.0, Baskets Basses   Couleur :  Yellow/Neon 
7187430998112,T-Shirts,"Believe Athletics, BELIEVEATHLETICS0824, Collection : Believe Athletics, dropshipping, T-Shirts, Type : T-Shirts","[https://cdn.shopify.com/s/files/1/0002/7600/4882/files/Hug-Me-T-Shirt-en-Gris-T-Shirts-Tienda-Ropa-Leggings-Yoga-Sostenibles-Reciclados-Mujer-On-line-Sustainable-Recycled-Yoga-Clothes-Believe-Athletics-Barcelona-7.jpg?v=1724743308,https://cdn.shopify.com/s/files/1/0002/7600/4882/files/Hug-Me-T-Shirt-en-Gris-T-Shirts-Tienda-Ropa-Leggings-Yoga-Sostenibles-Reciclados-Mujer-On-line-Sustainable-Recycled-Yoga-Clothes-Believe-Athletics-Barcelona-11.jpg?v=1724743308,https://cdn.shopify.com/s/files/1/0002/7600/4882/files/Hug-Me-T-Shirt-en-Gris-T-Shirts-Tienda-Ropa-Leggings-Yoga-Sostenibles-Reciclados-Mujer-On-line-Sustainable-Recycled-Yoga-Clothes-Believe-Athletics-Barcelona-9.jpg?v=1724743308,https://cdn.shopify.com/s/files/1/0002/7600/4882/files/Hug-Me-T-Shirt-en-Gris-T-Shirts-Tienda-Ropa-Leggings-Yoga-Sostenibles-Reciclados-Mujer-On-line-Sustainable-Recycled-Yoga-Clothes-Believe-Athletics-Barcelona-8.jpg?v=1724743308,https://cdn.shopify.com/s/files/1/0002/7600/4882/files/Hug-Me-T-Shirt-en-Gris-T-Shirts-Tienda-Ropa-Leggings-Yoga-Sostenibles-Reciclados-Mujer-On-line-Sustainable-Recycled-Yoga-Clothes-Believe-Athletics-Barcelona-2.jpg?v=1724743308,https://cdn.shopify.com/s/files/1/0002/7600/4882/files/Hug-Me-T-Shirt-en-Gris-T-Shirts-Tienda-Ropa-Leggings-Yoga-Sostenibles-Reciclados-Mujer-On-line-Sustainable-Recycled-Yoga-Clothes-Believe-Athletics-Barcelona.jpg?v=1724743308,https://cdn.shopify.com/s/files/1/0002/7600/4882/files/Hug-Me-T-Shirt-en-Gris-T-Shirts-Tienda-Ropa-Leggings-Yoga-Sostenibles-Reciclados-Mujer-On-line-Sustainable-Recycled-Yoga-Clothes-Believe-Athletics-Barcelona-5.jpg?v=1724743308,https://cdn.shopify.com/s/files/1/0002/7600/4882/files/Hug-Me-T-Shirt-en-Gris-T-Shirts-Tienda-Ropa-Leggings-Yoga-Sostenibles-Reciclados-Mujer-On-line-Sustainable-Recycled-Yoga-Clothes-Believe-Athletics-Barcelona-10.jpg?v=1724743308,https://cdn.shopify.com/s/files/1/0002/7600/4882/files/Hug-Me-T-Shirt-en-Gris-T-Shirts-Tienda-Ropa-Leggings-Yoga-Sostenibles-Reciclados-Mujer-On-line-Sustainable-Recycled-Yoga-Clothes-Believe-Athletics-Barcelona-6.jpg?v=1724743308,https://cdn.shopify.com/s/files/1/0002/7600/4882/files/Hug-Me-T-Shirt-en-Gris-T-Shirts-Tienda-Ropa-Leggings-Yoga-Sostenibles-Reciclados-Mujer-On-line-Sustainable-Recycled-Yoga-Clothes-Believe-Athletics-Barcelona-4.jpg?v=1724743308,https://cdn.shopify.com/s/files/1/0002/7600/4882/files/Hug-Me-T-Shirt-en-Gris-T-Shirts-Tienda-Ropa-Leggings-Yoga-Sostenibles-Reciclados-Mujer-On-line-Sustainable-Recycled-Yoga-Clothes-Believe-Athletics-Barcelona-3.jpg?v=1724743308]",BELIEVE ATHLETICS,9,0.0," 94% Modal, 6% Lycra certifié "
6857948954720,Joggings,"S, Type : Joggings, Under Armour, UNDERARMOUR0224, 2241220, Collection : Under Armour, dropshipping, Joggings, M","[https://cdn.shopify.com/s/files/1/0002/7600/4882/files/s7.V5-1379831-490_BC.jpg?v=1708423543,https://cdn.shopify.com/s/files/1/0002/7600/4882/files/s7.V5-1379831-490_FSF.jpg?v=1708423548,https://cdn.shopify.com/s/files/1/0002/7600/4882/files/s7.V5-1379831-490_FC.jpg?v=1708423540]",UNDER ARMOUR,9,66.5,"  Composition :  73% Cotton,27% Polyester "
7228316418144,Pants,"BURBERRY, Pants, YOOX1024",[https://cdn.shopify.com/s/files/1/0002/7600/4882/files/13683378LO_2.jpg?v=1729250877],BURBERRY,9,0.0,
15310104265083,CARDIGAN,"MAISONKITSUNE1225, MK1225, NONRETOURNABLE, ventephysique",[https://cdn.shopify.com/s/files/1/0002/7600/4882/files/Kisune_CC_81_7093aa57-5154-47a0-b5cc-e5a0d315724c.png?v=1765299095],MAISON KITSUNE,9,566.66666666666674,
7235845947488,Cables,"<20€, Back_To_School_2024, filterCable_Length:12, filterCable_Type:USB-A_To_USB-C, USB-C, YGroup_belt-cable","[https://cdn.shopify.com/s/files/1/0002/7600/4882/files/BELTC-C-Tiles-Mobile_03_93170106-5589-448e-aae8-a64088bcf209.jpg?v=1730381614,https://cdn.shopify.com/s/files/1/0002/7600/4882/files/BELTCABLE_A-C_Zebra_Hero1_9376c8e4-a149-444b-af6a-ed6374be8a7f.png?v=1730381614,https://cdn.shopify.com/s/files/1/0002/7600/4882/files/BELTCABLE_A-C_Zebra_Hero2_6cacc2d8-5a90-4e8a-9382-dff712af5ce8.png?v=1730381614,https://cdn.shopify.com/s/files/1/0002/7600/4882/files/image03_4aa4e485-b581-4e59-bed2-50f12e4ab0bd.jpg?v=1730381614,https://cdn.shopify.com/s/files/1/0002/7600/4882/files/image04_8aa60b77-545d-483f-bd30-b778bb713b3d.jpg?v=1730381614,https://cdn.shopify.com/s/files/1/0002/7600/4882/files/image05_bc96d253-b038-46f1-a3c3-894c6f7268a8.jpg?v=1730381614,https://cdn.shopify.com/s/files/1/0002/7600/4882/files/responsible-packaging_8d35f5b4-b85c-4d4e-8d89-847e22a7d9b1.jpg?v=1730381614]",NATIVE UNION,10,0.0," Charge smart and neat. An everyday powerful charging solution that looks, feels, and works better. 
 
  Shipped in responsible packaging -  Learn more   
 For Type-C phones & tablets 
 Stay tangle-free with the genuine leather strap 
 4ft length for effortless on-the-go carry 
 Reinforced nylon braiding withstands wear & tear 
 Choose quality, USB-IF certified 
 This product is also available in  USB-A to Lightning ,  USB-C to Lightning , and  USB-C to USB-C . 
 
 
 
 
 
   
   
   
   
 
 
 Responsible Packaging 
 Lifetime Limited Warranty 
 14-Day Returns 
 Secure Checkout 
 
 
 "
6701569441888,Accessoires,"dropshipping, Enfant Unisexe, INACTIF, recherche1:Accessoires, recherche2:Chapeaux, TU, Type : Accessoires, Vilebrequin, VILEBREQUIN1123, 11230852, Accessoires, Collection : Vilebrequin","[https://cdn.shopify.com/s/files/1/0002/7600/4882/files/CTNH0400-333-back.jpg?v=1698773283,https://cdn.shopify.com/s/files/1/0002/7600/4882/files/CTNH0400-333-front.jpg?v=1698773283]",VILEBREQUIN,10,0.0," Casquette avec finition tour de la visière en cuir lavable bleu marine Patte de serrage dos et deux œillets dos Tortue brodée ton sur ton centrée sur le front Logo Vilebrequin brodé dos ton sur ton Non doublé, finition biais ton sur ton 
  Composition :  100% Coton 
  Conseils d'entretien:  Lavez votre Casquette homme et femme à 30°C avec des coloris similaires.
N’utilisez pas d’agents de blanchiment ou de produits détachants oxygénés et à base de chlore.
Séchez votre Casquette à l’air libre et non au sèche-linge.
Ne pas repasser.
Ne pas nettoyer votre Casquette à sec. "
15080513569147,Jardin,"5cm, 5x26, BAITAHOME030, BAITAHOME0525, Baïta Home, Collection : Baïta Home, dropshipping, HORSNORME, Jardin, Type : Jardin, 111x64, 285252435","[https://cdn.shopify.com/s/files/1/0002/7600/4882/files/GARIMINBS01_135_20_9.jpg?v=1748364576,https://cdn.shopify.com/s/files/1/0002/7600/4882/files/GARIMINBS01_135_20_3.jpg?v=1748364568,https://cdn.shopify.com/s/files/1/0002/7600/4882/files/GARIMINBS01_135_20_5.jpg?v=1748364570,https://cdn.shopify.com/s/files/1/0002/7600/4882/files/GARIMINBS01_135_20_2.jpg?v=1748364568,https://cdn.shopify.com/s/files/1/0002/7600/4882/files/GARIMINBS01_135_20_4.jpg?v=1748364570,https://cdn.shopify.com/s/files/1/0002/7600/4882/files/GARIMINBS01_135_20_8.jpg?v=1748364575,https://cdn.shopify.com/s/files/1/0002/7600/4882/files/GARIMINBS01_135_20_6.jpg?v=1748364571,https://cdn.shopify.com/s/files/1/0002/7600/4882/files/GARIMINBS01_135_20_7.jpg?v=1748364572]",BAITA HOME,10,0.0," L'ensemble repas RIMINI 2 places de la collection BEAU RIVAGE® propose une élégante combinaison de bois d'acacia blanchi et de textilène taupe. La structure solide en bois d'acacia blanchi donne une touche naturelle, tandis que les chaises offrent confort et durabilité avec leur assise et leur dossier en textilène. Matériaux de qualité :  Fabriqué en bois d'acacia blanchi, cet ensemble repas allie charme naturel et durabilité. L'acacia est un bois résistant aux intempéries, idéal pour une utilisation en extérieur. Confort optimal :  Les chaises sont équipées d'un dossier et d'une assise en textilène taupe, offrant un confort optimal. Le textilène est un matériau respirant, résistant aux UV et facile à entretenir. Praticité et gain d'espace :  La table pliante permet un rangement facile lorsque l'ensemble n'est pas utilisé. Les dimensions de la table (150x90x75cm) offrent un espace généreux pour accueillir jusqu'à quatre convives confortablement. "
15279628583291,Chemises Et Tops,"Chemises Et Tops, Collection : Kids Around, dropshipping, Kids Around, KIDSAROUND1125, Type : Chemises Et Tops","[https://cdn.shopify.com/s/files/1/0002/7600/4882/files/X60237_A12_002_f88f285c-a6a2-464e-b658-e470f64df78c.jpg?v=1761926501,https://cdn.shopify.com/s/files/1/0002/7600/4882/files/X60237_A12_001_569e675d-f094-4a99-bf30-7450c6bb81b1.jpg?v=1761926497]",KIDS AROUND,10,20.825," Tee-shirt en jersey chiné coton issu de l'agriculture biologique, illustration devant, fronces aux épaules   Composition :  100% Coton   Entretien :  Lavage Machine À 30° - Blanchiment Interdit - Séchage Tambour Interdit - Repassage Doux - Nettoyage À Sec Interdit "
14864414376315,Bagues,"dropshipping, seo-generated-metafields20251210, TU, Type : Bagues, Type : Bagues, Bagues, Caroline Najman, CAROLINENAJMAN1225, Collection : Caroline Najman","[https://cdn.shopify.com/s/files/1/0002/7600/4882/files/FRIDA-BAGA-DORE-62-NUL.jpg?v=1747055022,https://cdn.shopify.com/s/files/1/0002/7600/4882/files/FRIDA-BAGA-DORE-62-NUL_0d829ea0-a114-4427-862e-ba196532e0a0.jpg?v=1747055025]",CAROLINE NAJMAN,10,48.916666666666657," La bague Frida est plaquée or. La collection Frida hommage à une artiste rebelle, réinvente et sublime la rose. C'est une collection pour toutes les femmes à innombrables facettes.  "
7166146445408,Mules,"Mules, numerodelavente, recherche1:Chaussures, recherche2:Mules, Scholl, SCHOLLSRP0724, Type : Mules, 36, 37, 38, 39, 40, 41, 42, Collection : Scholl, dropshipping, LIMITEDXSCHOLLSRP0724",[https://cdn.shopify.com/s/files/1/0002/7600/4882/files/products_31994120_image1_original.jpg?v=1721922196],SCHOLL,10,0.0," Des chaussures aussi confortables que tendances ! La marque Scholl propose une collection de bottines, sandales, mules et baskets possédant des technologies favorisant le bien-être du pied et de l’ensemble de la posture. Avec Scholl vous marcherez des heures sans ressentir la moindre douleur ! "
6941515415648,Mini,">100€, Mini, Off White, OFFWHITE0424","[https://cdn.shopify.com/s/files/1/0002/7600/4882/files/owdg008s24fab001_Image_2_C1.jpg?v=1712660733,https://cdn.shopify.com/s/files/1/0002/7600/4882/files/owdg008s24fab001_Image_3_C1.jpg?v=1712660732,https://cdn.shopify.com/s/files/1/0002/7600/4882/files/owdg008s24fab001_Image_1_C1.jpg?v=1712660732]",OFF WHITE,10,0.0," Mini robe chemise Off-White en pure popeline de coton, avec col italien, patte de boutonnage sur le devant, manches bouffantes à longs poignets boutonnés, poches à l'entrejambe et empiècement plissé à l'ourlet. Marqué d'une broderie OW ton sur ton. Coupe droite. Le modèle mesure 177 cm et porte la taille IT 40. "
6640284237920,Art De La Table,"Collection : PIPStudioNew, Default Title, dispeo, PIP Studio, PIPStudioNew, recherche1:Lifestyle, recherche2:Art De La Table, Type : Art De La Table, Type : Vaisselle, Vaisselle, Art De La Table, Collection : PIP Studio",[https://cdn.shopify.com/s/files/1/0002/7600/4882/products/6-verres-a-eau-royal-poids-dores-992785.jpg?v=1671720669],PIP STUDIO,10,0.0,"  6 Verres À Eau Golden Dots Royal    Dimensions :   370ml  La collection de vaisselle Royal présente des formes uniques et une porcelaine délicate. Des techniques d'impression modernes ont été utilisées pour réunir l'ancien et le nouveau dans cette collection.  Les pièces de Royal comprennent des éléments de vaisselle historique, fleurs vintage, fleurs peintes en bleu, branches et détails dorés qui ornent l'œuvre d'art en respectant les formes et les couleurs. La collection de vaisselle Royal répond à un désir d'honorer notre origine néerlandaise et de créer une édition apaisante. "
7111874674784,Chemises,"34, 36, 38, 40, Chemises, Collection : Le Vestiaire Luxe, dropshipping, JSCTRADE2, Le Vestiaire Luxe, LEVESTIAIREDELUXEPAP0624, Type : Chemises","[https://cdn.shopify.com/s/files/1/0002/7600/4882/files/chemise-avec-foulard-imprimee_ce287957-cce5-4b6b-96a0-c7bf9041ff8d.jpg?v=1718275621,https://cdn.shopify.com/s/files/1/0002/7600/4882/files/chemise-avec-foulard-imprimee.jpg?v=1718275235,https://cdn.shopify.com/s/files/1/0002/7600/4882/files/chemise-avec-foulard-imprimee_0ecaa20f-3b44-4fdf-8a4e-779dfc7ca0cc.jpg?v=1718120653,https://cdn.shopify.com/s/files/1/0002/7600/4882/files/chemise-avec-foulard-imprimee_c697d2ce-7a9c-43e0-a42c-957a4df6313a.jpg?v=1718120643]",LE VESTIAIRE LUXE,10,0.0," Chemisier à manches longues, col classique, fermeture boutonnée, foulard à nouer sur l'avant rattaché au col, imprimé floral.   Composition :  100% sisal "
15318690234747,Accessoires,"seo-generated-metafields20251227, TU, Type : Accessoires, Type : Accessoires, no-seach, SS25, THEBRADERYDIC25, tiktokshop, TU, Accessoires, Born Living Yoga, BORNLIVINGYOGA1225, Collection : Born Living Yoga, dropshipping","[https://cdn.shopify.com/s/files/1/0002/7600/4882/files/NEST-AC-BLACK-STICK-3_279f8379-2b24-44f8-bd70-899fbee2a9fa.jpg?v=1765963123,https://cdn.shopify.com/s/files/1/0002/7600/4882/files/NEST-AC-BLACK-STICK-6_1dbe6236-6d61-4430-b58f-3a3d94d8a2e5.jpg?v=1765963123,https://cdn.shopify.com/s/files/1/0002/7600/4882/files/NEST-AC-BLACK-STICK-2_646b13c5-a870-497f-8466-dfee00cb04a6.jpg?v=1765963123,https://cdn.shopify.com/s/files/1/0002/7600/4882/files/NEST-AC-BLACK-STICK-4_3681a91e-1a2c-4be0-b6d5-a64796cf7dc8.jpg?v=1765963124,https://cdn.shopify.com/s/files/1/0002/7600/4882/files/4_19869b8e-3407-4350-a232-d429abe2de24.png?v=1765963128,https://cdn.shopify.com/s/files/1/0002/7600/4882/files/NEST-AC-BLACK-STICK-1_bbb853ae-ec9a-4ca4-9ed0-4ae5d45333f1.jpg?v=1765963124,https://cdn.shopify.com/s/files/1/0002/7600/4882/files/NEST-AC-BLACK-STICK-5_7a5b0b46-b3a1-4991-899c-59a95ece48c6.jpg?v=1765963123,https://cdn.shopify.com/s/files/1/0002/7600/4882/files/NEST-AC-BLACK-STICK-7_f2cf1704-fd70-4c12-b965-f4c4868a59a7.jpg?v=1765963123]",BORN LIVING YOGA,10,116.63333333333334,"Élégant et pratique, ce  sac  en  néoprène  se distingue par son design fonctionnel, idéal pour les voyages. Avec un compartiment spécialement conçu pour être transporté sur une valise, il offre également un espace de rangement optimal grâce à ses deux poches extérieures et ses multiples poches intérieures.  Parfait pour allier style et praticité au quotidien, ce  sac  accompagne idéalement vos déplacements, que ce soit pour le travail ou les loisirs.   Une  création  Born Living Yoga que TheBradery a soigneusement retenue pour son utilité et son esthétique raffinée ✨   Composition  : Néoprène, zippé, multibolsillos    Mesures  : 30cm x 38cm x 17cm (fuelle)"
15206289113467,Linge De Bain,"numerodevente, S, seo-generated-metafields20251216, Type : Linge De Bain, XS, Collection : La Serviette Paris, dropshipping, L, La Serviette Paris, LASERVIETTEPARIS1225, Linge De Bain, M","[https://cdn.shopify.com/s/files/1/0002/7600/4882/files/PGE231-7-L-peignoir-blanc-lisere-vert-anglais-l-la-serviette-paris5.jpg?v=1755071842,https://cdn.shopify.com/s/files/1/0002/7600/4882/files/PGE231-7-L-peignoir-blanc-lisere-vert-anglais-l-la-serviette-paris7.jpg?v=1765909291,https://cdn.shopify.com/s/files/1/0002/7600/4882/files/PGE231-7-L-peignoir-blanc-lisere-vert-anglais-l-la-serviette-paris8.jpg?v=1755071842,https://cdn.shopify.com/s/files/1/0002/7600/4882/files/PGE231-7-L-peignoir-blanc-lisere-vert-anglais-l-la-serviette-paris1_1.jpg?v=1765909291]",LA SERVIETTE PARIS,10,403.06666666666666," Qualité supérieure : confectionné à partir de coton éponge zéro-twist pour une absorption optimale et un moelleux incomparable.
 Confort haut de gamme : densité de 450 g/m² offrant une douceur exceptionnelle grâce à des fibres de coton extra-longues.
 Finitions élégantes : col châle raffiné & sublimé par une finition passepoil à retrouver sur poches et manches, taille ajustée et ceinture cousue.
 Pratique et fonctionnel : doté de deux poches spacieuses, parfaites pour garder vos mains au chaud ou ranger vos petits essentiels.
 Responsable : certifiée OEKO-TEX sans substance nocive. "
7228403810400,Long Sleeved Top,"Long Sleeved Top, VANESSA BRUNO, YOOX1024",[https://cdn.shopify.com/s/files/1/0002/7600/4882/files/49614960OH_2.jpg?v=1729251367],VANESSA BRUNO,10,0.0,
7228383232096,Pants,"Pants, STELLA MCCARTNEY, YOOX1024",[https://cdn.shopify.com/s/files/1/0002/7600/4882/files/13471474OI_2.jpg?v=1729251255],STELLA MCCARTNEY,10,0.0,
7228398567520,Pants,"Pants, TWINSET, YOOX1024",[https://cdn.shopify.com/s/files/1/0002/7600/4882/files/13437971ED_2.jpg?v=1729251346],TWINSET,10,0.0,
7228389982304,Sandals,"Sandals, STEVE MADDEN, YOOX1024",[https://cdn.shopify.com/s/files/1/0002/7600/4882/files/s_6d784ac3-9af7-420b-9e0f-7e3b41540910.gif?v=1729251300],STEVE MADDEN,10,0.0,
6593671725152,Autres,"12A, 4A, 8A, Autres, Bonnet A Pompon, dropshipping, eligibility",[],BONNET A POMPON,10,0.0,
6625952268384,Manteaux/Veste - Bébé - Mixte,"18/24, 2/3Y, 3/4Y, 4/5Y, 5/6Y, 6/7Y, 6/9M, 7/8Y, 9/12M, Collection : Tocoto Vintage, dropshipping, eligibility, Manteaux/Veste - Bébé - Mixte, target2sell:2022-05-18 07:45:00, Tocoto Vintage, Type : Manteaux/Veste - Bébé - Mixte",[],TOCOTOVINTAGE1,10,0.0,
6563380985952,Accessoires,"<20€, Accessoires, Mon Petit Bikini, monpetitbikinitaille, TU","[https://cdn.shopify.com/s/files/1/0002/7600/4882/products/bracelet-lucky-rose-accessoires-mon-petit-bikini-741100.jpg?v=1625738685,https://cdn.shopify.com/s/files/1/0002/7600/4882/products/bracelet-lucky-rose-accessoires-mon-petit-bikini-608520.jpg?v=1625738482]",MON PETIT BIKINI,11,41.666666666666671," Bracelet réglable avec inscription cousue
 Présence de deux pompoms 
 Longueur : 13 cm (environ)   Composition :  100% tissus   Entretien :  ne pas se baigner avec "
6652235841632,Accessoires,"Bonheur Du Jour, Collection : Bonheur Du Jour, dropshipping, INACTIF, SRPFINALRETOUR0923, TU, Type : Accessoires, 3230565, <20€, Accessoires",[https://cdn.shopify.com/s/files/1/0002/7600/4882/products/SCARFARYACARAMELKID.png?v=1679482161],BONHEUR DU JOUR,11,249.16666666666669," Foulard mode imprimé fleurs « à l’indienne »
Joli motif exclusif dessiné par Bonheur du Jour
Tissu tout doux pur coton
60 cms x 60 cms        Composition :  Tissu imprimé « indienne » tout doux 100% coton.   Entretien :  Pour un entretien facile, lavage à 30° délicat, laver avec des coloris similaires, repassage à basse température, sèche-linge doux. "
6655022170208,Maille Et Sweats,"SRPFINALRETOUR0923, Type : Maille Et Sweats, 4230483, Collection : IMPREVU, dropshipping, IMPREVU, INACTIF, L, M, Maille Et Sweats, recherche1:PrÃªt-Ã -porter, recherche2:Sweatshirt, S","[https://cdn.shopify.com/s/files/1/0002/7600/4882/products/E2201COL13_0648copie.jpg?v=1680881392,https://cdn.shopify.com/s/files/1/0002/7600/4882/products/E2201COL13_0655copie2.jpg?v=1680881392,https://cdn.shopify.com/s/files/1/0002/7600/4882/products/E2201COL1.jpg?v=1680881392]",IMPREVU,11,32.504132231404959," Sweat-T-shirt blanc moucheté à manches courtes, en coton épais organique. Esprit collège-vintage et logo Imprevu, mais bienvenu.   Composition :  100% Cotton "
14875223228795,Pulls Col Rond,"numerodevente, Perfect Cashmere, PERFECTCASHMERE0126, Pulls Col Rond, S, Type : Pulls Col Rond, XL, Type : Pulls Col Rond, XL, 2XL, Collection : Perfect Cashmere, dropshipping, L, M, no-search","[https://cdn.shopify.com/s/files/1/0002/7600/4882/files/PERFCASHMERE-5550_20_5.jpg?v=1735570028,https://cdn.shopify.com/s/files/1/0002/7600/4882/files/PERFCASHMERE-5550_20_2.jpg?v=1735570015,https://cdn.shopify.com/s/files/1/0002/7600/4882/files/PERFCASHMERE-5550_20_4.jpg?v=1735570023,https://cdn.shopify.com/s/files/1/0002/7600/4882/files/PERFCASHMERE-5550_20_1.jpg?v=1735570010,https://cdn.shopify.com/s/files/1/0002/7600/4882/files/PERFCASHMERE-5550_20_3.jpg?v=1735570019]",PERFECT CASHMERE,11,299.96666666666664,"Ce  pull  en  cachemire 2 fils  se distingue par son  col rond  et sa teinte  violet chiné , parfait pour apporter une touche de douceur à votre garde-robe. Conçu dans le respect des savoir-faire qui caractérisent Perfect Cashmere, il offre une allure élégante tout en garantissant un confort optimal.  Idéal pour les journées fraîches, ce pull se marie à merveille avec un jean décontracté ou un pantalon habillé pour un look à la fois stylé et confortable. Ses finitions soignées vous permettent de vous démarquer en toute simplicité.  TheBradery vous propose ce  pull  signature de Perfect Cashmere, qui allie sophistication et chaleur pour les moments qui méritent d'être appréciés. ✨  Composition : 100% CACHEMIRE 2 FILS"
6652194979936,Maillots De Bain 1 Pièce,"4, 5, Albertine2, Collection : Albertine2, dropshipping, eligibility, Maillots De Bain 1 Pièce, recherche1:Accessoires, recherche2:Maillots de bains, Type : Maillots De Bain 1 Pièce, 0, 1, 3230099",[],OLD VENDOR,11,0.0," Maillot 1 Pièce Santiago - Indian - Femme 
 Très sensuel, le Santiago est notre crush de l’été ! Fidèle à notre ADN mix and match, il est composé de trois matières différentes qui se juxtaposent en douceur sur la peau. Ses décolletés en V sur le devant et dans le dos sont maintenus par de fines bretelles croisées qui feront de vous la fille la plus sexy de la plage ! #bombasse 
  Composition :  78PA ECONYL® 22 EA 
  Conseils d'Entretien :   
  Conseils Taille :   
  Mensuration Mannequin :  Kelly porte une taille 1   "
6904618909792,Linge De Lit,"TODAY1224, Type : Linge De Lit, dropshipping, Linge De Lit, recherche1:Maison, recherche2:Linge De Lit, TODAY","[https://cdn.shopify.com/s/files/1/0002/7600/4882/files/123018_3_A_2x_b91b9d24-3393-4dbf-b0ea-865c94ac9aeb.jpg?v=1718789676,https://cdn.shopify.com/s/files/1/0002/7600/4882/files/123018_2_Z_2x_3a641d00-9737-4e4d-957c-b201219bf868.jpg?v=1718789676,https://cdn.shopify.com/s/files/1/0002/7600/4882/files/123018_1_P_2x_fba666f3-1531-4fd0-a8e1-541601314978.jpg?v=1718789676]",TODAY,11,48.166666666666664," Fente passe main et fermeture boutonnière Certifié Oeko-Tex Entretien facile Lavage 40° en machine 
 Cette parure de lit Today Sunshine composée d’une housse de couette et de 2 taies d'oreillers 63X63 cm pour un lit 2 personnes accompagnera vos nuits et vous offrira un confort de sommeil inégalable. Sa composition 100% Coton de qualité supérieure 57 fils/cm² donnera à votre literie une douceur exceptionnelle. Ses fentes passe main et sa boutonnière dissimulée rendent le produit simple d’utilisation. Ce produit est certifié Oeko-Tex® : Le label Oeko-Tex® garantit que les articles testés et certifiés ne présentent pas de substances pouvant nuire à la santé. "
7220335181920,Gilets,"2XL, Collection : Just Cashmere, dropshipping, Gilets, Just Cashmere, JUSTCASHMERE1125, L, M, S, seo-generated-metafields20251124, Type : Gilets, XL, XL, XL","[https://cdn.shopify.com/s/files/1/0002/7600/4882/files/JUCASHMERE-5859_1.jpg?v=1728396063,https://cdn.shopify.com/s/files/1/0002/7600/4882/files/JUCASHMERE-5859_3.jpg?v=1728396063,https://cdn.shopify.com/s/files/1/0002/7600/4882/files/JUCASHMERE-5859_5.jpg?v=1728396063,https://cdn.shopify.com/s/files/1/0002/7600/4882/files/JUCASHMERE-5859_4.jpg?v=1728396063,https://cdn.shopify.com/s/files/1/0002/7600/4882/files/JUCASHMERE-5859_2.jpg?v=1728396063]",JUST CASHMERE,11,249.97500000000002,"Doté d'une  coupe contemporaine , ce  gilet  Just Cashmere apporte une touche de sophistication à votre garde-robe. Sa fermeture zippée et son col Mao en font une pièce à la fois confortable et raffinée, idéale pour les saisons fraîches.  À porter sur un tee-shirt ou une chemise, ce  gilet  se prête parfaitement à des occasions variées, que ce soit pour un rendez-vous décontracté ou une sortie en ville. Son design versatile en fera un allié au quotidien.  TheBradery vous propose ce  gilet  Just Cashmere qui incarne la qualité de fabrication et le style intemporel, idéal pour ceux qui recherchent le meilleur du luxe au quotidien 🌟  Composition : 100% cachemire"
15288149737851,,,"[https://cdn.shopify.com/s/files/1/0002/7600/4882/files/pichet-decoratif-noir-en-ceramique-portugal.jpg?v=1763035250,https://cdn.shopify.com/s/files/1/0002/7600/4882/files/pichet-decoratif-noir-en-ceramique-portugal_be2b8bb3-a95a-4ba4-baad-6890ce3a06ae.jpg?v=1763035250,https://cdn.shopify.com/s/files/1/0002/7600/4882/files/pichet-decoratif-noir-en-ceramique-portugal_571fe0d0-b986-4c7e-8df5-5b51ca37d04f.jpg?v=1763035249,https://cdn.shopify.com/s/files/1/0002/7600/4882/files/pichet-decoratif-noir-en-ceramique-portugal_af7de62d-912e-4651-8dd0-5e086ccbcdcc.jpg?v=1763035249]",THEM,11,0.0,
6642701205600,Tops,,"[https://cdn.shopify.com/s/files/1/0002/7600/4882/products/top-noll-moon-multi-homme-742876.jpg?v=1673869177,https://cdn.shopify.com/s/files/1/0002/7600/4882/products/top-noll-moon-multi-homme-429435.jpg?v=1673869177,https://cdn.shopify.com/s/files/1/0002/7600/4882/products/top-noll-moon-multi-homme-517037.jpg?v=1673869177]",THEORY NYC,11,95.0,  Composition :  100% Lyocell 
15041607565691,Bracelets,"TU, Type : Bracelets, Bracelets, Collection : Moode, dropshipping, meta_seo_processed, Moode, MOODE1025",[https://cdn.shopify.com/s/files/1/0002/7600/4882/files/ARBO5272Jac.jpg?v=1744632486],MOODE,11,16.575000000000003,  Matière :  Acier inoxydable 
4488771764320,Hauts,Hauts,[],DIEGA,11,0.0, 70% Viscose 30% Laine 
14859606786427,Chemise,"Siedrés, Type : Chemise, 36, 38, 40, >100€, Chemise, dropshipping, JEVASOWH, recherche1:Prêt-À-Porter, recherche2:Chemises, SIEDRES1124","[https://cdn.shopify.com/s/files/1/0002/7600/4882/files/ESME-WRS24TP07MC-3_43a103b0-5e9e-4987-a658-9e862be4f70a.jpg?v=1732728750,https://cdn.shopify.com/s/files/1/0002/7600/4882/files/ESME-WRS24TP07MC-1_77c90963-5e43-4649-be74-fbf7344d57dc.jpg?v=1732728751,https://cdn.shopify.com/s/files/1/0002/7600/4882/files/ESME-WRS24TP07MC-2_185d8dda-922f-4451-9f01-9a3d65266057.jpg?v=1732728751]",SIEDRES,11,0.0, Chemise transparente imprimée 
15277261226363,Derbies,"44, 45, 46, British Passport, BRITISHPASSPORT0126, Collection : British Passport, Derbies, dropshipping, seo-generated-metafields20260102, Type : Derbies, Type : Derbies, Type : Derbies, 41, 42, 43","[https://cdn.shopify.com/s/files/1/0002/7600/4882/files/BP7270-1.jpg?v=1761921426,https://cdn.shopify.com/s/files/1/0002/7600/4882/files/BP7270-3.jpg?v=1761921439,https://cdn.shopify.com/s/files/1/0002/7600/4882/files/BP7270-5.jpg?v=1761921446,https://cdn.shopify.com/s/files/1/0002/7600/4882/files/BP7270-2.jpg?v=1761921436,https://cdn.shopify.com/s/files/1/0002/7600/4882/files/BP7270-4.jpg?v=1761921443,https://cdn.shopify.com/s/files/1/0002/7600/4882/files/BP7270-6.jpg?v=1761921448,https://cdn.shopify.com/s/files/1/0002/7600/4882/files/BP7270-A.jpg?v=1761921430]",BRITISH PASSPORT,11,99.99166666666666, Derby - Bordeaux - Homme 
14869531230587,TEE SHIRT,"0, 1, 2, 3, 4, Des Petits Hauts, no-search, TEE SHIRT",[],DES PETITS HAUTS,11,0.0,  Composition :  50% Modal 50% Coton  
6913224867936,Gilets,"recherche1:Prêt-À-Porter, recherche2:Gilets, T1, T2, Type : Gilets, Des Petits Hauts, dropshipping, Gilets",[],DES PETITS HAUTS,11,0.0,
7228370223200,Midi dresses,"MARNI, Midi dresses, YOOX1024",[https://cdn.shopify.com/s/files/1/0002/7600/4882/files/15120394SU_2.jpg?v=1729251182],MARNI,11,0.0,
6726372687968,Caleçons,"Collection : ARTHUR, dropshipping, L, M, recherche1:Prêt-à-porter, recherche2:Sous-vêtements, resize1, Type : Caleçons, XL, 12230273, ARTHUR, ARTHUR1123, Caleçons","[https://cdn.shopify.com/s/files/1/0002/7600/4882/files/CSPCL960_ARTHUR_SOUSVETEMENTS_HOMME_CALECON_SUSPENSOIR_LE_CLUB_960_E22_1.jpg?v=1700038470,https://cdn.shopify.com/s/files/1/0002/7600/4882/files/CSPCL960_ARTHUR_SOUSVETEMENTS_HOMME_CALECON_SUSPENSOIR_LE_CLUB_960_E22_3.jpg?v=1700038464,https://cdn.shopify.com/s/files/1/0002/7600/4882/files/CSPCL960_ARTHUR_SOUSVETEMENTS_HOMME_CALECON_SUSPENSOIR_LE_CLUB_960_E22_4.jpg?v=1700038464,https://cdn.shopify.com/s/files/1/0002/7600/4882/files/CSPCL960_ARTHUR_SOUSVETEMENTS_HOMME_CALECON_SUSPENSOIR_LE_CLUB_960_E22_2.jpg?v=1701352107]",ARTHUR,11,199.0, Caleçon suspensoir Le Club n°960 
6794690625632,Manteaux Et Vestes,"2240085, 34, 36, Collection : Pyrenex, dropshipping, Pyrenex, PYRENEX0224, Type : Manteaux Et Vestes","[https://cdn.shopify.com/s/files/1/0002/7600/4882/files/WONDERCERPX_2.jpg?v=1708609678,https://cdn.shopify.com/s/files/1/0002/7600/4882/files/WONDERCERPX_3.jpg?v=1708609678,https://cdn.shopify.com/s/files/1/0002/7600/4882/files/WONDERCERPX_1.jpg?v=1708609673]",PYRENEX,11,0.0,  Composition :  100% Polyamide 
7228364783712,Bootcut Jeans,"Bootcut Jeans, MAJE, YOOX1024",[https://cdn.shopify.com/s/files/1/0002/7600/4882/files/13286327PS_2.jpg?v=1729251149],MAJE,11,0.0,
15304021377403,,"bijoux, choker, collier, collier cordon, FASCINATOMXTB1125","[https://cdn.shopify.com/s/files/1/0002/7600/4882/files/5926_306ead90-4aed-4049-8c59-a26e205615a3.jpg?v=1764151641,https://cdn.shopify.com/s/files/1/0002/7600/4882/files/Coussinsskieur_93.jpg?v=1764151641,https://cdn.shopify.com/s/files/1/0002/7600/4882/files/Coussinsskieur_4b0ccc70-67fd-4eb7-b261-f6be01c2a942.webp?v=1764151642,https://cdn.shopify.com/s/files/1/0002/7600/4882/files/chokercoeursacreveloursrose.webp?v=1764151642,https://cdn.shopify.com/s/files/1/0002/7600/4882/files/charmpendentifbijouxapersonnalisercollierbraceletaccumulation_9.png?v=1764151642]",FASCINATO,12,0.0," Ce collier ras de cou en ruban incarne à la fois l’élégance vintage et la sensualité romantique. Le ruban, d'une douceur exquise, se noue délicatement autour du cou, offrant un confort absolu tout en créant un contraste raffiné avec la peau. Son design épuré met en valeur un pendentif en forme de cœur sacré doré, symbole intemporel d’amour et de dévotion. 
 Le cœur sacré, travaillé avec soin, arbore des contours délicatement sculptés, avec une finition dorée éclatante qui capte la lumière et ajoute une touche de luxe subtil à l’ensemble. Son aura à la fois spirituelle et romantique confère au collier une profondeur symbolique, parfaite pour celles qui recherchent un bijou alliant beauté et signification. 
 Avec sa rallonge ajustable, ce collier s'adapte parfaitement à toutes les tailles, permettant de le porter au plus près du cou pour un effet ras de cou ou légèrement plus bas pour un look plus décontracté. Que ce soit pour un événement spécial ou pour ajouter une touche de charme vintage à une tenue quotidienne, ce collier saura sublimer votre style avec une note de raffinement et de poésie.  
 Un accessoire idéal pour les amatrices de bijoux délicats et chargés d’histoire, qui recherchent un équilibre parfait entre modernité et nostalgie. 
 Le pendentif mesure environ 3 cm, et le ruban mesure 30 cm + une extension, en ruban de velours / dentelle et acier inoxydable doré. "
6667731796064,Ensembles,,"[https://cdn.shopify.com/s/files/1/0002/7600/4882/products/products_26857053_image3_original.jpg?v=1688402902,https://cdn.shopify.com/s/files/1/0002/7600/4882/products/products_26857053_image5_original.jpg?v=1688402902,https://cdn.shopify.com/s/files/1/0002/7600/4882/products/products_26857053_image2_original.jpg?v=1688402902,https://cdn.shopify.com/s/files/1/0002/7600/4882/products/products_26857053_image1_original.jpg?v=1688402902,https://cdn.shopify.com/s/files/1/0002/7600/4882/products/products_26857053_image4_original.jpg?v=1688402902]",ADIDAS,12,20.833333333333336," Adidas réinvente le style en imposant le sportswear comme le \must-have\"" du dressing. La marque aux trois bandes relève le défi de l’inédit en rendant chaque style intemporel et chaque étape de la vie unique. Design, confort et audace sont les trois piliers Adidas qui vous permettront de devancer tout le reste en franchissant les étapes du temps.  Ensemble comprenant: -  Sweat à manches longues Col rond. Logo devant. -  Pantalon Taille élastique avec liens de serrage. 2 poches. Logo devant. Bandes contrastantes sur les côtés. Base élastique.  Doux et confortable.  ""   Coloris  : bleu marine et blanc  Matière  : 70% coton et 30% polyester recyclé  Entretien  : lavage à 30°C "
6560980992096,Femme,"36, 37, 38, 39, 40, 41, Bayton, Femme","[https://cdn.shopify.com/s/files/1/0002/7600/4882/products/sandales-compensees-wodonga-camel-femme-femme-bayton-455400.jpg?v=1624594524,https://cdn.shopify.com/s/files/1/0002/7600/4882/products/sandales-compensees-wodonga-camel-femme-femme-bayton-621015.jpg?v=1624594524,https://cdn.shopify.com/s/files/1/0002/7600/4882/products/sandales-compensees-wodonga-camel-femme-femme-bayton-998199.jpg?v=1624594524,https://cdn.shopify.com/s/files/1/0002/7600/4882/products/sandales-compensees-wodonga-camel-femme-femme-bayton-995732.jpg?v=1624594524,https://cdn.shopify.com/s/files/1/0002/7600/4882/products/sandales-compensees-wodonga-camel-femme-femme-bayton-764650.jpg?v=1624594524,https://cdn.shopify.com/s/files/1/0002/7600/4882/products/sandales-compensees-wodonga-camel-femme-femme-bayton-249977.jpg?v=1624594524,https://cdn.shopify.com/s/files/1/0002/7600/4882/products/sandales-compensees-wodonga-camel-femme-femme-bayton-643381.jpg?v=1624594524,https://cdn.shopify.com/s/files/1/0002/7600/4882/products/sandales-compensees-wodonga-camel-femme-femme-bayton-936631.jpg?v=1624606970]",BAYTON,12,0.0," Sandales Compensées Wodonga - Camel - Femme   Hauteur du talon :  4 cm  Composition Extérieure : Pu, Première De Propreté : 100% Leather, Semelle Extérieure : Cork+Eva   Entretien :  Nettoyage brosse ou chiffon humide "
6651856388192,Bottines,"41, 43, 43.5, 44.5, 45, 46, Bottines, Collection : Sorel, dispeo, Homme, Sorel, Type : Bottines, 3230557, 40, 40.5","[https://cdn.shopify.com/s/files/1/0002/7600/4882/products/1977211_010_o_preview_download.jpg?v=1678891833,https://cdn.shopify.com/s/files/1/0002/7600/4882/products/1977211_010_u_preview_download.jpg?v=1678891835,https://cdn.shopify.com/s/files/1/0002/7600/4882/products/1977211_010_f_preview_download.jpg?v=1678891822,https://cdn.shopify.com/s/files/1/0002/7600/4882/products/1977211_010_m_preview_download.jpg?v=1678891839,https://cdn.shopify.com/s/files/1/0002/7600/4882/products/1977211_010_f2_preview_download.jpg?v=1678891825,https://cdn.shopify.com/s/files/1/0002/7600/4882/products/1977211_010_b_preview_download.jpg?v=1678891829]",SOREL,12,125.0," 🧡 Première fois sur The Bradery- sélectionnée avec amour par la Team The Bradery  INCONTOURNABLE DE L’HIVER
La légèreté d'une basket combinée à une protection inégalée contre les intempéries. Cette botte est plus confortable que jamais, grâce à une tige en suédine imperméable, un amorti en EVA optimal sous le pied et une isolation de 100 g pour résister aux tempêtes de neige. Sa semelle en caoutchouc ultra-adhérente vous offre l’accroche nécessaire sur les surfaces glissantes. En bref, c'est la chaussure qu’il vous faut cet hiver. 
   Compositions   Semelle Extérieure :  100% Rubber  Doublure :  85%Polyester + 15%PU "
6733548748896,Colliers,"11230905, Colliers, dropshipping, recherche1:Accessoires, recherche2:Bijoux, SWAROVSKI1123, TU, Type : Colliers","[https://cdn.shopify.com/s/files/1/0002/7600/4882/files/products_28801763_image2_original.jpg?v=1700758300,https://cdn.shopify.com/s/files/1/0002/7600/4882/files/products_28801763_image4_original.jpg?v=1700758300,https://cdn.shopify.com/s/files/1/0002/7600/4882/files/products_28801763_image5_original.jpg?v=1700758300,https://cdn.shopify.com/s/files/1/0002/7600/4882/files/products_28801763_image3_original.jpg?v=1700758301]",SWAROVSKI,12,0.0,"Le leader mondial de bijoux et d’accessoires en cristal propose une large gamme de bagues, colliers ou encore montres dédiées aux femmes modernes et élégantes. Le savoir-faire ancestral de la marque, sa créativité et son sens du détail se retrouvent avec subtilité et délicatesse dans l’univers du bijou, de l’accessoire mais aussi de la décoration d’intérieur, pour le plus grand bonheur des femmes d’aujourd’hui, fidèles à l’empreinte de la marque. Collier orné de cristaux Swarovski Millenia - Noir  Collier orné de cristaux Swarovski. Fermoir clip.   Chaque bijou est livré dans son écrin d'origine .    Caractéristiques :    Coloris  : noir   Matière  :  métal plaqué ruthénium et cristaux Swarovski  Longueur  : 60 cm  Largeur  : 0,9 cm   En ce qui concerne le certificat d’authenticité, nos produits portent tous un logotype Swarovski (signe) ce qui certifie leur authenticité. Pour faire valoir la garantie, le client Showroomprive doit garder la facture d’achat Showroomprive et la présenter dans le cas du SAV dans une boutique Swarovski.     Découvrez notre guide bijoux et trouvez LE bijou qui vous correspond.   "
6888772894816,Combinaisons,"M, Mango Woman, MANGO0324, recherche1:Prêt-À-Porter, recherche2:Combinaisons Et Salopettes, S, Type : Combinaisons, XL, XS, 1XL, 3240123, Collection : Mango Woman, Combinaisons, dropshipping, L","[https://cdn.shopify.com/s/files/1/0002/7600/4882/files/47094035_43-99999999_01.jpg?v=1710264571,https://cdn.shopify.com/s/files/1/0002/7600/4882/files/47094035_43_D4.jpg?v=1710264590,https://cdn.shopify.com/s/files/1/0002/7600/4882/files/47094035_43.jpg?v=1710264527,https://cdn.shopify.com/s/files/1/0002/7600/4882/files/47094035_43_B3.jpg?v=1710264542,https://cdn.shopify.com/s/files/1/0002/7600/4882/files/47094035_43_D2.jpg?v=1710264582,https://cdn.shopify.com/s/files/1/0002/7600/4882/files/47094035_43_D1.jpg?v=1710264578,https://cdn.shopify.com/s/files/1/0002/7600/4882/files/47094035_43_B.jpg?v=1710264533,https://cdn.shopify.com/s/files/1/0002/7600/4882/files/47094035_43_D5.jpg?v=1710264593,https://cdn.shopify.com/s/files/1/0002/7600/4882/files/47094035_43_R.jpg?v=1710264561,https://cdn.shopify.com/s/files/1/0002/7600/4882/files/47094035_43_D8.jpg?v=1710264602,https://cdn.shopify.com/s/files/1/0002/7600/4882/files/47094035_43_D3.jpg?v=1710264586]",MANGO WOMAN,12,149.5," Col en V, Tissu satiné, Tissu fluide, Poches latérales, Doublure, Imprimé géométrique, NS_x0001_ud imprimé, Coupe droite, Collection fêtes et cérémonies, Sans manches, Disponible Plus "
15307354014075,Vestes,"M, S, seo-generated-metafields20251207, Type Vestes, Vestes, Vestes, Collection : Lily Studio, dropshipping, L, Lily Studio, LILYSTUDIO1225","[https://cdn.shopify.com/s/files/1/0002/7600/4882/files/122159C2940510_3d_00.jpg?v=1764958637,https://cdn.shopify.com/s/files/1/0002/7600/4882/files/122159C2940510_3d_01.jpg?v=1764958637,https://cdn.shopify.com/s/files/1/0002/7600/4882/files/o1-_20211103lily4081.jpg?v=1764958637,https://cdn.shopify.com/s/files/1/0002/7600/4882/files/o2-_20211103lily4088.jpg?v=1764958637]",LILY STUDIO,12,0.0," classic and eye-catching regular black and white stripes, fake two-piece cuff design, the cuffs are removable and can be worn or taken off as you like. slightly oversized silhouette, mid-length style with smooth tailoring. wear it with skinny jeans or shorts. "
6549663187040,Accessoires,"<20€, Accessoires, Aigle Homme, aigletaille, TU",[https://cdn.shopify.com/s/files/1/0002/7600/4882/products/bonnet-donzy-bronzefluo-homme-accessoires-aigle-232340.jpg?v=1619181104],AIGLE,12,58.333333333333343," Le bonnet de chasse réversible   Composition :  Extérieur :100% acrylique, confortable et résistant, Toucher laine "
6655021285472,Chemises Et Tops,"Type : Chemises Et Tops, XL, 4230483, Chemises Et Tops, Collection : IMPREVU, dropshipping, IMPREVU, INACTIF, L, M, recherche1:Prêt-à-porter, recherche2:T-Shirts, S","[https://cdn.shopify.com/s/files/1/0002/7600/4882/products/E2201286A2_0077.jpg?v=1680880793,https://cdn.shopify.com/s/files/1/0002/7600/4882/products/E2201286A2_0079.jpg?v=1680880793,https://cdn.shopify.com/s/files/1/0002/7600/4882/products/E2201286A2_0073.jpg?v=1680880793]",IMPREVU,12,0.0," Petit top caraco à bretelles fines, en tricot de viscose d’une douceur à tomber. Imprimé fleurs rétro bleues entremêlées et illuminées d'un fil lurex, il caresse la peau et brille avec une sophistication conjuguée au singulier, ou au soleil. il caresse la peau et flirte avec une sophistication conjuguée au singulier, ou au soleil.   Composition :  67% Viscose 20%Pl 11%Pa 2% Ea "
6625966260320,Robes - Enfant - Fille,"2/3Y, 3/4Y, 4/5Y, 5/6Y, 6/7Y, 8/9Y, Collection : Tocoto Vintage, dropshipping, eligibility, Robes - Enfant - Fille, target2sell:2022-05-18 07:45:00, Tocoto Vintage, Type : Robes - Enfant - Fille",[],TOCOTOVINTAGE1,12,0.0,
15067215462779,Chemises Et Tops,"Chemises Et Tops, Collection : American Vintage, dropshipping, JEVASOWH, Type : Chemises Et Tops, American Vintage, AMERICANVINTAGE0525",[https://cdn.shopify.com/s/files/1/0002/7600/4882/files/FIZ02AE23-TROVIN-1.jpg?v=1746691651],AMERICAN VINTAGE,12,166.00213675213675,  Composition :  100% Coton 
7228389064800,Pumps,"Pumps, STEVE MADDEN, YOOX1024",[https://cdn.shopify.com/s/files/1/0002/7600/4882/files/17499663II_2.jpg?v=1729251283],STEVE MADDEN,12,0.0,
6593655144544,Autres,"3M, 6M, Autres, Bonnet A Pompon, dropshipping, eligibility",[],BONNET A POMPON,12,0.0,
14875840381307,Prêt-à-porter,"L, Livy, LIVY1224, LIVYPHYSIQUE1125, M, no-search, NONRETOURNABLE, numerodelavente, Prêt-à-porter, recherche1:Prêt-À-Porter, recherche2:Tops, S, Type : Prêt-à-porter, Collection : Livy, couleur:BLACK, dropshipping, JEVASOWH","[https://cdn.shopify.com/s/files/1/0002/7600/4882/files/654283005_6.jpg?v=1735118466,https://cdn.shopify.com/s/files/1/0002/7600/4882/files/654283005_a.jpg?v=1734708972]",LIVY,12,3590.583333333333, Top Ezra - Black 
6941967155296,Boxers,"Poupette St Barth, POUPETTESTBARTH0424, recherche1:Prêt-À-Porter, recherche2:Shorts, Type : Boxers, 4241359, Boxers, Collection : Poupette St Barth, dropshipping","[https://cdn.shopify.com/s/files/1/0002/7600/4882/files/BOXER_LULU_GREEN_BOTANIQUE_03.jpg?v=1713443067,https://cdn.shopify.com/s/files/1/0002/7600/4882/files/BOXER_LULU_GREEN_BOTANIQUE_05_1.jpg?v=1712687169]",POUPETTE ST BARTH,12,108.16597796143252, BOXER LULU 
6570826825824,MAROQUINERIE,<20€,"[https://cdn.shopify.com/s/files/1/0002/7600/4882/products/sac-banane-adidas-originals-camo-kaki-mixte-maroquinerie-adidas-440560.jpg?v=1630456033,https://cdn.shopify.com/s/files/1/0002/7600/4882/products/sac-banane-adidas-originals-camo-kaki-mixte-maroquinerie-adidas-793211.jpg?v=1630466053,https://cdn.shopify.com/s/files/1/0002/7600/4882/products/sac-banane-adidas-originals-camo-kaki-mixte-maroquinerie-adidas-877484.jpg?v=1630436966,https://cdn.shopify.com/s/files/1/0002/7600/4882/products/sac-banane-adidas-originals-camo-kaki-mixte-maroquinerie-adidas-376479.jpg?v=1630454614,https://cdn.shopify.com/s/files/1/0002/7600/4882/products/sac-banane-adidas-originals-camo-kaki-mixte-maroquinerie-adidas-783372.jpg?v=1630471069]",ADIDAS,13,0.0, Sac banane adidas Originals CAMO - Réf. FT9304. Couleur : Kaki Blanc. Détails. - Sangle réglable à la taille. - Une poche zippée à l'avant. - Poche intérieure. - Dimensions : 36 cm x 12 cm x 55 cm. - Logo adidas Originals sur l'avant Matière : 100% polyester. 
14874910982523,Pulls,"dropshipping, Louise Misha, LOUISEMISHA1224, Pulls, recherche1:Prêt-À-Porter, recherche2:Pulls, Type : Pulls, 03A, 04A, 05A, 06A, 07A, 08A, 10A, 12A, Collection : Louise Misha, couleur:Crème","[https://cdn.shopify.com/s/files/1/0002/7600/4882/files/URC-W23-J0381_CREAM_2_19bec95e-1c29-4309-8574-047c7f7194f4.jpg?v=1734534937,https://cdn.shopify.com/s/files/1/0002/7600/4882/files/URC-W23-J0381_CREAM_1_22997bc5-82e6-46c3-b827-05c9c57bae20.jpg?v=1734534937]",LOUISE MISHA,13,243.5082644628099,"  Le pull Duali répond à notre quête bohème de confort, douceur & esthétique à la fois.  Avec sa capuche et son point bouclette pour un effet mouton totalement cocooning, elle est parfaite pour s'emmitoufler pendant toute la saison froide.   Amour du détail :   
 Pull avec capuche en point bouclette effet duveteux. 
 Petite patte de boutonnage devant avec boutons en bois. 
 Finitions bords-côtes. 
  Cette pièce a été imaginée par Marie Pidancet et son équipe passionnée. "
15303920910715,T Shirt,"Calvin Klein, STOCKLYCALVINKLEIN1125, T Shirt","[https://cdn.shopify.com/s/files/1/0002/7600/4882/files/calvin-klein_7Cj30j327402yaf_Image_3_C2.jpg?v=1764598990,https://cdn.shopify.com/s/files/1/0002/7600/4882/files/calvin-klein_7Cj30j327402yaf_Image_1_C2.jpg?v=1764598981,https://cdn.shopify.com/s/files/1/0002/7600/4882/files/calvin-klein_7Cj30j327402yaf_Image_2_C2.jpg?v=1764598987]",CALVIN KLEIN,13,0.0," Découvrez le T-shirt homme regular blanc de Calvin Klein, en coton premium, avec col rond et logo emblématique. Confortable et élégant, idéal pour un style décontracté et intemporel. "
15247630598523,Slides,"STOCKLYADIDAS1025, Adidas, no-search, Slides",[],ADIDAS,13,0.0," Claquettes Adilette Aqua pour homme, idéales après la natation. Design simple avec les 3 bandes adidas, confort optimal grâce à un amorti doux. Parfaites pour un usage sous la douche ou en lifestyle. "
7111875526752,Vestes,"44, 46, 48, 50, Collection : Le Vestiaire Luxe, dropshipping, JSCTRADE2, Le Vestiaire Luxe, LEVESTIAIREDELUXEPAP0624, Type : Vestes, Vestes","[https://cdn.shopify.com/s/files/1/0002/7600/4882/files/veste-blazer-texturee_9b5408f9-41bc-4d91-a66a-160265db7ae7.jpg?v=1718283278,https://cdn.shopify.com/s/files/1/0002/7600/4882/files/veste-blazer-texturee_7e1413c4-34e8-46c6-ba3f-1a5b0dd760ac.jpg?v=1718283370,https://cdn.shopify.com/s/files/1/0002/7600/4882/files/veste-blazer-texturee_8d01b65f-8f8c-44e0-9b14-19165c438197.jpg?v=1718283224,https://cdn.shopify.com/s/files/1/0002/7600/4882/files/veste-blazer-texturee.jpg?v=1718283125]",LE VESTIAIRE LUXE,13,0.0," Veste style blazer texturée au look chic et élégant, double boutonnage et poches passepoilées.    Composition :   "
14958122795387,Colliers,"no-search, recherche1:Accessoires, recherche2:Colliers, TU, Type : Colliers, 213252535, Badhnati Jewelry, BADHNATIJEWELRY0325, Collection : Badhnati Jewelry, Colliers, dropshipping",[https://cdn.shopify.com/s/files/1/0002/7600/4882/files/ASTROBML2.jpg?v=1742308575],BADHNATI JEWELRY,13,83.004132231404952,"✨ Ce Collier Plaque Condor Aqua de la collection Badhnati Jewelry est un accessoire unique en son genre. Confectionné en bandana 100% coton de couleur bleu marine, il se distingue par ses charmants grigris : un soleil doré, un piment marine, une plaque dorée représentant le soleil et le condor, ainsi que des perles de nacre et des strass. Fait à la main, ce modèle long d'une longueur approximative de 68 cm incarne l'originalité et le souci du détail."
6632051736672,Pulls,"Collection : NS Cashmere, dropshipping, M, NS Cashmere, Pulls, S, target2sell:2022-10-30 07:45:00, Type : Pulls",[https://cdn.shopify.com/s/files/1/0002/7600/4882/products/pull-col-rond-ml-torsades-horizon-894073.jpg?v=1667039302],NS CASHMERE,13,91.666666666666671,  Composition :  100% Cashmere Gg5 
6665387573344,Vestes Et Manteaux,"Femme, INACTIF, recherche1:PrÃªt-Ã -porter, recherche2:Vestes, retourSRP, Sonia Rykiel, SR0623, SRPFINALRETOUR0923, Type : Vestes & Manteaux, Vestes & Manteaux, 36, 38, 40, 42, 44, 6230693, Collection : Sonia Rykiel, dispeo",[https://cdn.shopify.com/s/files/1/0002/7600/4882/files/3605739435290-d.jpg?v=1687796592],SONIA RYKIEL,13,577.5,"   Composition :  53% Lin,47% Coton "
6924575572064,Sneakers,"46, Collection : Scotch & Soda Shoes, dropshipping, recherche1:Chaussures, recherche2:Baskets, resize0324, Scotch & Soda Shoes, Sneakers, Type : Sneakers, 41, 4241348, 43, 45","[https://cdn.shopify.com/s/files/1/0002/7600/4882/files/18839510_S71_03.jpg?v=1712132186,https://cdn.shopify.com/s/files/1/0002/7600/4882/files/18839510_S71_02.jpg?v=1712132183,https://cdn.shopify.com/s/files/1/0002/7600/4882/files/18839510_S71_04.jpg?v=1712132190]",SCOTCH & SODA SHOES,13,0.0,  Composition :  DAIM DE VACHE 
7144571043936,Pants,">100€, no-search, Yoox, YOOX0724, YOOXPAP0614V2","[https://cdn.shopify.com/s/files/1/0002/7600/4882/files/13408680MA_14_R.jpg?v=1720084878,https://cdn.shopify.com/s/files/1/0002/7600/4882/files/13408680MA_14_D.jpg?v=1720084858,https://cdn.shopify.com/s/files/1/0002/7600/4882/files/13408680MA_14_E.jpg?v=1720084866,https://cdn.shopify.com/s/files/1/0002/7600/4882/files/13408680MA_14_F.jpg?v=1720170532]",YOOX,13,0.0, 100%Nylon 
6593667432544,Autres,"10A, 6A, 8A, Autres, Bonnet A Pompon, dropshipping, eligibility",[],BONNET A POMPON,13,0.0,
6748556296288,,,[],THEORY NYC,13,0.0,
6748421750880,T-Shirts,"Tops Et T-Shirts, Type : Tops Et T-Shirts, XL, 2240702, Collection : Scotch & Soda, dropshipping, L, M, recherche1:Prêt-À-Porter, recherche2:Tops, Scotch & Soda, SCOTCHETSODA0224","[https://cdn.shopify.com/s/files/1/0002/7600/4882/files/products_28986561_image4_original.jpg?v=1702994719,https://cdn.shopify.com/s/files/1/0002/7600/4882/files/products_28986561_image5_original.jpg?v=1702994720,https://cdn.shopify.com/s/files/1/0002/7600/4882/files/products_28986561_image2_original.jpg?v=1702994719,https://cdn.shopify.com/s/files/1/0002/7600/4882/files/products_28986561_image3_original.jpg?v=1702994719,https://cdn.shopify.com/s/files/1/0002/7600/4882/files/products_28986561_image1_original.jpg?v=1703262037]",SCOTCH & SODA,13,325.51813253040194,T-shirt en  coton biologique en conversion .
7228404269152,T-shirts,"T-shirts, VANS, YOOX1024",[https://cdn.shopify.com/s/files/1/0002/7600/4882/files/12898968SM_2.jpg?v=1729251368],VANS,13,0.0,
15274838294907,Maille Et Sweats,"ALTER, ALTER1025, Collection : ALTER, dropshipping, Maille Et Sweats, Type : Maille Et Sweats","[https://cdn.shopify.com/s/files/1/0002/7600/4882/files/18_Back-Grande.png?v=1761571294,https://cdn.shopify.com/s/files/1/0002/7600/4882/files/18_Front-Grande.png?v=1761580581,https://cdn.shopify.com/s/files/1/0002/7600/4882/files/VRXALTERSS25LEATHER_5.jpg?v=1761580581]",ALTER,13,0.0," Made in Portugal 
 100% organic cotton "
4747592335456,Pantalons,"Pantalons, Sandro, 34, 36, 38, 40, 42","[https://cdn.shopify.com/s/files/1/0002/7600/4882/products/pantalon-kezia-burgundy-pantalons-sandro-femme-526442.jpg?v=1605107889,https://cdn.shopify.com/s/files/1/0002/7600/4882/products/pantalon-kezia-burgundy-pantalons-sandro-femme-863789.jpg?v=1605107889,https://cdn.shopify.com/s/files/1/0002/7600/4882/products/pantalon-kezia-burgundy-pantalons-sandro-femme-679707.jpg?v=1605107889]",SANDRO,14,1092.5," Legging en maille lurex  Legging femme Sandro • Legging en maille lurex • Taille haute • Le mannequin porte une taille 36/ UK 8 / US 2-4    Tissu principal: 32% viscose, 28% polyester, 24% polyamide, 15% fibres métallisées (polyester), 1% elasthanne "
6580185497696,Chemises Et Tops,,"[https://cdn.shopify.com/s/files/1/0002/7600/4882/products/tee-shirt-tinou-blanc-chemises-et-tops-maje-721702.jpg?v=1635407654,https://cdn.shopify.com/s/files/1/0002/7600/4882/products/tee-shirt-tinou-blanc-chemises-et-tops-maje-860438.jpg?v=1635419491,https://cdn.shopify.com/s/files/1/0002/7600/4882/products/tee-shirt-tinou-blanc-chemises-et-tops-maje-535905.jpg?v=1635408259,https://cdn.shopify.com/s/files/1/0002/7600/4882/products/tee-shirt-tinou-blanc-chemises-et-tops-maje-485682.jpg?v=1635410639,https://cdn.shopify.com/s/files/1/0002/7600/4882/products/tee-shirt-tinou-blanc-chemises-et-tops-maje-743658.jpg?v=1635402947]",MAJE,14,217.5,"  Composition :  Matière principale: 100% coton  Lavage normal 30° Pas de blanchiment Ne pas sécher en sèche-linge à tambour Repasser à une température maximale de 110°C sans vapeur Nettoyage professionnel à sec, au PC et aux HC, traitement normal Séchage à plat à l'ombre  Laver avec coloris similaires / Laver et repasser sur l'envers "
6658838265952,Pull,"Collection : RhythmNew, dispeo, Pull, RhythmNew, S, Type : Pull",[],RHYTHM,14,0.0," - Pull Riverside  - Chartreuse  - Femme   Taille Mannequin :  Le mannequin porte une Taille S / 8   Conseil taille :  Taille normalement mais si vous êtes entre 2 tailles, prenez une taille au dessus   Composition :  60% Coton 40% Acrylic   Conseil d'entretien :  Laver en machine à l'envers et à basse température pour une plus grande longévité "
6711130554464,Pulls Col V,"2XL, Authentic Cashmere, AUTHENTICCASHMERE0126, Collection : Authentic Cashmere, dropshipping, L, M, no-search, numerodevente, Pulls Col V, S, Type : Pulls Col V, XL, XL","[https://cdn.shopify.com/s/files/1/0002/7600/4882/files/AUTHCASHMERE-3896_20_1.jpg?v=1699373573,https://cdn.shopify.com/s/files/1/0002/7600/4882/files/AUTHCASHMERE-3896_20_3.jpg?v=1699373615,https://cdn.shopify.com/s/files/1/0002/7600/4882/files/AUTHCASHMERE-3896_20_2.jpg?v=1699373612,https://cdn.shopify.com/s/files/1/0002/7600/4882/files/AUTHCASHMERE-3896_20_4.jpg?v=1763025058,https://cdn.shopify.com/s/files/1/0002/7600/4882/files/AUTHCASHMERE-3896_20_5.jpg?v=1763025061,https://cdn.shopify.com/s/files/1/0002/7600/4882/files/AUTHCASHMERE-3896_20_3.jpg?v=1763025052,https://cdn.shopify.com/s/files/1/0002/7600/4882/files/AUTHCASHMERE-3896_20_1.jpg?v=1763025046,https://cdn.shopify.com/s/files/1/0002/7600/4882/files/AUTHCASHMERE-3896_20_2.jpg?v=1763025049]",AUTHENTIC CASHMERE,14,649.92224517906334,"Élégant et confortable, ce  pull  en  100% cachemire 2 fils  s'impose comme une pièce d'exception. Tricoté en  jersey , il présente une coupe sobre et des lignes épurées, offrant une allure raffinée pour chaque occasion.  Parfait pour les journées décontractées comme pour les soirées sophistiquées, ce pull se marie aisément avec un jean ou un pantalon habillé, ajoutant une touche de luxe à votre garde-robe.  Authentic Cashmere vous propose cette  pièce , soigneusement choisie par TheBradery pour sa qualité inégalée et son confort exceptionnel. ✨  Composition : 100% Cachemire 2 Fils"
15234097086843,Bagues,"52 mm, 54 mm, 56 mm, 58 mm, 60 mm, 62 mm, 64 mm, 66 mm, 68 mm, Bagues, Collection : Oro Di Oro, dropshipping, Oro Di Oro, ORODIORO0925, resize1, Type : Bagues, 251648144589, 48 mm, 50 mm",[https://cdn.shopify.com/s/files/1/0002/7600/4882/files/BI92364G_02106ef3-4c2c-4bf5-bf19-09ec7534817b.jpg?v=1757928141],ORO DI ORO,14,0.0, Or Blanc 375/1000 
6705238573152,Maroquinerie,"langshop, Maradji, MARADJI1123, Maroquinerie, recherche1:Accessoires, recherche2:Petite Maroquinerie, TU, Type : Maroquinerie, 11230269, Collection : Maradji, dropshipping, INACTIF","[https://cdn.shopify.com/s/files/1/0002/7600/4882/files/SCT22ANLECOG.jpg?v=1699269029,https://cdn.shopify.com/s/files/1/0002/7600/4882/files/SCT22ANLECOG3.jpg?v=1699269052,https://cdn.shopify.com/s/files/1/0002/7600/4882/files/SCT22ANLECOG2.jpg?v=1699269048]",MARADJI,14,548.33815426997251,Sac ceinture en cuir     Composition :  Cuir 
6610086658144,Sandales,"36, 37, 38, 39, 40, 41, Calank, CALANK0825, CLWS0825, dropshipping, Sandales, Type : Sandales","[https://cdn.shopify.com/s/files/1/0002/7600/4882/products/CL-2855_20_2.jpg?v=1754324228,https://cdn.shopify.com/s/files/1/0002/7600/4882/products/CL-2855_20_3.jpg?v=1754324229,https://cdn.shopify.com/s/files/1/0002/7600/4882/products/CL-2855_20_4.jpg?v=1754324230,https://cdn.shopify.com/s/files/1/0002/7600/4882/products/CL-2855_20_1.jpg?v=1754324225]",CALANK,14,30.0,  Composition :  100% Cuir 
15160531779963,Sandales,"36, 37, 38, 39, 40, 41, CLWS0825, Collection : White Sun, dropshipping, JEVASOWH, Sandales, Type : Sandales, White Sun, WHITESUN0825",[https://cdn.shopify.com/s/files/1/0002/7600/4882/files/WS-5226.png?v=1751882768],WHITE SUN,14,0.0, SANDALES COULEURS 
15169489961339,Prêt-À-Porter,"Collection : Van Palma, dropshipping, Robe Satin, Type : Robe Satin, Van Palma, VANPALMA0725","[https://cdn.shopify.com/s/files/1/0002/7600/4882/files/CLAIRE_Navy1_17d28e49-75dc-4784-ab7e-01ae479e6b82.jpg?v=1752247048,https://cdn.shopify.com/s/files/1/0002/7600/4882/files/CLAIRE_Navy3_a34c4e34-0c5f-4917-ae27-f15c837e8a0f.jpg?v=1752247048,https://cdn.shopify.com/s/files/1/0002/7600/4882/files/CLAIRE_Navy2_9830a94f-79ca-44fe-b86c-b3c709c37e22.jpg?v=1752247048]",VAN PALMA,14,0.0,Robe 100% Satin  Fabrication française
7144000290912,Pulls,"Collection : Laura Laval, dropshipping, L, Laura Laval, LAURALAVAL1224, M, Pulls, S, Type : Pulls","[https://cdn.shopify.com/s/files/1/0002/7600/4882/files/miya1.jpg?v=1720082480,https://cdn.shopify.com/s/files/1/0002/7600/4882/files/miya2.jpg?v=1720082480,https://cdn.shopify.com/s/files/1/0002/7600/4882/files/miya.jpg?v=1720082480,https://cdn.shopify.com/s/files/1/0002/7600/4882/files/miya3.jpg?v=1720082480]",LAURA LAVAL,15,117.24931129476585, Pull avec un effet velours. Un col rond avec un détail dos 
6607837298784,COUSSIN ET PLAID,"2022-05-18 07:45:00, Collection : Zago, COUSSIN ET PLAID, DefaultTitle, dispeo, Type : COUSSIN ET PLAID, Zago","[https://cdn.shopify.com/s/files/1/0002/7600/4882/products/COU-STAR3050-2.jpg?v=1652793366,https://cdn.shopify.com/s/files/1/0002/7600/4882/products/COU-STAR3050-1.jpg?v=1652806821]",ZAGO1,15,0.0,"  En raison de la typologie de produit, la livraison offerte à partir de 200€ n’est pas disponible.   Composition housse : 100% coton 
Face avant du coussin : 100% coton tissé à la main 
Face arrière du coussin : 100% coton 
Garnissage : 100% polyester, Densité : 23 kg/m3
Doublure intérieure
Housse amovible : oui 
Etiquette en français : oui 
Test coussin intérieur inflammabilité : Oui 
Etiquette composition en français : Oui
Fermeture : glissière centrale
   Dimensions :  L x P x H : 50 x 3 x 30 cm "
6607837233248,COUSSIN ET PLAID,"2022-05-18 07:45:00, Collection : Zago, COUSSIN ET PLAID, DefaultTitle, dispeo, Type : COUSSIN ET PLAID, Zago","[https://cdn.shopify.com/s/files/1/0002/7600/4882/products/COU-NEO4545033-2.jpg?v=1652793325,https://cdn.shopify.com/s/files/1/0002/7600/4882/products/COU-NEO4545033-1.jpg?v=1652806809]",ZAGO1,15,0.0,"  En raison de la typologie de produit, la livraison offerte à partir de 200€ n’est pas disponible.   Composition housse : 100% coton 
Housse amovible : oui 
Densité : 23 kg/m3
Test coussin intérieur inflammabilité : Oui 
Etiquette composition en français : Oui
Fermeture : glissière en métal
   Conseils d'entretien :  Motifs matelassés sur les deux cotés 
Devant en jersey blanc et dos en jersey rouge 
Nettoyage à la main   Dimensions :  LxPxH:45 x 3 x 45 cm "
15271761740155,Chemises Et Tops,"Chemises Et Tops, Collection : Rhythm, dropshipping, Rhythm, RHYTHM1025, Type : Chemises Et Tops",[https://cdn.shopify.com/s/files/1/0002/7600/4882/files/0424M-WT07-DEMIN-LS-OVERSHIRT-LATTE-1.jpg?v=1761140251],RHYTHM,15,74.983333333333334,"Coupe droite et élégante pour un style intemporel, cette chemise se distingue par son  col une pièce  et  fermeture à boutons en plastique , ainsi que par sa  poche poitrine  pratique.   Découvrez ce produit de la marque Rhythm, un incontournable de la collection. 🌟  Composition : 100% coton   Entretien : Lavage en machine à froid conseillé"
6631402635360,Coffrets,"NILAI1225, Nilaï, numerodevente, seo-generated-metafields20251202, TU, Type : Coffrets, Type : Coffrets, Coffrets, Collection : Nilaï, dropshipping","[https://cdn.shopify.com/s/files/1/0002/7600/4882/products/coffret-bracelet-billes-noir-jonc-eternity-or-noir-682522.jpg?v=1666776784,https://cdn.shopify.com/s/files/1/0002/7600/4882/products/coffret-bracelet-billes-noir-jonc-eternity-or-noir-435794.jpg?v=1666776784,https://cdn.shopify.com/s/files/1/0002/7600/4882/products/coffret-bracelet-billes-noir-jonc-eternity-or-noir-908860.jpg?v=1666776784]",NILAI,15,820.95833333333326,"Ce  coffret  associe un élégant bracelet billes et un jonc Eternity, parfait pour sublimer votre poignet. Le bracelet en résine présente une taille ajustable de 16 à 18 cm, tandis que le jonc tressé est également réglable, garantissant un confort optimal.  Idéal pour compléter une tenue ou offrir en cadeau, ce duo accessoire saura rehausser votre style au quotidien.  Une  création  Nilaï qui marie raffinement et qualité, soigneusement sélectionnée par TheBradery ✨   Composition  : Résine, dorure à l’or fin 24K, résistant à l'eau."
6748378300512,Tangas,"Tangas, Type : Tangas, Understory, UNDERSTORY0924, XL, 9240940, Collection : Understory, dropshipping, L, M, NONRETOURNABLE, recherche1:Prêt-À-Porter, recherche2:Sous-vêtements, S","[https://cdn.shopify.com/s/files/1/0002/7600/4882/files/90017-IVY-T-MARINE-3.jpg?v=1702992250,https://cdn.shopify.com/s/files/1/0002/7600/4882/files/90017-IVY-T-MARINE-4.jpg?v=1702992281,https://cdn.shopify.com/s/files/1/0002/7600/4882/files/90017-IVY-T-MARINE-1.jpg?v=1702992240,https://cdn.shopify.com/s/files/1/0002/7600/4882/files/90017-IVY-T-MARINE-2.jpg?v=1702992246]",UNDERSTORY,15,506.41873278236915, Tanga en dentelle et satin fond doublé 
6683226144864,Chemises,"Chemises, Collection : Lee, dropshipping, eligibility, Homme, INACTIF, L, langshop, Lee, LEE1023, M, recherche1:Prêt-à-porter, recherche2:Chemises, S, Type : Chemises, XL, XXL, 10230748, 3XL, 4XL, 5XL","[https://cdn.shopify.com/s/files/1/0002/7600/4882/files/L886BKDO_2.jpg?v=1696860131,https://cdn.shopify.com/s/files/1/0002/7600/4882/files/L886BKDO_4.jpg?v=1696860131,https://cdn.shopify.com/s/files/1/0002/7600/4882/files/L886BKDO_1.jpg?v=1696860131,https://cdn.shopify.com/s/files/1/0002/7600/4882/files/L886BKDO_3.jpg?v=1696860131,https://cdn.shopify.com/s/files/1/0002/7600/4882/files/L886BKDO.jpg?v=1696860131]",LEE,15,20.833333333333336,   Composition :  100% COTTON 
15219011617147,Pochettes,"308251553, Collection : Isabelle Varin, couleur:Sable, dropshipping, Isabelle Varin, ISABELLEVARIN0825, nom:Love, Pochettes, resize2, TU, Type : Pochettes",[https://cdn.shopify.com/s/files/1/0002/7600/4882/files/PLOV.DHA.SA.L_1.jpg?v=1756457071],ISABELLE VARIN,15,0.0, La grande pochette cuir non doublée. 
7228303212640,Midi Skirts,"BA&SH, Midi Skirts, YOOX1024",[https://cdn.shopify.com/s/files/1/0002/7600/4882/files/35458592TA_2.jpg?v=1729250825],BA&SH,15,0.0,
6593669595232,Autres,"6M, 9M, Autres, Bonnet A Pompon, dropshipping, eligibility","[https://cdn.shopify.com/s/files/1/0002/7600/4882/products/stone-hearts-stitch-with-hood-baby-boy-cardigan-stone-autres-bonnet-a-pompon-297687.jpg?v=1643327270,https://cdn.shopify.com/s/files/1/0002/7600/4882/products/stone-hearts-stitch-with-hood-baby-boy-cardigan-stone-autres-bonnet-a-pompon-284651.jpg?v=1643328075,https://cdn.shopify.com/s/files/1/0002/7600/4882/products/stone-hearts-stitch-with-hood-baby-boy-cardigan-stone-autres-bonnet-a-pompon-251024.jpg?v=1643323253]",BONNET A POMPON,15,0.0,
15219016827259,Pochettes,"308251553, Collection : Isabelle Varin, couleur:Sable, dropshipping, Isabelle Varin, ISABELLEVARIN0825, nom:Monoi, Pochettes, resize2, TU, Type : Pochettes",[https://cdn.shopify.com/s/files/1/0002/7600/4882/files/PMON.DHA.SA.M_1.jpg?v=1756457557],ISABELLE VARIN,15,0.0, La pochette cuir non doublée. 
4783435120736,Chemises Et Tops,,"[https://cdn.shopify.com/s/files/1/0002/7600/4882/products/tunique-a-plis-julienne-noir-chemises-et-tops-stella-forest-500642.jpg?v=1608133579,https://cdn.shopify.com/s/files/1/0002/7600/4882/products/tunique-a-plis-julienne-noir-chemises-et-tops-stella-forest-753235.jpg?v=1608133594,https://cdn.shopify.com/s/files/1/0002/7600/4882/products/tunique-a-plis-julienne-noir-chemises-et-tops-stella-forest-573778.jpg?v=1608112676]",STELLA FOREST,16,248.33333333333334," Tunique courte en viscose.    Coupe loose.    Plis sur le col et sur les épaules.    Col tunisien avec liens.    Manches ballon resserrées aux poignets. Hauteur dos : 62 cm (pour un 38). 
  Prendre sa taille habituelle. Pour un effet plus ajusté, nous vous conseillons de commander une taille en-dessous de votre taille habituelle.  
 100% Viscose "
6676613759072,Cravates,"recherche2:Cravates, resize1, The Nines, thenines0923, Type : Cravates, 0, 9230785, Collection : The Nines, Cravates, dropshipping, INACTIF, langshop, recherche1:Accessoires","[https://cdn.shopify.com/s/files/1/0002/7600/4882/files/cravate-grenadine-de-soie-noire-the-nines-grenadines-iv_32119968-e47b-4ee0-957b-52356329504d.jpg?v=1693491939,https://cdn.shopify.com/s/files/1/0002/7600/4882/files/cravate-grenadine-de-soie-noire-the-nines-grenadines-iv_a6b52d7b-bc8f-4e90-9c6e-22a849f01397.jpg?v=1693491936,https://cdn.shopify.com/s/files/1/0002/7600/4882/files/cravate-grenadine-de-soie-noire-the-nines-grenadines-iv.jpg?v=1693491933]",THE NINES,16,0.0,"  Cravate grenadine de soie noire Grenadines IV  
   
 Cravate en grenadine de soie de couleur noire. 
 Cet incontournable de votre dressing vous accompagne au quotidien et la fine maille de grenadine donne de l'élégance et du relief à votre tenue en toute subtilité. 
 La confection de cette cravate a été confié à un des derniers ateliers italiens maîtrisant le tissage de la grenadine de soie à la main. Cette entreprise familiale assure des finitions haut-de-gamme nécessaires à une cravate en matières naturelles, qui se noue parfaitement. 
  Composition :  100% Soie 
  Dimensions:  
 Largeur: 7 cm. Longueur: 148 cm 
  Matière:  
 100% soie, tissage grenadine fine maille. 
 Epaisseur standard. 
  Conditionnement:  
 La cravate est soigneusement présentée dans un étui The Nines. 
   
 "
15258124517755,SHOES,">100€, Bally, BALLY1025, SHOES, SHOES","[https://cdn.shopify.com/s/files/1/0002/7600/4882/files/MSF04J-VT013-U901_4.jpg?v=1759736835,https://cdn.shopify.com/s/files/1/0002/7600/4882/files/MSF04J-VT013-U901_3.jpg?v=1759736831,https://cdn.shopify.com/s/files/1/0002/7600/4882/files/MSF04J-VT013-U901_2.jpg?v=1759736826,https://cdn.shopify.com/s/files/1/0002/7600/4882/files/MSF04J-VT013-U901_1.jpg?v=1759736822]",BALLY,16,0.0,  Modèle :  Roody   Matière :  Calf Plain 
15306733584763,Pantalons,"M, MARLEA Monte-Carlo, MARLEAMONTECARLO1225, Pantalons, Type : Robes, XL, XS, Collection : MARLEA Monte-Carlo, dropshipping, L","[https://cdn.shopify.com/s/files/1/0002/7600/4882/files/MarleaStudio13.08.25-194.jpg?v=1764755562,https://cdn.shopify.com/s/files/1/0002/7600/4882/files/MarleaStudio13.08.25-203.jpg?v=1764755562,https://cdn.shopify.com/s/files/1/0002/7600/4882/files/MarleaStudio13.08.25-193.jpg?v=1764755562]",MARLEA MONTE-CARLO,16,338.31666666666672, Jeans à strass à la coupe légèrement évasée. 
15163983626619,Couverts,"24x3x5, Collection : Côté Table, COTETABLE0725, Couverts, Côté Table, dropshipping, JEVASOWH, nom:LUCIE, numerodevente, Type : Couverts",[https://cdn.shopify.com/s/files/1/0002/7600/4882/files/31059_DEB_HDD.jpg?v=1751902436],COTE TABLE,16,66.25, Couvert Salade X2 Lucie Blanc Inox+Plastique 
14877797220731,Serviettes,"STOCKLYQUIKSILVER0125V2, STOCKLYQUIKSILVER0125V3, STOCKLYQUIKSILVER1224, STOCKLYQUIKSILVERV3, quiksilver, Serviettes, STOCKLYQSRX0125, STOCKLYQUIKSILVER0125",[https://cdn.shopify.com/s/files/1/0002/7600/4882/files/quiksilver_7Caqbaa03033-ktc0_Image_1_C2.jpg?v=1735304529],QUIKSILVER,16,0.0, Quiksilver Hoody Towel Yth (Ktc0) Serviettes 
4804338286688,Enfant Fille,"10A, 12A, 2A, 3A, 4A, 6A, 8A, Billie Blush & Carrément Beau, Enfant Fille","[https://cdn.shopify.com/s/files/1/0002/7600/4882/products/short-de-ceremonie-ecru-dore-enfant-fille-enfant-fille-billie-blush-carrement-beau-522740.jpg?v=1614029315,https://cdn.shopify.com/s/files/1/0002/7600/4882/products/short-de-ceremonie-ecru-dore-enfant-fille-enfant-fille-billie-blush-carrement-beau-866376.jpg?v=1613978905,https://cdn.shopify.com/s/files/1/0002/7600/4882/products/short-de-ceremonie-ecru-dore-enfant-fille-enfant-fille-billie-blush-carrement-beau-767313.jpg?v=1613983882]",BILLIE BLUSH & CARREMENT BEAU,20,0.0,"  Marque :  Carrément Beau  Short cérémonie en voile de soie doublée en viscose taille ajustable fermeture zippée côté motif coquillage   Composition :  57% Soie, 26% Coton, 17% Fibre Metallisee - Doublure : 100% Viscose  Lavage très délicat à 30°  Blanchiment Interdit  Séchage Tambour interdit  Repassage Doux  Nettoyage à Sec Interdit "
6649118556256,Chemises Et Tops,"SWEETPANTS0925, SWEETPANTS1225, Type : Chemises, Chemises Et Tops, Collection : Sweet Pants, dropshipping, seo-generated-metafields20251216, Sweet Pants, SWEETPANTS1225, Type : Chemises Et Tops, no-search, numerodevente, Sweet Pants","[https://cdn.shopify.com/s/files/1/0002/7600/4882/products/KID_20ALOHA_20SHIRT_202_20PAC_20TIE_DYE_20_2.jpg?v=1677608205,https://cdn.shopify.com/s/files/1/0002/7600/4882/products/KID_20ALOHA_20SHIRT_202_20PAC_20TIE_DYE_20_1.jpg?v=1677608201]",SWEET PANTS,20,146.40833333333333,"En quête d'une pièce estivale pour votre enfant ? Cette  chemise Aloha  en  viscose rayon  se distingue par son imprimé coloré et sa légèreté. Avec ses manches courtes, elle s’adapte parfaitement aux journées ensoleillées et aux moments de détente en famille.  Idéale pour les sorties au parc ou les vacances en bord de mer, cette chemise se marie facilement avec un short ou un pantalon léger pour un look décontracté et stylé.  Sweet Pants signe ici une  création  à la fois fun et pratique, soigneusement sélectionnée par TheBradery 🌟   Composition : 100% Viscose Rayon"
6654554800224,Pulls & Cardigans,"Type : Sweatshirts & Cardigans, Valentine Witmeur, Valentine Witmeur Lab, 042023586, >100â‚¬, Collection : Valentine Witmeur, Collection :Valentine Witmeur Lab, Default title, dropshipping, INACTIF, Recherche1:PrÃªt-Ã -porterÂ , Recherche2:Pulls, SRPFINALRETOUR0923, Sweatshirts & Cardigans","[https://cdn.shopify.com/s/files/1/0002/7600/4882/products/valentinewitmeurlab_b2bphoto_artistbis_2.jpg?v=1680793427,https://cdn.shopify.com/s/files/1/0002/7600/4882/products/valentinewitmeurlab_b2bphoto_artistbis_4.jpg?v=1680855475,https://cdn.shopify.com/s/files/1/0002/7600/4882/products/valentinewitmeurlab_b2bphoto_artistbis_1.jpg?v=1680793427,https://cdn.shopify.com/s/files/1/0002/7600/4882/products/valentinewitmeurlab_b2bphoto_artistbis_3.jpg?v=1680855475]",VALENTINE WITMEUR LAB,20,700.0," Taille Unique 
   La mannequin mesure 1m72  
 Pull rayé jaune, bleu et vert 
  Composition : 10% Cachemire, 40% Merino extrafine 30% Viscose 20% Recycled polyamide "
6895536275552,Teddies,"dropshipping, L, M, recherche1:Prêt-À-Porter, recherche2:Vestes, resize1, S, Teddies, Type : Teddies, XL, XS, XXL, 3241277, >100€, American College, AMERICANCOLLEGE0324, Collection : American College","[https://cdn.shopify.com/s/files/1/0002/7600/4882/files/ref0071rouge_1.jpg?v=1710776349,https://cdn.shopify.com/s/files/1/0002/7600/4882/files/ref0071rouge_2.jpg?v=1710783642]",AMERICAN COLLEGE,20,0.0," Profitez d'une veste de qualité avec notre imbattable Teddy Varsity  original avec broderie patch pour homme ! Il est toujours difficile de trouver la veste idéale, celle qui s'accordera avec toutes vos tenues, tout en vous offrant un style unique et tendance. Alors n'hésitez plus, essayez notre veste ! En effet, il convient parfaitement à toutes les saisons, et peut être porté à tout moment de la journée. Parce qu'une journée est une succession de moments et d'occasions, choisissez la veste qui allie confort, élégance et style, et qui s'adaptera à chaque instant. "
15065184567675,Masques,"Masques, Type : Masques, 60ml, Collection : Evolve EVOLVE0625, dropshipping, Evolve, EVOLVE0625, JEVASOWH","[https://cdn.shopify.com/s/files/1/0002/7600/4882/files/EVOB-749-MiracleVitaminCMask-30ml-PackshotOpen.webp?v=1746477838,https://cdn.shopify.com/s/files/1/0002/7600/4882/files/EVOB-749-MiracleVitaminCMaskpanel.webp?v=1746477838,https://cdn.shopify.com/s/files/1/0002/7600/4882/files/EVOB-749-MiracleVitaminCMask-60ml-5060200045749-infographie.webp?v=1746477838,https://cdn.shopify.com/s/files/1/0002/7600/4882/files/EVOB-749-MiracleVitaminCMask-60ml-5060200045749_lifestyle.webp?v=1746477838,https://cdn.shopify.com/s/files/1/0002/7600/4882/files/EVOB-749-MiracleVitaminCMask-60ml-5060200045749_packshot.webp?v=1746477838,https://cdn.shopify.com/s/files/1/0002/7600/4882/files/EVOB-749-MiracleVitaminCMask-60ml-5060200045749_packshot_goop.webp?v=1746477838]",EVOLVE,20,207.5, Miracle Vitamin C Mask 
6683225423968,Jeans & Pantalons,"eligibility, Homme, INACTIF, Jeans & Pantalons, langshop, Lee, LEE1023, recherche1:Prêt-à-porter, recherche2:Jeans, Type : Jeans & Pantalons, W27 X L32, W28 X L30, W28 X L32, W29 X L32, W29 X L34, W38 X L34, 10230748, Collection : Lee, dropshipping","[https://cdn.shopify.com/s/files/1/0002/7600/4882/files/L719NLUH_1.jpg?v=1697028236,https://cdn.shopify.com/s/files/1/0002/7600/4882/files/L719NLUH.jpg?v=1696856943,https://cdn.shopify.com/s/files/1/0002/7600/4882/files/L719NLUH_3.jpg?v=1696856710,https://cdn.shopify.com/s/files/1/0002/7600/4882/files/L719NLUH_4.jpg?v=1696856768,https://cdn.shopify.com/s/files/1/0002/7600/4882/files/L719NLUH_2.jpg?v=1697028236]",LEE,20,37.5,   Composition :  98% COTTON / 2% ELASTANE 
15093339718011,Sandales,"38, 39, 40, 41, CLWS0825, Collection : White Sun, dropshipping, JEVASOWH, Sandales, Type : Sandales, White Sun, WHITESUN0825, 36, 37","[https://cdn.shopify.com/s/files/1/0002/7600/4882/files/WS-5158_4.jpg?v=1749551508,https://cdn.shopify.com/s/files/1/0002/7600/4882/files/WS-5158_3.jpg?v=1749551508,https://cdn.shopify.com/s/files/1/0002/7600/4882/files/WS-5158_2.jpg?v=1749551508,https://cdn.shopify.com/s/files/1/0002/7600/4882/files/WS-5158_1.jpg?v=1749612547]",WHITE SUN,20,24.991666666666667, Sandales Marlena - Camel Buff - Marron 
6593671463008,Autres,"10A, 12A, Autres, Bonnet A Pompon, dropshipping, eligibility","[https://cdn.shopify.com/s/files/1/0002/7600/4882/products/violet-with-pocket-kids-boy-sweater-violet-autres-bonnet-a-pompon-313519.jpg?v=1643326202,https://cdn.shopify.com/s/files/1/0002/7600/4882/products/violet-with-pocket-kids-boy-sweater-violet-autres-bonnet-a-pompon-444999.jpg?v=1643326039,https://cdn.shopify.com/s/files/1/0002/7600/4882/products/violet-with-pocket-kids-boy-sweater-violet-autres-bonnet-a-pompon-447560.jpg?v=1643324566,https://cdn.shopify.com/s/files/1/0002/7600/4882/products/violet-with-pocket-kids-boy-sweater-violet-autres-bonnet-a-pompon-454249.jpg?v=1643327624]",BONNET A POMPON,20,0.0,
6573027688544,Tops,"<20€, eligibility, M, NA-KD, na-kdtaille, Tops, XS, XXS","[https://cdn.shopify.com/s/files/1/0002/7600/4882/products/top-a-cravate-avec-enveloppe-cotelee-rose-fonce-tops-na-kd-559903.jpg?v=1632157900,https://cdn.shopify.com/s/files/1/0002/7600/4882/products/top-a-cravate-avec-enveloppe-cotelee-rose-fonce-tops-na-kd-356501.jpg?v=1632169219,https://cdn.shopify.com/s/files/1/0002/7600/4882/products/top-a-cravate-avec-enveloppe-cotelee-rose-fonce-tops-na-kd-656065.jpg?v=1632151455]",NA-KD,21,14.958333333333334," Composition :  Shell : 65% Polyester, 30% Viscose, 5% Elastane"
15180147917179,Vêtements,"Bohodot Barcelona, BOHODOTBARCELONA0725, Collection : Bohodot Barcelona, dropshipping, Type : Vêtements, Vêtements","[https://cdn.shopify.com/s/files/1/0002/7600/4882/files/piscine-short.jpg?v=1753179082,https://cdn.shopify.com/s/files/1/0002/7600/4882/files/short-piscine_2.jpg?v=1753179082,https://cdn.shopify.com/s/files/1/0002/7600/4882/files/short-piscine.jpg?v=1753179082]",BOHODOT BARCELONA,21,178.75,"   Article en précommande. Livraison autour du 26/08.  
 Short Ajustable avec un Nœud Rayé Bleu 
  Le mannequin mesure 1,72, porte une taille S prenez votre taille habituelle.  
  Composition :  100% Coton. 
  Entretien :  Lavage à la main. "
6605232767072,Robes & Jupes,"34, 36, 38, 40, 42, 44, 46, Collection : Gerard Darel, dispeo , eligibility, Gerard Darel, Robes & Jupes, Robes&JupesGerardDarel, Type : Robes & Jupes","[https://cdn.shopify.com/s/files/1/0002/7600/4882/products/robe-suzanna-electrique-robes-jupes-gerard-darel-951113.jpg?v=1650913084,https://cdn.shopify.com/s/files/1/0002/7600/4882/products/robe-suzanna-electrique-robes-jupes-gerard-darel-680522.jpg?v=1650905771,https://cdn.shopify.com/s/files/1/0002/7600/4882/products/robe-suzanna-electrique-robes-jupes-gerard-darel-538132.jpg?v=1650905771,https://cdn.shopify.com/s/files/1/0002/7600/4882/products/robe-suzanna-electrique-robes-jupes-gerard-darel-840347.jpg?v=1650905771]",GERARD DAREL,21,495.83333333333348, La robe-chemise à rayures SUZANNA se mixera à une paire de sandales en bord de plage ou à des baskets pour un look plus citadin. - Col Mao - Manches longues et basses avec poignets à un bouton - Fermeture milieu devant à l'aide de sept boutons - Poches plaquées à rabat - Pli d'aisance au dos - Ceinture amovible à la taille   Composition :  86% VISCOSE 14% SOIE    Entretien :  NETTOYAGE A SEC SEULEMENT 
6647457153120,T-Shirts,"Collection : Afends, dispeo, eligibility, Homme, L, M, recherche1:Prêt-à-porter, recherche2:T-Shirts, S, T-Shirts, Type : T-Shirts, XL, XS, XXL, 2230532, <20€, Afends","[https://cdn.shopify.com/s/files/1/0002/7600/4882/products/M224015-WHT_00352-thumbnail_e3304135-eb7c-4745-90bd-eb22fbde11e0.jpg?v=1676653877,https://cdn.shopify.com/s/files/1/0002/7600/4882/products/M224004-BBG_0820_15.png?v=1676653877,https://cdn.shopify.com/s/files/1/0002/7600/4882/products/M224015-WHT-M_0963.jpg?v=1676653877,https://cdn.shopify.com/s/files/1/0002/7600/4882/products/M224004-BBG_0820_16.png?v=1676653877,https://cdn.shopify.com/s/files/1/0002/7600/4882/products/M224015-WHT-M_09581.jpg?v=1676653877,https://cdn.shopify.com/s/files/1/0002/7600/4882/products/M224015-WHT-M_0964.jpg?v=1676653877]",AFENDS,21,0.0,"    🚀   Livraison Rapide       Connect back to earth and talk big ideas in this sustainable graphic tee. Created with eco friendly recycled cotton; this collaboration with visual artist and NSW based creative director, Lee McConnell collides our digital realm with the natural world to create innovative design. Cut in our retro fit, this short sleeve t-shirt offers a relaxed and boxy shape, with a bold graphic to turn heads. 
~
 Mens Retro Graphic T-Shirt  Baggy Oversized Fit  Wide Ribbed Neckline  Custom Lee McConnell Artwork  
  Model  
 Our model wears a size M and is 188cm tall. 
  Material  
 50% Recycled Cotton 50% Organic Cotton Jersey  Midweight, 200gsm  
 ~ 
 https://player.vimeo.com/progressive_redirect/playback/745274119/rendition/1080p/file.mp4?loc=external&signature=c492267410d6e0412408e87db37800c5cfa6d17f5f3f7465d9dbf6f32856ab15 "
14883463922043,Pulls,"L, M, numerodelavente, Pulls, recherche1:Prêt-À-Porter, recherche2:Pulls, Rodier, RODIER0125, S, Type : Pulls, XL, Collection : Rodier, couleur:Bleu, dropshipping, JEVASOWH","[https://cdn.shopify.com/s/files/1/0002/7600/4882/files/6AC9368580_Z2.jpg?v=1736435492,https://cdn.shopify.com/s/files/1/0002/7600/4882/files/6AC9368580_SU.jpg?v=1736435507,https://cdn.shopify.com/s/files/1/0002/7600/4882/files/6AC9368580_Z1.jpg?v=1736435489,https://cdn.shopify.com/s/files/1/0002/7600/4882/files/6AC9368580_Z3.jpg?v=1736435495]",RODIER,21,0.0, 95% COTON   5% CACHEMIRE 
14859603706235,Top,"Top, Type : Top, 34, 36, 38, 42, dropshipping, JEVASOWH, recherche1:Prêt-À-Porter, recherche2:Tops, SIEDRES1124, Siedrés","[https://cdn.shopify.com/s/files/1/0002/7600/4882/files/CODY-WFW23TP04LB-1.jpg?v=1732533573,https://cdn.shopify.com/s/files/1/0002/7600/4882/files/CODY-WFW23TP04LB-2.jpg?v=1732533575,https://cdn.shopify.com/s/files/1/0002/7600/4882/files/CODY-WFW23TP04LB-3.jpg?v=1732533574]",SIEDRES,21,0.0, Haut col roulé à sequins 
7228365406304,Mini Skirts,"MAJE, Mini Skirts, YOOX1024",[https://cdn.shopify.com/s/files/1/0002/7600/4882/files/35399495KD_2.jpg?v=1729251158],MAJE,21,0.0,
6642702221408,Tops,,"[https://cdn.shopify.com/s/files/1/0002/7600/4882/products/top-noll-baltic-homme-120699.jpg?v=1673869177,https://cdn.shopify.com/s/files/1/0002/7600/4882/products/top-noll-baltic-homme-237836.jpg?v=1673869177,https://cdn.shopify.com/s/files/1/0002/7600/4882/products/top-noll-baltic-homme-197142.jpg?v=1673869177,https://cdn.shopify.com/s/files/1/0002/7600/4882/products/top-noll-baltic-homme-725817.jpg?v=1673869177]",THEORY NYC,21,0.0,  Composition :  100% Lin 
15269914476923,Bottes de randonnée,"no-search, STOCKLYTIMBERLAND1025, Timberland, >100€, Bottes de randonnée",[https://cdn.shopify.com/s/files/1/0002/7600/4882/files/timberland_7Ctb0a62sv015_Image_1_C2.jpg?v=1760933107],TIMBERLAND,22,0.0," Bottes de randonnée Timberland Euro Trekker en cuir noir de haute qualité avec doublure textile recyclée, semelle extérieure adhérente et confort optimal pour les longues marches en montagne ou en forêt. "
6633913122912,Pantalons Et Shorts,"42, 44, ARKET, Collection : ARKET, dispeo, Femme, Pantalons Et Shorts, Type : Pantalons Et Shorts","[https://cdn.shopify.com/s/files/1/0002/7600/4882/products/pantalon-wide-leg-en-velours-noir-femme-855459.jpg?v=1668013587,https://cdn.shopify.com/s/files/1/0002/7600/4882/products/pantalon-wide-leg-en-velours-noir-femme-904432.jpg?v=1668013587,https://cdn.shopify.com/s/files/1/0002/7600/4882/products/pantalon-wide-leg-en-velours-noir-femme-133447.jpg?v=1668013587,https://cdn.shopify.com/s/files/1/0002/7600/4882/products/pantalon-wide-leg-en-velours-noir-femme-885837.jpg?v=1668013587]",ARKET,22,382.51239669421489," Arket reflète l’art de vivre à la scandinave. Offrez vous des vêtements conçus pour devenir des indispensables de votre quotidien, grâce à des matières faites pour durer et un style minimaliste indémodable.   Détails :   - Pantalon Wide Leg en velours. - Taille haute. - 2 poches. - Fermeture zippée et par agrafe.   Composition et entretien :    - Coloris  : noir   - Matière  : 80% viscose et 20% soie   - Entretien  : lavage à sec uniquement  "
6667711053920,Sweats,"Sweats, Type : Sweats, XL, XS, 3240001, Adidas, ADIDAS0324, Collection : Adidas, dropshipping, L, recherche1:Prêt-À-Porter, recherche2:Sweatshirts","[https://cdn.shopify.com/s/files/1/0002/7600/4882/products/products_26853838_image2_original.jpg?v=1688402612,https://cdn.shopify.com/s/files/1/0002/7600/4882/products/products_26853838_image5_original.jpg?v=1688402612,https://cdn.shopify.com/s/files/1/0002/7600/4882/products/products_26853838_image1_original.jpg?v=1688402612,https://cdn.shopify.com/s/files/1/0002/7600/4882/products/products_26853838_image4_original.jpg?v=1688402612,https://cdn.shopify.com/s/files/1/0002/7600/4882/products/products_26853838_image3_original.jpg?v=1688402612]",ADIDAS,22,0.0," Adidas réinvente le style en imposant le sportswear comme le \must-have\"" du dressing. La marque aux trois bandes relève le défi de l’inédit en rendant chaque style intemporel et chaque étape de la vie unique. Design, confort et audace sont les trois piliers Adidas qui vous permettront de devancer tout le reste en franchissant les étapes du temps.  Sweat à capuche avec liens de serrage. Manches longues. Poche kangourou. Bandes contrastantes aux épaules et sur les manches. Logo brodé devant.  Confortable. ""   Coloris  : gris clair chiné et blanc  Matière  : 70% coton et 30% polyester recyclé  Entretien  : lavage à 30°C "
15320864129403,Jeans,"Jeans, seo-generated-metafields20251230, Type : Jeans, Type : Jeans, 27, 28, Closed, CLOSED1225, Collection : Closed, dropshipping","[https://cdn.shopify.com/s/files/1/0002/7600/4882/files/C91220-05E-3B-LBL_pic1_30.jpg?v=1767078648,https://cdn.shopify.com/s/files/1/0002/7600/4882/files/C91220-05E-3B-LBL_pic1_8.jpg?v=1767078648,https://cdn.shopify.com/s/files/1/0002/7600/4882/files/C91220-05E-3B-LBL_pic1_81.jpg?v=1767078648,https://cdn.shopify.com/s/files/1/0002/7600/4882/files/C91220-05E-3B-LBL_pic1_25.jpg?v=1767078648,https://cdn.shopify.com/s/files/1/0002/7600/4882/files/C91220-05E-3B-LBL_pic1_16.jpg?v=1767078648,https://cdn.shopify.com/s/files/1/0002/7600/4882/files/C91220-05E-3B-LBL_pic1_23.jpg?v=1767078648,https://cdn.shopify.com/s/files/1/0002/7600/4882/files/C91220-05E-3B-LBL.jpg?v=1767078648,https://cdn.shopify.com/s/files/1/0002/7600/4882/files/C91220-05E-3B-LBL_pic1_12.jpg?v=1767078648]",CLOSED,22,101.65144628099173,"Avec son délavage subtil, ce  jeans  incarne un style intemporel tout en assurant un confort optimal. Sa composition en  98% coton bio  et  2% élasthanne  lui confère une souplesse remarquable, épousant parfaitement vos courbes. Cette pièce est idéale pour composer des looks décontractés ou élégants, selon vos envies.  Facile à associer, ce  jeans  se marie parfaitement avec une blouse fluide ou un t-shirt basique pour un ensemble chic au quotidien. Sa coupe flatteuse et ses finitions soignées en font un atout essentiel de votre garde-robe.  TheBradery a sélectionné cette  pièce  Closed pour son allure moderne et sa qualité irréprochable ✨  Composition : 98% coton bio, 2% élasthanne"
15091647971707,Accessoires,"Collection : Gabrielle Paris, dropshipping, Gabrielle Paris, GABRIELLEPARIS0625, GABRIELLEPETIT, Type : Accessoires, 45x45cm, Accessoires","[https://cdn.shopify.com/s/files/1/0002/7600/4882/files/SE020022_2.jpg?v=1748953998,https://cdn.shopify.com/s/files/1/0002/7600/4882/files/SE020022_1.jpg?v=1748953994]",GABRIELLE PARIS,22,0.0, Finition : coins capuchons 
6850107998304,T-Shirts,"recherche1:Prêt-À-Porter, recherche2:T-Shirts, S, T-Shirts, Type : T-Shirts, XS, 2241038, Collection : Compagnie De Californie, Compagnie De Californie, COMPAGNIEDECALIFORNIE0224, dropshipping, M",[],COMPAGNIE DE CALIFORNIE,22,0.0,
15167189418363,Sandales,"36, 37, 38, 39, 40, 41, Collection : Les Bagatelles, dropshipping, Les Bagatelles, LESBAGATELLES0825, Sandales Essentielles, Type : Sandales Essentielles","[https://cdn.shopify.com/s/files/1/0002/7600/4882/files/BG-3758_20_4.jpg?v=1752591526,https://cdn.shopify.com/s/files/1/0002/7600/4882/files/BG-3758_20_2.jpg?v=1752591523,https://cdn.shopify.com/s/files/1/0002/7600/4882/files/BG-3758_20_5.jpg?v=1752591529,https://cdn.shopify.com/s/files/1/0002/7600/4882/files/BG-3758_20_1.jpg?v=1752591521,https://cdn.shopify.com/s/files/1/0002/7600/4882/files/BG-3758_20_3.jpg?v=1752591525,https://cdn.shopify.com/s/files/1/0002/7600/4882/files/BG-3758.jpg?v=1752594553]",LES BAGATELLES,22,49.983333333333334, GOLD BUFF 
6672208527456,Chaussures,"Collection : LK Benett, dropshipping, LK Benett, LKBENETT0324, recherche1:Chaussures, recherche2:Escarpins, Type : Chaussures, 3240772, 36, 37, 38, 39, 40, 42, Chaussures","[https://cdn.shopify.com/s/files/1/0002/7600/4882/files/products_27434287_image3_original.jpg?v=1691679686,https://cdn.shopify.com/s/files/1/0002/7600/4882/files/products_27434287_image1_original.jpg?v=1691679686,https://cdn.shopify.com/s/files/1/0002/7600/4882/files/products_27434287_image4_original.jpg?v=1691679686,https://cdn.shopify.com/s/files/1/0002/7600/4882/files/products_30483096_image2_original.jpg?v=1711358411,https://cdn.shopify.com/s/files/1/0002/7600/4882/files/products_30483096_image4_original.jpg?v=1711358412,https://cdn.shopify.com/s/files/1/0002/7600/4882/files/products_30483096_image3_original.jpg?v=1711358412,https://cdn.shopify.com/s/files/1/0002/7600/4882/files/products_30483096_image1_original.jpg?v=1711358411,https://cdn.shopify.com/s/files/1/0002/7600/4882/files/products_27434287_image2_original.jpg?v=1691679686]",LK BENETT,22,0.0," Escarpins en  lin . 
Bout pointu. "
6625936310368,Bloomer/Culotte - Bébé - Fille,"12M, 18M, 2Y, 3M, 6M, 9M, <20€, Bloomer/Culotte - Bébé - Fille, Collection : Tocoto Vintage, dropshipping, eligibility, target2sell:2022-05-18 07:45:00, Tocoto Vintage, Type : Bloomer/Culotte - Bébé - Fille",[],TOCOTOVINTAGE1,22,0.0,
7137057144928,Colliers,"numerodevente, seo-generated-metafields20251202, TU, Type : Colliers, Type : Colliers, Collection : Nilaï, Colliers, dropshipping, NILAI1225, Nilaï","[https://cdn.shopify.com/s/files/1/0002/7600/4882/files/NIL-02614-1.jpg?v=1730383087,https://cdn.shopify.com/s/files/1/0002/7600/4882/files/NIL-02614-2.jpg?v=1730383087,https://cdn.shopify.com/s/files/1/0002/7600/4882/files/NIL-02614.jpg?v=1719591359]",NILAI,23,278.85833333333335,"Doté d'une  médailles Astro délicate , ce  collier  vous séduira par son élégance intemporelle. D'une taille de 1,2 x 1,2 cm, il peut être ajusté entre 40 cm et 43 cm. Sa finition dorée en or fin 24K 1 micron lui confère une brillance authentique tout en offrant une résistance à l'eau.  Idéal pour sublimer vos tenues au quotidien ou pour une occasion spéciale, ce collier se porte seul ou accompagné d'autres créations pour un style personnalisé.  Nilaï signe ici une  création  que TheBradery a choisie pour sa finesse et son allure raffinée 💫  Composition : Doré à l’or fin 24K 1 micron, résistant à l’eau."
6571746590816,Manteaux Et Vestes,"<20€, L, M, mangotaille, Manteaux Et Vestes, S, XL, XS","[https://cdn.shopify.com/s/files/1/0002/7600/4882/products/gilet-vert-manteaux-et-vestes-the-bradery-237711.jpg?v=1631148671,https://cdn.shopify.com/s/files/1/0002/7600/4882/products/gilet-vert-manteaux-et-vestes-the-bradery-584334.jpg?v=1631143634,https://cdn.shopify.com/s/files/1/0002/7600/4882/products/gilet-vert-manteaux-et-vestes-the-bradery-945478.jpg?v=1631155028,https://cdn.shopify.com/s/files/1/0002/7600/4882/products/gilet-vert-manteaux-et-vestes-the-bradery-466839.jpg?v=1631152344,https://cdn.shopify.com/s/files/1/0002/7600/4882/products/gilet-vert-manteaux-et-vestes-the-bradery-349919.jpg?v=1631148903]",MANGO,23,160.0,"   Gilet matelassé . Tissu matelassé, Coupe courte, Col cheminée, Sans manches, Fermeture Éclair   Composition :  100% Polyamide Doublure: 100% Polyamide Rembourrage: 100% Polyester Recyclé    Conseils d'entretien :  Laver En Machine Max. 30°C, Ne Pas Utiliser D'Eau De Javel, Ne Pas Repasser, Ne Pas Laver A Sec, Pas De Séchage En Machine   Dimensions Produit :  33,5cm x 59,5cm "
14835866534267,Pochettes Et Sachets Ramasse-Crottes,"2111240110, Collection : French Bandit, dropshipping, French Bandit, FRENCHBANDIT1124, Pochettes Et Sachets Ramasse-Crottes, recherche1:Accessoires, recherche2:Autres accessoires, TU, Type : Pochettes Et Sachets Ramasse-Crottes","[https://cdn.shopify.com/s/files/1/0002/7600/4882/files/POCHETTE-1_b445efa4-3b8b-4ece-8fb4-42ec90516351.jpg?v=1731599971,https://cdn.shopify.com/s/files/1/0002/7600/4882/files/POCHETTE_de6e1834-f319-48a2-a851-962121a1529f.jpg?v=1731599971,https://cdn.shopify.com/s/files/1/0002/7600/4882/files/POCHETTE-2_144bbab2-1b1b-4c21-b8a4-7725d381dca4.jpg?v=1731599971]",FRENCH BANDIT,23,19.083333333333332,"  Si dans votre garde-robe, on trouve plus de déclinaisons de couleurs de l’arc en ciel que de total looks gris et noirs, alors le motif Joli Coeur est fait pour vous :   du rose, des carreaux stylés et des coeurs dessinés pour compléter ce motif qui nous donne envie de l’aimer !    
  💓​​Pochette pour sacs à crottes. Imprimé à carreaux roses et coeurs rouges. Finitions : bouton pression et mousqueton en nylon.  "
15248210526587,Vitamines et compléments alimentaires,"Hygée, Type : Vitamines et compléments alimentaires, Vitamines et compléments alimentaires, Collection : Hygée, dropshipping, HYGEE0925","[https://cdn.shopify.com/s/files/1/0002/7600/4882/files/Avant__apres_d4e3a4a4-0a0a-465e-992f-cc633c94f8ba.png?v=1758903648,https://cdn.shopify.com/s/files/1/0002/7600/4882/files/LeCollagene_18.jpg?v=1758903648,https://cdn.shopify.com/s/files/1/0002/7600/4882/files/1ere_photo.png?v=1758903648,https://cdn.shopify.com/s/files/1/0002/7600/4882/files/13_4fa60efe-1b6a-4332-9c2e-b0198e066443.png?v=1758903648,https://cdn.shopify.com/s/files/1/0002/7600/4882/files/Avis_2_9ee506fb-19ce-44b3-9c1f-0714ed1eb840.png?v=1758903648,https://cdn.shopify.com/s/files/1/0002/7600/4882/files/Chiffres_9cdca8d6-afb6-43d6-99b6-8387f794f206.png?v=1758903648,https://cdn.shopify.com/s/files/1/0002/7600/4882/files/Chiffres_2_951c2cec-1216-44a9-ae4b-dd8765c3aaa1.png?v=1758903648,https://cdn.shopify.com/s/files/1/0002/7600/4882/files/12_462577f2-143a-4fec-a562-c558b8b8b876.png?v=1758903648,https://cdn.shopify.com/s/files/1/0002/7600/4882/files/Le_Collagene_4.png?v=1758903648,https://cdn.shopify.com/s/files/1/0002/7600/4882/files/Avis_4d536e5a-78fd-4220-9584-ae26689137d6.png?v=1758903648,https://cdn.shopify.com/s/files/1/0002/7600/4882/files/4_cb9cad74-f21a-4202-b471-08033cc54e08.png?v=1758903648]",HYGEE,23,4086.4253652422553,"  Le Collagène+, la science au service de votre beauté.  
 + Formule pointue à base de Collagène marin (Naticol   ®)    cliniquement étudié,  Rose de Damas (complexe breveté Damasty™), Acide Hyaluronique, extraits de Grenade et Rhodiola. 
  
 +  Raffermit la peau, unifie le teint, ravive l’éclat et atténue les signes visibles de l’âge. 
 +  Riche en antioxydants, aide à protéger les cellules et à réduire les effets du stress. 
 + Assimilation optimale et ingrédients cliniquement prouvés. 
 + Goût neutre. 
  Conseils d'utilisation :   Dans un verre d'eau ou la boisson de votre choix (chaude ou froide), mélangez :   • Cure d'attaque :  une cuillère doseuse (=6g/jour)   • Cure d'entretien :  une demi-cuillère doseuse (=3g/jour)  Pour des effets durables, nous recommandons une cure de 3 mois. Goût neutre.  "
7211400298592,Pulls,"203250071, Aigle, AIGLE0325, Collection : Aigle, dropshipping, JEVASOWH, L, M, no-search, Pulls, recherche1:Prêt-À-Porter, recherche2:Pulls, S, Type : Pulls, XL, XXL","[https://cdn.shopify.com/s/files/1/0002/7600/4882/files/AN011_3.jpg?v=1742305217,https://cdn.shopify.com/s/files/1/0002/7600/4882/files/AN011_1.jpg?v=1742305043,https://cdn.shopify.com/s/files/1/0002/7600/4882/files/AN011_2.jpg?v=1742305106]",AIGLE,23,92.416666666666671, Polaire Aiw23Mfle008 - Ebene Jq - Homme 
14883459694971,Accessoires,"Collection : Les Enfantines, couleur:Starry Pink, dropshipping, Les Enfantines, LESENFANTINES0125, no-search, numerodevente, recherche1:Enfant Et Bébé, recherche2:Accessoires, resize1, Type : Accessoires, 03/08A, 03/09M, 12/24M, Accessoires",[https://cdn.shopify.com/s/files/1/0002/7600/4882/files/D0221LE010-STARRY-PINK.jpg?v=1736418736],LES ENFANTINES,23,12.416666666666668, Petit col charmant pour sublimer une tenue 
14927869968763,Chaussures,"45-46, Chaussons, Chaussures, Collection : SUBU, dropshipping, JEVASOWH, nom:Concept, numerodevente, recherche1:Accessoires, recherche2:Chaussons, recherche2:Chaussures, SUBU, SUBU0225, Type : Chaussons, Type : Chaussures, 35-36, 37-38, 39-40, 41-42, 43-44","[https://cdn.shopify.com/s/files/1/0002/7600/4882/files/SUBU-RE-Crocodile-Yellow-3.webp?v=1739964265,https://cdn.shopify.com/s/files/1/0002/7600/4882/files/CopyofRECROCODILEYELLOW_2.jpg?v=1739964265,https://cdn.shopify.com/s/files/1/0002/7600/4882/files/CopyofRECROCODILEYELLOW_1.jpg?v=1739964265]",SUBU,30,0.0," ✨ Les chaussures Re:Crocodile Yellow de SUBU, conçues pour allier confort extrême et style unique. Avec leur tissu doux à poils surélevés et leur coussin d'oreiller à quatre couches, elles promettent un confort inégalé. Livrées avec un sac assorti, elles sont parfaites pour tout événement ou pour un look décontracté. La collection haremokemo SUBU repousse les limites, offrant des modèles allant de l'épuré au raffiné, s'accordant à chaque tenue. "
15054187037051,TALONS HAUT,"Apolina, APOLINA0625, Collection : Apolina, couleur:Gris, dropshipping, JEVASOWH, resizeok, Sandales À Talons, Type : Sandales À Talons, 36, 37, 38, 39, 40, 41","[https://cdn.shopify.com/s/files/1/0002/7600/4882/files/APL-840_20_3.jpg?v=1750834524,https://cdn.shopify.com/s/files/1/0002/7600/4882/files/APL-840_20_4.jpg?v=1750413535,https://cdn.shopify.com/s/files/1/0002/7600/4882/files/APL-840_20_2.jpg?v=1750834524,https://cdn.shopify.com/s/files/1/0002/7600/4882/files/APL-840_20_1.jpg?v=1750834524]",APOLINA,30,76.65, Sandales A Talon Mykonos - Gris - 100% Cuir - Femme 
15234105344379,Colliers,"dropshipping, Oro Di Oro, ORODIORO0925, resize1, TU, Type : Colliers, 251648144589, Collection : Oro Di Oro, Colliers",[https://cdn.shopify.com/s/files/1/0002/7600/4882/files/PI90010G_ddbc6bbf-daa5-46aa-93fb-f600e9d33032.jpg?v=1757928491],ORO DI ORO,30,0.0, Or Blanc 375/1000 
7228475015264,Prêt-À-Porter,"Collection : Parfois, dropshipping, JEVASOWH, M/L, no-search, numerodevente, Parfois, PARFOIS1024, Prêt-À-Porter, recherche1:Prêt-À-Porter, recherche2:Pantalons, resize1, Type : Prêt-À-Porter, XS/S","[https://cdn.shopify.com/s/files/1/0002/7600/4882/files/212626_BL_2.jpg?v=1730139950,https://cdn.shopify.com/s/files/1/0002/7600/4882/files/212626_BL_1.jpg?v=1730139947,https://cdn.shopify.com/s/files/1/0002/7600/4882/files/212626_BL_3.jpg?v=1730139953]",PARFOIS,30,0.0, BODY : 59% Lyocell 41% Viscose 
15234103673211,Boucles D'Oreilles,"dropshipping, Oro Di Oro, ORODIORO0925, resize1, TU, Type : Boucles D'Oreilles, 251648144589, Boucles D'Oreilles, Collection : Oro Di Oro",[https://cdn.shopify.com/s/files/1/0002/7600/4882/files/EPE949198G.jpg?v=1757928422],ORO DI ORO,30,0.0, Or Blanc 375/1000 
6633916563552,T-shirts & Polos,"<20€, ARKET, Collection : ARKET, dispeo, fleur, L, M, S, T-shirts & Polos, target2sell:2022-11-14 07:45:00, Type : T-shirts & Polos, XL","[https://cdn.shopify.com/s/files/1/0002/7600/4882/products/t-shirt-jaune-femme-259509.jpg?v=1668015396,https://cdn.shopify.com/s/files/1/0002/7600/4882/products/t-shirt-jaune-femme-437525.jpg?v=1668015396,https://cdn.shopify.com/s/files/1/0002/7600/4882/products/t-shirt-jaune-femme-400866.jpg?v=1668015396]",ARKET1,34,90.033266199041591," Arket reflète l’art de vivre à la scandinave. Offrez vous des vêtements conçus pour devenir des indispensables de votre quotidien, grâce à des matières faites pour durer et un style minimaliste indémodable.   Détails :   - T-shirt à manches courtes. - Col rond.   Composition et entretien :    - Coloris  : jaune   - Matière  : 100% coton   - Entretien  : lavage à 40°C  "
6649064095840,Air Jordan,"37.5, 38, 38.5, 39, 40, 40.5, 41, 42, 42.5, 43, 44, 44.5, 45, 45.5, 46, Air Jordan, Collection : Kikikickz, dropshipping, INACTIF, kikikickzxelyn, recherche1:Chaussures, recherche2:Baskets, Type : Air Jordan, 35.5, 36, 36.5","[https://cdn.shopify.com/s/files/1/0002/7600/4882/products/baskets-air-jordan-4-se-craft-photon-dust-pour-homme-et-femme-disponible-sur-kikikickz-739124.jpg?v=1685165006,https://cdn.shopify.com/s/files/1/0002/7600/4882/products/baskets-air-jordan-4-se-craft-photon-dust-pour-homme-et-femme-disponible-sur-kikikickz-529252.jpg?v=1685165006,https://cdn.shopify.com/s/files/1/0002/7600/4882/files/baskets-air-jordan-4-se-craft-photon-dust-pour-homme-et-femme-disponible-sur-kikikickz-830972_Copier.jpg?v=1685165006]",KIKIKICKZ,34,237.5,"   Jordan   continue de jouer sur ses classiques avec la   Air Jordan 4  SE Craft Photon Dust . 
 La  Air Jordan 4  rejoint la collection  Craft , caractérisée par une approche de design brute, et ce de manière élégante avec cette  Photon Dust . Se présentant dans une  combinaison de tons gris , lesquels s'accompagnent de simples  touches de jaune pâle ou crème , elle arbore du  suède et cuir premium  disposés à des endroits inhabituels, comme la cage centrale ou le renfort habituellement faits de TPU. Une paire riche en détails ! 
 Retrouvez aussi la   Air Jordan 1 Mid SE Craft Sail Taupe Haze   ! 
  Conseil pratique  : Ce modèle taille normalement, nous vous recommandons de prendre votre taille habituelle. 
  Date de sortie :  11/02/2023 
  Coloris :  Photon Dust/Pale Vanilla-Off White-Grey Fog-Flat Pewter-Sail "
15218820120955,Combinaisons,"Acquaverde, ACQUAVERDE0825, Collection : Acquaverde, Combinaisons, dropshipping, JEVASOWH, L, M, no-seach, S, Type : Combinaisons, XL, XS","[https://cdn.shopify.com/s/files/1/0002/7600/4882/files/LIVDNS-BLACKSTONE_COMBINAISONLIV1.jpg?v=1756215759,https://cdn.shopify.com/s/files/1/0002/7600/4882/files/LIVDNS-BLACKSTONE_COMBINAISONLIV5.jpg?v=1756215759,https://cdn.shopify.com/s/files/1/0002/7600/4882/files/LIVDNS-BLACKSTONE_COMBINAISONLIV3.jpg?v=1756215759,https://cdn.shopify.com/s/files/1/0002/7600/4882/files/LIVDNS-BLACKSTONE_COMBINAISONLIV2.jpg?v=1756215759,https://cdn.shopify.com/s/files/1/0002/7600/4882/files/LIVDNS-BLACKSTONE_COMBINAISONLIV4.jpg?v=1756215759]",ACQUAVERDE,34,182.25000000000003, COMBINAISON LIV DENIM COLOR STRETCH 
6593648853088,Autres,"Autres, Bonnet A Pompon, dropshipping, eligibility, TU",[],BONNET A POMPON,34,0.0,
7228401188960,Blazers,"Blazers, TWINSET, YOOX1024",[https://cdn.shopify.com/s/files/1/0002/7600/4882/files/49786592HS_2.jpg?v=1729251361],TWINSET,34,0.0,
6678969319520,T-Shirts,"MERGE, T-Shirts, Type : T-Shirts, Collection : Katin USA, dropshipping, Katin USA, KATIN0923","[https://cdn.shopify.com/s/files/1/0002/7600/4882/products/Katin-Baja-Tee-Vintage-White-02_fdd724bf-ff73-4496-884d-7bdbec9f47f8.jpg?v=1695141317,https://cdn.shopify.com/s/files/1/0002/7600/4882/products/Katin-Baja-Tee-Vintage-White-11_348860c9-8d58-4f50-a4bd-dc060996e109.jpg?v=1695141317,https://cdn.shopify.com/s/files/1/0002/7600/4882/products/Katin-Baja-Tee-Vintage-White-10.jpg?v=1695141317,https://cdn.shopify.com/s/files/1/0002/7600/4882/products/Katin-Baja-Tee-Vintage-Bark-10.jpg?v=1695045100,https://cdn.shopify.com/s/files/1/0002/7600/4882/products/Katin-Baja-Tee-Vintage-Bark-12.jpg?v=1695045100,https://cdn.shopify.com/s/files/1/0002/7600/4882/products/Katin-Baja-Tee-Vintage-White-12.jpg?v=1695141317,https://cdn.shopify.com/s/files/1/0002/7600/4882/products/Katin-Baja-Tee-Vintage-White-01.jpg?v=1695045100,https://cdn.shopify.com/s/files/1/0002/7600/4882/products/Katin-Baja-Tee-Vintage-White-02.jpg?v=1695045100,https://cdn.shopify.com/s/files/1/0002/7600/4882/products/Katin-Baja-Tee-Vintage-White-11.jpg?v=1695045100,https://cdn.shopify.com/s/files/1/0002/7600/4882/products/Katin-Baja-Tee-Vintage-White-01_983dce93-63e4-4d01-8868-4b2e4c03e002.jpg?v=1695141317]",KATIN USA,50,120.39823008849558," 

 The Baja Tee, is constructed of ultra-soft, 100% Organic Cotton that has been custom dyed for effortless style and extended comfortability.  
 
  100% Certified Organic Cotton  
 
 Custom dyed & washed  
 
  Katin flag label  
 
 
  Model is 6'0, 170lbs and wears a size L  
 
   "
7187430506592,Cyclistes,"Believe Athletics, BELIEVEATHLETICS0824, Collection : Believe Athletics, Cyclistes, dropshipping, Type : Cyclistes","[https://cdn.shopify.com/s/files/1/0002/7600/4882/files/Halo-Biker-en-Caqui-Bikers-Tienda-Ropa-Leggings-Yoga-Sostenibles-Reciclados-Mujer-On-line-Sustainable-Recycled-Yoga-Clothes-Believe-Athletics-Barcelona-6.jpg?v=1724743296,https://cdn.shopify.com/s/files/1/0002/7600/4882/files/Halo-Biker-en-Caqui-Bikers-Tienda-Ropa-Leggings-Yoga-Sostenibles-Reciclados-Mujer-On-line-Sustainable-Recycled-Yoga-Clothes-Believe-Athletics-Barcelona-5.jpg?v=1724743296,https://cdn.shopify.com/s/files/1/0002/7600/4882/files/Halo-Biker-en-Caqui-Bikers-Tienda-Ropa-Leggings-Yoga-Sostenibles-Reciclados-Mujer-On-line-Sustainable-Recycled-Yoga-Clothes-Believe-Athletics-Barcelona-7.jpg?v=1724743296,https://cdn.shopify.com/s/files/1/0002/7600/4882/files/Halo-Biker-en-Caqui-Bikers-Tienda-Ropa-Leggings-Yoga-Sostenibles-Reciclados-Mujer-On-line-Sustainable-Recycled-Yoga-Clothes-Believe-Athletics-Barcelona.jpg?v=1724743296,https://cdn.shopify.com/s/files/1/0002/7600/4882/files/Halo-Biker-en-Caqui-Bikers-Tienda-Ropa-Leggings-Yoga-Sostenibles-Reciclados-Mujer-On-line-Sustainable-Recycled-Yoga-Clothes-Believe-Athletics-Barcelona-4.jpg?v=1724743296,https://cdn.shopify.com/s/files/1/0002/7600/4882/files/Halo-Biker-en-Caqui-Bikers-Tienda-Ropa-Leggings-Yoga-Sostenibles-Reciclados-Mujer-On-line-Sustainable-Recycled-Yoga-Clothes-Believe-Athletics-Barcelona-3.jpg?v=1724743296,https://cdn.shopify.com/s/files/1/0002/7600/4882/files/Halo-Biker-en-Caqui-Bikers-Tienda-Ropa-Leggings-Yoga-Sostenibles-Reciclados-Mujer-On-line-Sustainable-Recycled-Yoga-Clothes-Believe-Athletics-Barcelona-2.jpg?v=1724743296]",BELIEVE ATHLETICS,50,0.0, 96 % Polyamide 4 % EL recyclé 
7228444213344,Boucles D'Oreilles,"Boucles D'Oreilles, Collection : Parfois, dropshipping, JEVASOWH, no-search, numerodevente, Parfois, PARFOIS1024, recherche1:Accessoires, recherche2:Boucles d'Oreille, resize1, TU, Type : Boucles D'Oreilles","[https://cdn.shopify.com/s/files/1/0002/7600/4882/files/188665_HM_3.jpg?v=1730132339,https://cdn.shopify.com/s/files/1/0002/7600/4882/files/188665_HM_2.jpg?v=1730132336,https://cdn.shopify.com/s/files/1/0002/7600/4882/files/188665_HM_1.jpg?v=1730132333]",PARFOIS,50,0.0, BODY : 50% Zinc 50% Shell 
6577078665312,SWIMWEAR,"eligibility, L, M, RVCA, rvcataille, S, SWIMWEAR, XS",[https://cdn.shopify.com/s/files/1/0002/7600/4882/products/flash-tie-front-swimwear-rvca-759663.jpg?v=1633946737],RVCA,50,0.0, R 
7228341059680,Briefs,"Briefs, GANNI, YOOX1024",[https://cdn.shopify.com/s/files/1/0002/7600/4882/files/48277549EO_2.jpg?v=1729250978],GANNI,50,0.0,
15225348587899,Pantalons Et Shorts,"29, 30, 31, 32, 33, Collection : The Kooples, dropshipping, Pantalons, seo-generated-metafields20251116, The Kooples, THEKOOPLES0925, Type : Pantalons, 218467434727, 27, 28","[https://cdn.shopify.com/s/files/1/0002/7600/4882/files/HJEA26016JBLU05_F.jpg?v=1757075475,https://cdn.shopify.com/s/files/1/0002/7600/4882/files/HJEA26016JBLU05_G.jpg?v=1757075479]",THE KOOPLES,100,0.0," Doublure Poche:65% Polyester 35% Coton 
Exterieur:98% Coton 2% Elasthanne  "
6649042534496,Beauté Des Mains & Pieds,<20€,[],ONAMASTE,100,0.0," Kit Pedicure 10 Pièces - Noir - Femme 
 Notre kit de pédicure est un ensemble d'outils de pédicure tout-en-un avec une lime à pied double face épaisse et fine, un dissolvant de callosités, un dissolvant de cuticules, un coupe-ongles. Différents outils de manucure pédicure pour répondre à vos différents besoins 
  Composition :  Plastique "
6671559688288,Jacket,">100€, Jacket, James Perse, JAMESPERSE0824",[],JAMES PERSE,100,0.0, Lightweight Utility Jacket - Stag - Womenswear 
6671570600032,Trouser,">100€, James Perse, JAMESPERSE0824, Trouser",[],JAMES PERSE,100,0.0, Pull On Corduroy Pant - Bee Wax - Womenswear 
6671491334240,Jacket,">100€, Jacket, James Perse, JAMESPERSE0824",[],JAMES PERSE,100,0.0, Two Tone Down Vest - Black/Navy - Menswear 
6671449653344,T-Shirt,">100€, James Perse, T-Shirt","[https://cdn.shopify.com/s/files/1/0002/7600/4882/files/MEK3501-11_7c9d616a-2c5e-4f66-9bc8-7f1c846c2116.jpg?v=1690993246,https://cdn.shopify.com/s/files/1/0002/7600/4882/files/MEK3501-4.jpg?v=1690993001,https://cdn.shopify.com/s/files/1/0002/7600/4882/files/MEK3501-6_028fa90d-09ed-49c8-bb7a-894d0b80e499.jpg?v=1690993041,https://cdn.shopify.com/s/files/1/0002/7600/4882/files/MEK3501-1.jpg?v=1690992885]",JAMESPERSE1,100,0.0, L/S Raglan - Black - Menswear 
6697717399648,Sac hobo Femme,"_porte_porté travers, _porte_porté épaule, _related_basic premium, _type_sacs, lancasterxtbx1123, _fds, _forme_sac hobo, _genre_femme, _ligne_basic premium","[https://cdn.shopify.com/s/files/1/0002/7600/4882/products/510-64-NOIR-1B.jpg?v=1698074483,https://cdn.shopify.com/s/files/1/0002/7600/4882/products/510-64-BLEUFONC-3.jpg?v=1698074483,https://cdn.shopify.com/s/files/1/0002/7600/4882/products/510-64-BLEUROI-1.jpg?v=1698074483,https://cdn.shopify.com/s/files/1/0002/7600/4882/products/510-64-CERISE-1.jpg?v=1698074483,https://cdn.shopify.com/s/files/1/0002/7600/4882/products/510-64-ROUGE-2.jpg?v=1698074483,https://cdn.shopify.com/s/files/1/0002/7600/4882/products/510-64-ROUGE-5.jpg?v=1698074483,https://cdn.shopify.com/s/files/1/0002/7600/4882/products/510-64-NOIR-1.jpg?v=1698074483,https://cdn.shopify.com/s/files/1/0002/7600/4882/products/510-64-NOIR-5.jpg?v=1698074483,https://cdn.shopify.com/s/files/1/0002/7600/4882/products/510-64-ROUGE-1.jpg?v=1698074483,https://cdn.shopify.com/s/files/1/0002/7600/4882/products/510-64-BLEUFONC-5.jpg?v=1698074483,https://cdn.shopify.com/s/files/1/0002/7600/4882/products/510-64-CAMEL-1.jpg?v=1698074483,https://cdn.shopify.com/s/files/1/0002/7600/4882/products/510-64-BLEUFONC-4.jpg?v=1698074483,https://cdn.shopify.com/s/files/1/0002/7600/4882/products/510-64-NOIR-4.jpg?v=1698074483,https://cdn.shopify.com/s/files/1/0002/7600/4882/products/510-64-CAMEL-2.jpg?v=1698074483,https://cdn.shopify.com/s/files/1/0002/7600/4882/products/510-64-NATUREL-2.jpg?v=1698074483,https://cdn.shopify.com/s/files/1/0002/7600/4882/products/510-64-NATUREL-3.jpg?v=1698074483,https://cdn.shopify.com/s/files/1/0002/7600/4882/products/510-64-BLEUROI-3.jpg?v=1698074483,https://cdn.shopify.com/s/files/1/0002/7600/4882/products/510-64-NOIR-2.jpg?v=1698074483,https://cdn.shopify.com/s/files/1/0002/7600/4882/products/510-64-BLEUFONC-2.jpg?v=1698074483,https://cdn.shopify.com/s/files/1/0002/7600/4882/products/510-64-CERISE-4.jpg?v=1698074483,https://cdn.shopify.com/s/files/1/0002/7600/4882/products/510-64-NATUREL-1.jpg?v=1698074483,https://cdn.shopify.com/s/files/1/0002/7600/4882/products/510-64-NOIR-3.jpg?v=1698074483,https://cdn.shopify.com/s/files/1/0002/7600/4882/products/510-64-CERISE-2.jpg?v=1698074483,https://cdn.shopify.com/s/files/1/0002/7600/4882/products/510-64-CAMEL-3.jpg?v=1698074483,https://cdn.shopify.com/s/files/1/0002/7600/4882/products/510-64-BLEUROI-4.jpg?v=1698074483,https://cdn.shopify.com/s/files/1/0002/7600/4882/products/510-64-CERISE-3.jpg?v=1698074483,https://cdn.shopify.com/s/files/1/0002/7600/4882/products/510-64-NATUREL-4.jpg?v=1698074483,https://cdn.shopify.com/s/files/1/0002/7600/4882/products/510-64-BLEUROI-2.jpg?v=1698074483,https://cdn.shopify.com/s/files/1/0002/7600/4882/products/510-64-CAMEL-4.jpg?v=1698074483,https://cdn.shopify.com/s/files/1/0002/7600/4882/products/510-64-ROUGE-4.jpg?v=1698074483,https://cdn.shopify.com/s/files/1/0002/7600/4882/products/510-64-BLEUFONC-1.jpg?v=1698074483,https://cdn.shopify.com/s/files/1/0002/7600/4882/products/510-64-ROUGE-3.jpg?v=1698074483]",LANCASTER,10000,0.0," Poche arrière extérieure zippée, poche intérieure zippée, poche intérieure simple, rangement téléphone "
4183669080160,Col Rond,Col Rond,"[https://cdn.shopify.com/s/files/1/0002/7600/4882/products/col-rond-court-violet-col-rond-fromfuture1-408577.jpg?v=1598486622,https://cdn.shopify.com/s/files/1/0002/7600/4882/products/col-rond-court-violet-col-rond-fromfuture1-872796.jpg?v=1598486622,https://cdn.shopify.com/s/files/1/0002/7600/4882/products/col-rond-court-violet-col-rond-fromfuture1-175280.jpg?v=1598486622,https://cdn.shopify.com/s/files/1/0002/7600/4882/products/col-rond-court-violet-col-rond-fromfuture1-812606.jpg?v=1598486622]",FROM FUTURE,10000,36.666666666666671," Notre bestseller. Le Col rond court 100% cachemire en 6 fils, pour un look parfait avec un pantalon ou un jean taille haute. "
6659795779680,Bas,"42, 5230632, >100€, Bas, Collection : Roseanna, dropshipping, INACTIF, JUPE, Roseanna, Roseanna0523, Type : Bas","[https://cdn.shopify.com/s/files/1/0002/7600/4882/products/jupe-elton-farfalla-print_1ee14922-eb8b-48d3-8a4d-59c6a4822ee8.jpg?v=1684035228,https://cdn.shopify.com/s/files/1/0002/7600/4882/products/jupe-elton-farfalla-print_924f0f20-3c7d-4ce7-89d4-340c45988b8b.jpg?v=1684035243,https://cdn.shopify.com/s/files/1/0002/7600/4882/products/jupe-elton-farfalla-print_c3abfab7-4546-4e4a-937e-c9dd3325c960.jpg?v=1683905157,https://cdn.shopify.com/s/files/1/0002/7600/4882/products/jupe-elton-farfalla-print_15a196a4-7eff-46cc-bb3a-abf483c62d62.jpg?v=1683905159,https://cdn.shopify.com/s/files/1/0002/7600/4882/products/jupe-elton-farfalla-print_33db3122-570c-4b19-a267-dc6a16b80135.jpg?v=1683905153]",ROSEANNA,10000,0.0," Jupe Roseanna réalisée dans un crépon de soie et viscose imprimé en Italie, dessiné par Roseanna, coloris rouge Jupe évasée Taille ajustée Dos élastiqué Coupe longue Imprimé exclusif Roseanna Tissu légèrement transparent Doublure intérieure Choisissez votre taille habituelle Paula mesure 178 cm et porte une taille 36   Composition :  Tissu : 81% Viscose, 19% Soie Doublure : 100% Cupro Fabriqué en Pologne   Entretien :  Nettoyage à sec Chlore interdit Séchage tambour interdit Repassage fer doux "
7110694502496,Boucles D'Oreilles,"55 Jewelry, 55JEWELRY1224, Boucles D'Oreilles, dropshipping, recherche1:Accessoires, recherche2:Boucles d'Oreille, REVERTEST, TU, Type : Boucles D'Oreilles","[https://cdn.shopify.com/s/files/1/0002/7600/4882/files/2E63FF9A-BEC6-47C4-8216-06E9D876C19F.jpg?v=1718023438,https://cdn.shopify.com/s/files/1/0002/7600/4882/files/27E5938C-62AC-466C-8ED8-14D5466EA4C5.jpg?v=1718023438,https://cdn.shopify.com/s/files/1/0002/7600/4882/files/07398105-3F12-46E1-A87F-40F0A102CCD1.jpg?v=1718023438,https://cdn.shopify.com/s/files/1/0002/7600/4882/files/054E43F2-6E35-4A80-A1B2-218322DC7E4E.jpg?v=1718023438,https://cdn.shopify.com/s/files/1/0002/7600/4882/files/7D174F59-0329-4E1E-AD88-3BFEAE1CD0C2.jpg?v=1718023438]",55 JEWELRY,10000,426.0," Boucles d'oreilles en acier inoxydable doré à l'or fin et pendentifs en acier.
 • Garanti sans nickel et sans risque d’allergie
 • Diamètre créoles : 20mm
 • Ne pas mettre d'eau sur les pendentifs
 • Par mesure d’hygiène les boucles d’oreilles ne sont ni reprises ni échangées "
15259247313275,Faux Ongles,"Roxy Nails, ROXYNAILS1025, TU, Type : Faux Ongles, Type : Faux Ongles, Collection : Roxy Nails, dropshipping, Faux Ongles","[https://cdn.shopify.com/s/files/1/0002/7600/4882/files/Auberginenew4_efd07235-35ed-4e78-9bfb-41723dddfbf1.jpg?v=1759846009,https://cdn.shopify.com/s/files/1/0002/7600/4882/files/Auberginenew1_40c4175d-7c50-4a71-88e2-26a23e78e61e.jpg?v=1759846009,https://cdn.shopify.com/s/files/1/0002/7600/4882/files/Aubergine0_4be5bdb4-da82-4f1d-acb5-b708f42fa079.jpg?v=1759846008,https://cdn.shopify.com/s/files/1/0002/7600/4882/files/SizechartarrondiXS-min_e54ae4be-5368-4b9b-8693-66fc665fe49a.jpg?v=1759846009,https://cdn.shopify.com/s/files/1/0002/7600/4882/files/Auberginenew3_1f5fa0b1-c965-44eb-b451-fcd651092602.jpg?v=1759846010]",ROXY NAILS,10000,637.12369146005517," Un  violet foncé  inspiré des teintes royales,  profond et froid à l'ombre, plus doux et presque bordeaux au soleil ,  Longueur :  Extra-court,  Forme :  Oval,  Opacité :  Opaque,  Finition :  Glossy,  Nombre de capsules :  32.    Découvrez ces faux ongles signés Roxy Nails, un incontournable de la collection. ✨ "
6607806136416,Chemises Et Tops,"<20€, Chemises Et Tops, Collection : Grace & Mila, dispeo, eligibility, Grace & Mila, L, Type : Chemises Et Tops","[https://cdn.shopify.com/s/files/1/0002/7600/4882/products/top-ambigue-noir-chemises-et-tops-grace-mila-312133.jpg?v=1652280684,https://cdn.shopify.com/s/files/1/0002/7600/4882/products/top-ambigue-noir-chemises-et-tops-grace-mila-649941.jpg?v=1652280684,https://cdn.shopify.com/s/files/1/0002/7600/4882/products/top-ambigue-noir-chemises-et-tops-grace-mila-946564.jpg?v=1652225728,https://cdn.shopify.com/s/files/1/0002/7600/4882/products/top-ambigue-noir-chemises-et-tops-grace-mila-268229.jpg?v=1652215154]",GRACE & MILA,10000,5.8333333333333339," Top sans manches, encolure V sur l’avant et goutte avec bouton dans le dos. Mix de dentelles en empiècements sur les épaules devant et dos. 
 AMBIGUE est un top sans manches à encolure V avec des empiècements en dentelle. On craque pour les détails des boutons gouttes dans le dos qui apportent raffinement et sophistication à la pièce. Un essentiel du dressing Grace & Mila, pour des looks romantiques et délicats. 
  Composition :  100% Polyester 
  Entretien :  lavage à 30° "
6710010085472,Sacs A Main,"Lancaster, LANCASTER1123, langshop, recherche1:Accessoires, recherche2:Sacs, resize123, Sacs A Main, TU, Type : Sacs A Main, 11230347, Collection : Lancaster, dropshipping, INACTIF",[https://cdn.shopify.com/s/files/1/0002/7600/4882/files/470-18-CELER_IN_EC-1_3eb6402b-cd0b-41ea-9a2b-6c34d2160785.jpg?v=1699039006],LANCASTER,10000,0.0," Compartiment central zippé, poche intérieure zippée, poche intérieure simple, emplacement téléphone 
  Composition :  Cuir de Vachette grainé 
  Dimensions :  21.0x22.5x12.0 cm "
6653102162016,Parapluies,"Bleu Ciel, Collection : Lancaster, dropshipping, eligibility, Femme, Fuxia, Homme, Lancaster, Lancaster0323, Parapluies, recherche1:Lifestyle, recherche2:Parapluies, Taupe - Bi, Type : Parapluies, 3230347, <20€","[https://cdn.shopify.com/s/files/1/0002/7600/4882/products/610-02-BLEU_CIEL-3.jpg?v=1679645869,https://cdn.shopify.com/s/files/1/0002/7600/4882/products/610-02-BLEU_CIEL-1.jpg?v=1679645869,https://cdn.shopify.com/s/files/1/0002/7600/4882/products/610-02-BLEU_CIEL-2.jpg?v=1679645869]",LANCASTER,10000,0.0," Parapluie Alu Light, ouverture manuelle "
14876965011835,,"no-search, reassurance, Type :, >100€, DIJO0625, DIJO1025, DIJO1224",[https://cdn.shopify.com/s/files/1/0002/7600/4882/files/reassurance6_7.png?v=1734960875],DIJO,10000,0.0,
6535357268064,Pulls Cols Ronds,"<20€, From Future, fromfuturetaille, M, Pulls Cols Ronds, S, XS","[https://cdn.shopify.com/s/files/1/0002/7600/4882/products/col-rond-slim-cs-navy-femme-pulls-cols-ronds-from-future-770903.jpg?v=1614287804,https://cdn.shopify.com/s/files/1/0002/7600/4882/products/col-rond-slim-cs-navy-femme-pulls-cols-ronds-from-future-167532.jpg?v=1614290901,https://cdn.shopify.com/s/files/1/0002/7600/4882/products/col-rond-slim-cs-navy-femme-pulls-cols-ronds-from-future-885104.jpg?v=1614281617]",FROM FUTURE,50000,90.0," Nous sélectionnons en Mongolie la fibre de cachemire de la plus haute qualité, ainsi que la plus belle qualité de soie en Asie. Lavage à la main, sans adoucissant. Ne pas essorer. Ne pas frotter ni tordre le pull. Séchage à plat et repassage doux à l'envers. Lorsqu'il est neuf le pull peut rejeter un petit excédent de matière qui peut entrainer la création de peluches. Pour y remédier, nous vous conseillons de laver le pull dès que vous l'avez porté 2 ou 3 fois maximum. Le cachemire a besoin d'être hydraté régulièrement, ainsi plus vous le lavez plus votre pull sera doux.   Ce modèle est ajusté. Nous vous recommandons de prendre votre taille habituelle.    Composition :  72% Soie 13% Cachemire 15% Nyl "
6684048261216,Maille Et Sweats,"INACTIF, L, M, Maille Et Sweats, S, Type : Maille Et Sweats, XL, XXL, Collection : Edmmond Studio, dropshipping, Edmmond Studio, EDMMOND1023","[https://cdn.shopify.com/s/files/1/0002/7600/4882/products/123-40-07590_WARM_UP_SWTS_NAVY_B-148833.png?v=1696597865,https://cdn.shopify.com/s/files/1/0002/7600/4882/products/123-40-07590_warmupnavy_063web.jpg?v=1696597865,https://cdn.shopify.com/s/files/1/0002/7600/4882/products/123-40-07590_warmupnavy_064web.jpg?v=1696597865,https://cdn.shopify.com/s/files/1/0002/7600/4882/products/123-40-07590_WARM_UP_SWTS_NAVY_A-607157.png?v=1696597865,https://cdn.shopify.com/s/files/1/0002/7600/4882/products/123-40-07590_warmupnavy_062web.jpg?v=1696597865]",EDMMOND STUDIOS,50000,336.75,  Composition :  100% Coton Biologique 
6683513323616,Chemises Et Tops,"EDMMOND1023, INACTIF, L, M, S, Type : Chemises Et Tops, XL, XXL, Chemises Et Tops, Collection : Edmmond Studio, dropshipping, Edmmond Studio","[https://cdn.shopify.com/s/files/1/0002/7600/4882/products/SEABLOCKPLAINWHITE_B-551303.png?v=1696591208,https://cdn.shopify.com/s/files/1/0002/7600/4882/products/SEABLOCKPLAINWHITE_C.jpg?v=1696591208,https://cdn.shopify.com/s/files/1/0002/7600/4882/products/SEABLOCKPLAINWHITE_A-465861.png?v=1696942596,https://cdn.shopify.com/s/files/1/0002/7600/4882/products/122-30-44000_SEABLOCK_PLAINWHITE_5.jpg?v=1696942596,https://cdn.shopify.com/s/files/1/0002/7600/4882/products/122-30-44000_SEABLOCK_PLAINWHITE_3.jpg?v=1696591208,https://cdn.shopify.com/s/files/1/0002/7600/4882/products/122-30-44000_SEABLOCK_PLAINWHITE_2.jpg?v=1696591208,https://cdn.shopify.com/s/files/1/0002/7600/4882/products/122-30-44000_SEABLOCK_PLAINWHITE_4.jpg?v=1696591208]",EDMMOND STUDIOS,50000,16.583333333333332,  Composition :  50% Coton Biologique 50% Coton 
15175146078587,"Women, KNITWEAR, WA296C12519A","BRAMAXTHEBRADERY, no-search, SALT",[https://cdn.shopify.com/s/files/1/0002/7600/4882/files/jo_wa296c12519a_salt_1.jpg?v=1752566374],BRAMA GROUP,50000,0.0," 90% viscose, 10% Elastane "
6684045377632,Maillots De Bain,"INACTIF, L, M, Maillots De Bain, S, Type : Maillots De Bain, XL, XXL, Collection : Edmmond Studio, dropshipping, Edmmond Studio, EDMMOND1023","[https://cdn.shopify.com/s/files/1/0002/7600/4882/products/123-70-28590_cargoswimnavy_018web.jpg?v=1696597822,https://cdn.shopify.com/s/files/1/0002/7600/4882/products/CARGOPLAINNAVY_C-969919.jpg?v=1696597822,https://cdn.shopify.com/s/files/1/0002/7600/4882/products/123-70-28590_cargoswimnavy_019web.jpg?v=1696597822,https://cdn.shopify.com/s/files/1/0002/7600/4882/products/CARGOPLAINNAVY_B-341252.png?v=1696941853,https://cdn.shopify.com/s/files/1/0002/7600/4882/products/123-70-28590_cargoswimnavy_020web.jpg?v=1696597822,https://cdn.shopify.com/s/files/1/0002/7600/4882/products/CARGOPLAINNAVY_A-340660.png?v=1696941853,https://cdn.shopify.com/s/files/1/0002/7600/4882/products/123-70-28590_cargoswimnavy_017web.jpg?v=1696941853]",EDMMOND STUDIOS,50000,0.0,  Composition :  100% Pa 
6684048228448,Chemises Et Tops,"EDMMOND1023, INACTIF, L, M, S, Type : Chemises Et Tops, XL, XXL, Chemises Et Tops, Collection : Edmmond Studio, dropshipping, Edmmond Studio","[https://cdn.shopify.com/s/files/1/0002/7600/4882/products/toursteewhite_332web.jpg?v=1696597864,https://cdn.shopify.com/s/files/1/0002/7600/4882/products/toursteewhite_330web.jpg?v=1696597864,https://cdn.shopify.com/s/files/1/0002/7600/4882/products/Tours_White_B-260657.png?v=1696597864,https://cdn.shopify.com/s/files/1/0002/7600/4882/products/Tours_White_A-348504.png?v=1696597864,https://cdn.shopify.com/s/files/1/0002/7600/4882/products/toursteewhite_331web.jpg?v=1696597864]",EDMMOND STUDIOS,50000,364.818870523416,  Composition :  100% Coton Biologique 
6684044361824,Chemises Et Tops,"EDMMOND1023, INACTIF, L, M, S, Type : Chemises Et Tops, XL, XXL, Chemises Et Tops, Collection : Edmmond Studio, dropshipping, Edmmond Studio","[https://cdn.shopify.com/s/files/1/0002/7600/4882/products/TOKA_121-30-51550_PLAINBLUE_1-581721.jpg?v=1696597795,https://cdn.shopify.com/s/files/1/0002/7600/4882/products/TOKA_121-30-51550_PLAINBLUE_2-680061.jpg?v=1696597795,https://cdn.shopify.com/s/files/1/0002/7600/4882/products/TOKA_121-30-51550_PLAINBLUE.jpg?v=1696597795]",EDMMOND STUDIOS,50000,49.75,  Composition :  100% Coton 
15175077462395,"Women, TOP, T0001FQ23","BRAMAXTHEBRADERY, no-search, TRUE BLACK","[https://cdn.shopify.com/s/files/1/0002/7600/4882/files/eqp_t0001fq23_true_20black_1.jpg?v=1752556677,https://cdn.shopify.com/s/files/1/0002/7600/4882/files/eqp_t0001fq23_true_20black_2.jpg?v=1752556677,https://cdn.shopify.com/s/files/1/0002/7600/4882/files/eqp_t0001fq23_true_20black_3.jpg?v=1752556677]",BRAMA GROUP,50000,0.0, 100% Silk 
6616616960096,Pantalons & Shorts,"Apparis, Collection : Apparis, dropshipping, eligibility, L, M, Pantalons & Shorts, S, target2sell:2022-07-05 07:45:00, Type : Pantalons & Shorts, XL, XS, XXS","[https://cdn.shopify.com/s/files/1/0002/7600/4882/products/S22027NML_MELINDA_NOIR_0019.jpg?v=1656939607,https://cdn.shopify.com/s/files/1/0002/7600/4882/products/S22027NML_MELINDA_NOIR_0008.jpg?v=1656939607,https://cdn.shopify.com/s/files/1/0002/7600/4882/products/S22027NML_MELINDA_NOIR_0026.jpg?v=1656939607,https://cdn.shopify.com/s/files/1/0002/7600/4882/products/OFFMODEL_0113.jpg?v=1656939607]",APPARIS,60000,53.333333333333336, Dotée d'une taille élastiquée pour plus de confort et d'une longueur mi-cuisse flatteuse. Le short MELINDA est fabriqué avec notre nouveau  tissu ALT-SILK recyclé.  Associer avec le haut  CHRISSY  ou  Robe BRENNA  en Noir pour un ensemble assorti.   Composition :  45% POLYESTER RECYCLÉ 55% POLYESTER   Entretien :  NETTOYAGE A SEC    Mensurations Mannequins :  177/81 
6744858886240,Chemises Et T-Shirts,"recherche1:Prêt-À-Porter, recherche2:T-Shirts, S, Type : Chemises Et T-Shirts, XL, XS, XXL, 12230476, Chemises Et T-Shirts, Collection : NUS, couleur:Butternut, dropshipping, L, M, NUS, NUS1223","[https://cdn.shopify.com/s/files/1/0002/7600/4882/files/Copiede35_221107_NUS1893.jpg?v=1702299153,https://cdn.shopify.com/s/files/1/0002/7600/4882/files/Copiede35_221107_NUS1896.jpg?v=1702299153,https://cdn.shopify.com/s/files/1/0002/7600/4882/files/Copiede35_221107_NUS1898.jpg?v=1702299153,https://cdn.shopify.com/s/files/1/0002/7600/4882/files/Copiede35_221107_NUS1892.jpg?v=1702299153]",NUS,60000,124.58333333333334, 100% coton organique 
15175135527291,"Men, KNITWEAR, LMTS0194","BLANC MULTI, BRAMAXTHEBRADERY, no-search",[https://cdn.shopify.com/s/files/1/0002/7600/4882/files/frame_lmts0194_blanc_20multi.jpg?v=1752565624],BRAMA GROUP,60000,0.0," 51% Cotton, 49% Polyester "
6744859574368,Vestes Et Manteaux,"recherche2:Vestes, S, Type : Vestes Et Manteaux, Vestes Et Manteaux, XL, XS, XXL, 12230476, Collection : NUS, couleur:Bleu, dropshipping, L, M, NUS, NUS1223, recherche1:Prêt-À-Porter","[https://cdn.shopify.com/s/files/1/0002/7600/4882/files/Copiede01_221107_NUS1081.jpg?v=1702289377,https://cdn.shopify.com/s/files/1/0002/7600/4882/files/Copiede01_221107_NUS1066.jpg?v=1702289378,https://cdn.shopify.com/s/files/1/0002/7600/4882/files/Copiede01_221107_NUS1069.jpg?v=1702289378,https://cdn.shopify.com/s/files/1/0002/7600/4882/files/Copiede01_221107_NUS1077.jpg?v=1702289377,https://cdn.shopify.com/s/files/1/0002/7600/4882/files/Copiede01_221107_NUS1086.jpg?v=1702289378,https://cdn.shopify.com/s/files/1/0002/7600/4882/files/Copiede01_221107_NUS10771.jpg?v=1702289378]",NUS,60000,83.250000000000014, 100% Coton 
15175067009403,"Women, DRESSES, 7028I77-2135",">100€, BLACK/MAUVE, BRAMAXTHEBRADERY, no-search","[https://cdn.shopify.com/s/files/1/0002/7600/4882/files/pa_7028i77-2135_w2135.jpg?v=1752555868,https://cdn.shopify.com/s/files/1/0002/7600/4882/files/pa_7028i77-2135_w2135_2.jpg?v=1752555868]",BRAMA GROUP,60000,0.0, 100% Silk 
7195227979872,Bracelets,"Atelier Paulin, ATELIERPAULIN0924, Bracelet, Collection : Atelier Paulin, dropshipping, recherche1:Bracelet, recherche2:Bracelets, Type : Bracelet","[https://cdn.shopify.com/s/files/1/0002/7600/4882/files/FP_CY.jpg?v=1725021875,https://cdn.shopify.com/s/files/1/0002/7600/4882/files/BraceletCy.jpg?v=1725267897]",ATELIER PAULIN,100000,216.58333333333331," Le bracelet, inspiré par les codes de la collection Nonza, arbore des finitions en argent sterling 925. Il capture l'essence de la collection en mélangeant les teintes du saphir, de l'émeraude et du rubis pour donner naissance à des créations uniques. Les pierres précieuses utilisées pour la création du bracelet sont de forme, de taille et de couleur différentes, conférant à chaque pièce une allure résolument contemporaine. Cette création évoque la simplicité et la préciosité des colliers de rocailles de notre enfance, réinterprétant ces souvenirs d'une manière simple, précieuse et légèrement nostalgique. 
 Détails 
 • Fil d'argent sterling .925.  • Saphirs, émeraudes, rubis de plus de 10 carats. • Ajustable de 16cm à 21cm. • Modèle unisexe. • Chaque pièce est unique. • Artisanat français. 
 *Les carats des pierres précieuses sont une moyenne et peuvent varier. "
6588192358496,Complément Alimentaire Peau,"Collection : Dlab, Complément Alimentaire Peau, Default Title, Dlab, dropshipping, target2sell:2022-09-13 07:45:00, Type : Complément Alimentaire Peau","[https://cdn.shopify.com/s/files/1/0002/7600/4882/products/programme-jeunesse-absolue-mixte-complement-alimentaire-peau-d-lab-586204.jpg?v=1640265566,https://cdn.shopify.com/s/files/1/0002/7600/4882/products/programme-jeunesse-absolue-mixte-complement-alimentaire-peau-d-lab-212833.jpg?v=1640264995,https://cdn.shopify.com/s/files/1/0002/7600/4882/products/programme-jeunesse-absolue-mixte-complement-alimentaire-peau-d-lab-575787.jpg?v=1640265801]",D-LAB,100000,5918.6101601974078," La peau est naturellement composée de collagène et d’acide hyaluronique, deux molécules en charge du maintien de l’hydratation et de la fermeté, de moins en moins synthétisées par l'organisme au fil des années. Ce programme Signature repose sur une triple nutrition pour une action complète et des résultats durables. On retrouve 3 actifs à l'état pur : le collagène marin à l’efficacité testée par étude clinique* raffermit la peau et diminue les rides, le spectre d’acides hyaluroniques de différents poids moléculaires repulpe la peau en profondeur, et l’huile végétale de microalgue apporte une haute dose d'oméga-3, des acides gras esssentiels qui préservent le film hydrolipidique pour une peau intensément nourrie et durablement jeune. 
 Pour des effets optimaux, il est conseillé de suivre cette cure au moins 2 mois de suite. 
   * Étude réalisée en double aveugle contre placebo sur 30 femmes de plus de 45 ans durant 56 jours  
  Format :  2 flacons de 28 gélules et un flacon de 84 
  Gélules gastro-resistantes et formule clean.  
  Composition :     Ingrédients de l'Absolu de Collagène :   Collagène marin breveté (2 g) : dont collagène marin (1,88 g) dont élastine (112 mg) • Antiagglomérant : Amidon de riz • Pelliculage : Hydroxypropylméthylcellulose, Cellulose microcristalline, Acide stéarique • Antiagglomérant : Stéarate de magnésium. 
    Ingrédients de l'Absolu Oméga-3 :   Huile de micro-algue Schizochytrium sp. 500 mg dont DHA 250 mg et EPA 1,25 mg • Huile de tournesol • Antioxydants : palmitate d'ascorbyle, extrait de romarin, vitamine E • Capsule végétale : amidon modifié, glycérol, carraghénane, phosphate disodique. 
   Ingrédients de l'Absolu Hyaluronique   : Acide hyaluronique (200 mg) • Gélule végétale gastro-résistante. 
  Conseils d'utilisation :  1 gélule de chaque par jour sauf pour l'Absolu de Collagène : 3 à 4 capsules. A consommer de préférence le soir. Ce programme est sans effets secondaires et convient aux femmes enceintes ou allaitant. Il est contre-indiqué chez les personnes allergiques au poisson. "
6647004725344,Boucles D’Oreilles,"dropshipping, eligibility, numerodelavente, recherche1:Accessoires, recherche2:Bijoux, TU, Type : Boucles D’Oreilles, YSEULT, Boucles D’Oreilles, Collection : YSEULT","[https://cdn.shopify.com/s/files/1/0002/7600/4882/products/boucles-doreilles-nicha-dore-938165.jpg?v=1676907460,https://cdn.shopify.com/s/files/1/0002/7600/4882/products/boucles-doreilles-nicha-dore-713761.jpg?v=1676907460]",YSEULT,100000,262.5," BOUCLES D'OREILLES NICHA DORÉ 
 Boucles en acier doré inoxydable & chaînettes Légères et agréables à porter hauteur totale 2cm/ hauteur chaînettes 1,3cm Hypoallergénique, ce bijou résiste à l'eau et ne noircit pas      Composition :  ACIER DORÉ INOXYDABLE 
  Conseils d'entretien :  Bijou garanti un an. Il n'y a aucun risque d'allergie, vous pouvez les porter sous l'eau sans craindre qu'ils ne ternissent ou ne s'oxydent. Evitez cependant les produits trop agressifs afin de préserver leurs éclats ! 
  Mensurations mannequin :  / 
  Taille :  TU 
  Informations particulières : / "
6662427017312,Chaussures Et Accessoires,"5230505, Bonton, bonton0623, Chaussures Et Accessoires, Collection : Bonton, dropshipping, INACTIF, resize1, SRPFINALRETOUR0923, Type : Chaussures Et Accessoires",[https://cdn.shopify.com/s/files/1/0002/7600/4882/products/55662446_1.jpg?v=1685688793],BONTON,100000,20.0," pochette imprimé léopard imprimé léopard vert 100% polyuréthane (pu) sur ce produit,  "
6669652295776,Bracelets,"recherche1:Accessoires, recherche2:Bijoux, SRPFINALRETOUR0923, TU, Type : Bracelets, 7230195, Atelier Paulin, ATELIERPAULIN0723, Bracelets, Collection : Atelier Paulin, dropshipping, INACTIF, Or Jaune","[https://cdn.shopify.com/s/files/1/0002/7600/4882/files/BRACELETS_DUO_LIBERTY_ROSE_MAMMA.jpg?v=1689754986,https://cdn.shopify.com/s/files/1/0002/7600/4882/files/DUO-GLF014-MM.jpg?v=1689754986]",ATELIER PAULIN,100000,247.5,"  Duo Bracelets Liberty Mamma Et Petit Cœur - Lemon Curd - Or Jaune   • Fil d'or gold filled 14 carats jaune, résiste au temps et à l'eau. • Épaisseur du fil de 0.8 mm • Se porte ajusté au poignet • Artisanat français.   Matière :  Gold Filled 14 Carats Jaune "
6702869446752,Petit Mobilier,"dropshipping, INACTIF, Mushroom Studio, MUSHROOMSTUDIO1123, Petit Mobilier, recherche1:Lifestyle, recherche2:Décorations, SP085, Type : Petit Mobilier, 10230843, 14 X 14 cm, >100€, Collection : Mushroom Studio","[https://cdn.shopify.com/s/files/1/0002/7600/4882/files/DEC.VID.0013.1.jpg?v=1698679317,https://cdn.shopify.com/s/files/1/0002/7600/4882/files/DEC.VID.0013.4.jpg?v=1698679315,https://cdn.shopify.com/s/files/1/0002/7600/4882/files/DEC.VID.0013.2.jpg?v=1698679316,https://cdn.shopify.com/s/files/1/0002/7600/4882/files/DEC.VID.0013.5.jpg?v=1698679316,https://cdn.shopify.com/s/files/1/0002/7600/4882/files/DEC.VID.0013.3.jpg?v=1698679316,https://cdn.shopify.com/s/files/1/0002/7600/4882/files/DEC.VID.0013.7.jpg?v=1698679316,https://cdn.shopify.com/s/files/1/0002/7600/4882/files/DEC.VID.0013.6.jpg?v=1698679315]",MUSHROOM STUDIO,100000,0.0," Superbe beurrier poire en métal argenté et verre bleu années 70. En très bon état, rares traces du temps. 
  Dimensions :  14 X 14 cm   Livraison estimée sous 10 jours ouvrés.  "
6653120741472,Chemises Et Tops,"Chemises Et Tops, Collection : An'ge, dispeo, TU, Type : Chemises Et Tops, <20€, An'ge, An’ge0323",[https://cdn.shopify.com/s/files/1/0002/7600/4882/products/TIANEcmacaron-62191web.jpg?v=1679672642],AN'GE,100000,13.330578512396693," Adopter notre t-shirt TIANE C pour un look casual et décontracté ! 
  
  T-shirt TIANE C en coton
  Tissu fluide et léger
  Coupe ample
  Col rond
  Manches courtes 
  Sérigraphie avec message 
  
  Longueur du produit pour la taille unique : 70 cm. 
  
  Le mannequin porte une taille unique. "
14861507330427,Bonnets,"Bonnets, Bonton, BONTON1224, Collection : Bonton, dropshipping, numerodevente, recherche1:Enfants, recherche2:Bobs, TU, Type : Bonnets","[https://cdn.shopify.com/s/files/1/0002/7600/4882/files/MAT190002ADU135_1.jpg?v=1732718864,https://cdn.shopify.com/s/files/1/0002/7600/4882/files/MAT190002ADU135_2.jpg?v=1732718864]",BONTON,100000,13.25," Ce bonnet a été spécialement conçu pour le quotidien des Teens.  Mixte, il séduit aussi bien les filles que les garçons de par son style streetwear et trendy.  On aime sa douceur avec sa matière en tricot composée à la fois de coton et de laine.  Enfin, il sera parfaitement assorti avec le sweat ou encore le T-shirt du même colori.  Une pièce du vestiaire de la nouvelle collection B THE CHANGE, à la fois cool et confortable, pour la jeune génération.  MAT19000223H"
15303355203963,Poubelle tri sélectif,"KMOVEXTB022025, KMOVEXTB1025","[https://cdn.shopify.com/s/files/1/0002/7600/4882/files/lot-3-poubelles-tri-selectif-empilables-recyclage-20L_1_copie_99e22a45-8a78-43da-b7a8-0ea6db63f47f.jpg?v=1764062810,https://cdn.shopify.com/s/files/1/0002/7600/4882/files/lot-4-poubelles-tri-selectif-empilables-recyclage-20L4_b7dcd420-73e2-4f08-bd7d-6a07555e83d9.jpg?v=1764062809,https://cdn.shopify.com/s/files/1/0002/7600/4882/files/5-lot-3-poubelles-tri-selectif-empilables-recyclage-20L_1_copie_cdd7f76b-ee1d-460d-948c-604441f38db2.jpg?v=1764062810,https://cdn.shopify.com/s/files/1/0002/7600/4882/files/lot-3-poubelles-tri-selectif-empilables-recyclage-20L_2_15b956db-e936-4a3c-91fb-6e0276504c2d.jpg?v=1764062810,https://cdn.shopify.com/s/files/1/0002/7600/4882/files/1-lot-3-poubelles-tri-selectif-empilables-recyclage-20L_1_copie_7cd60f67-70fa-43bc-ac79-02a7c8dea268.jpg?v=1764062811,https://cdn.shopify.com/s/files/1/0002/7600/4882/files/2-lot-3-poubelles-tri-selectif-empilables-recyclage-20L_1_copie_7a690bc8-8bcd-40b9-8ff7-bc9a800b3287.jpg?v=1764062810,https://cdn.shopify.com/s/files/1/0002/7600/4882/files/4-lot-3-poubelles-tri-selectif-empilables-recyclage-20L_1_copie_71933eb9-c638-4cd2-902a-e346a8960852.jpg?v=1764062810]",KITCHEN MOVE,100000,0.0," 
 
 Lot de 3 Poubelles de Tri Sélectif 20L    : Comprend des poubelles de couleurs jaune, bleu et vert, idéales pour séparer les différents types de déchets recyclables. 
 
 Design Empilable et Pratique    : Ces poubelles sont conçues pour être empilées, économisant ainsi de l'espace dans votre cuisine, garage ou bureau tout en gardant vos déchets bien organisés. 
 
 Dimensions Compactes    : Chaque poubelle mesure 25.1 x 37.5 x 31.5 cm, offrant une capacité suffisante pour une utilisation quotidienne tout en restant compacte et facile à intégrer dans divers espaces. 
 
 Matériau Durable en Plastique    : Fabriquées en plastique de haute qualité, ces poubelles sont robustes et conçues pour résister à une utilisation quotidienne intensive. 
 
 Facilite le Recyclage    : Grâce à leur code couleur distinct, ces poubelles rendent le tri des déchets recyclables simple et efficace, aidant toute la famille à participer au recyclage. 
 "
14972875768187,Tables,"recherche1:Maison, recherche2:Mobiliers, SPMUSHROOM59, Tables, TU, Type : Tables, Collection : Mushroom Studio, dropshipping, HORSNORME, Mushroom Studio, MUSHROOMSTUDIO0325, numerodevente","[https://cdn.shopify.com/s/files/1/0002/7600/4882/files/MOB.TAB.0136-4.jpg?v=1742978136,https://cdn.shopify.com/s/files/1/0002/7600/4882/files/MOB.TAB.0136-2.jpg?v=1742978135,https://cdn.shopify.com/s/files/1/0002/7600/4882/files/MOB.TAB.0136-5.jpg?v=1742978136,https://cdn.shopify.com/s/files/1/0002/7600/4882/files/MOB.TAB.0136-3.jpg?v=1742978135,https://cdn.shopify.com/s/files/1/0002/7600/4882/files/MOB.TAB.0136-1.jpg?v=1742978136]",MUSHROOM STUDIO,100000,219.9," Superbe console en chrome et verre fumé sur roulettes, angles arrondis, triple plateaux, Design, 1970. En très bon état, de rares traces du temps. Envoi rapide et soigné. Possibilité d'envois groupés - plus économique et plus écologique ! Dimensions : 89 X 75 X 50 cm. "
6549088043104,Paniers,no-search,"[https://cdn.shopify.com/s/files/1/0002/7600/4882/products/le-panier-brode-we-are-family-navy-paniers-nath-brothers-674456.jpg?v=1618952790,https://cdn.shopify.com/s/files/1/0002/7600/4882/products/le-panier-brode-we-are-family-navy-paniers-nath-brothers-325113.jpg?v=1618985852,https://cdn.shopify.com/s/files/1/0002/7600/4882/products/le-panier-brode-we-are-family-navy-paniers-nath-brothers-385281.jpg?v=1618971476,https://cdn.shopify.com/s/files/1/0002/7600/4882/products/le-panier-brode-we-are-family-navy-paniers-nath-brothers-270742.jpg?v=1618986799,https://cdn.shopify.com/s/files/1/0002/7600/4882/products/le-panier-brode-we-are-family-navy-paniers-nath-brothers-671851.jpg?v=1618967721,https://cdn.shopify.com/s/files/1/0002/7600/4882/products/le-panier-brode-we-are-family-navy-paniers-nath-brothers-864858.jpg?v=1618969636,https://cdn.shopify.com/s/files/1/0002/7600/4882/products/le-panier-brode-we-are-family-navy-paniers-nath-brothers-213312.jpg?v=1618951064]",EMOI EMOI,100000,0.0," Aussi cool sur la team buvette que sur la team bronzette, nos paniers ""We are Family"" sont frais et dispos pour les parties de raquette, les sessions bronzette, les apéros buvette et les matinées marché. Pour faire le plein de bonnes choses sans limite de plaisirs.  

 - Panier en coton navy avec anses en bois 
 - Message brodé ""We are family""  "
6549150728288,Affiches,no-search,"[https://cdn.shopify.com/s/files/1/0002/7600/4882/products/laffiche-le-grand-amour-doree-a-chaud-30-x-40-cm-affiches-ici-223845.jpg?v=1618953689,https://cdn.shopify.com/s/files/1/0002/7600/4882/products/laffiche-le-grand-amour-doree-a-chaud-30-x-40-cm-affiches-ici-250250.jpg?v=1618952000]",EMOI EMOI,100000,0.0,"  Parce qu’en dehors des nuits blanches, la vie de parents est une succession de moments magiques, drôles, marquants, craquants, touchants…    Parce qu’on vit les mêmes choses, à notre manière #évidemment.   On a listé sur nos affiches inédites, ces instants qui disent tout en quelques mots. Cette saison, une toute nouvelle affiche “Le grand amour” se raconte en lettres d’or, sur vos murs. #canon  
   
 - Affiche 30 x 40 cm, dorée à chaud  - Cadre non fourni  - Imprimée en France "
14908222439803,Vases,"recherche1:Maison, recherche2:Décoration, TU, Type : Vases, Vases, dropshipping, HORSNORME, OYOY Living Design, OYOYLIVINGDESIGN0225","[https://cdn.shopify.com/s/files/1/0002/7600/4882/files/L300581_5712195055257_mood_picture_1_9190ac08-db9d-4f8a-b0de-23160c82483f.jpg?v=1738597926,https://cdn.shopify.com/s/files/1/0002/7600/4882/files/L300581_5712195055257_mood_picture_3_e0a98dcb-c93d-49d7-b796-73233f7c8b4a.jpg?v=1738597926,https://cdn.shopify.com/s/files/1/0002/7600/4882/files/L300581_5712195055257_mood_picture_2_2093c871-999d-4e31-bbf4-1a61e496da07.jpg?v=1738597926,https://cdn.shopify.com/s/files/1/0002/7600/4882/files/L300581_5712195055257_packshot_2d381785-8d68-4e8b-b588-b73a3d691141.jpg?v=1738597926]",OYOY LIVING DESIGN,100000,33.166666666666664," Produit à usages professionnels et particuliers.  Le vase Lasi soufflé à la bouche a une forme organique et une expression simple, qui s'adapte parfaitement à tous les types de maisons.  Avec son verre coloré, le vase en combinaison avec vos fleurs et branches préférées ornera la maison de la plus belle manière. La petite taille du vase Lasi le rend parfait pour plusieurs usages dans votre maison - utilisez-le pour les petites fleurs, comme rangement décoratif pour les stylos et les crayons sur votre bureau ou placez-le dans votre salle de bains pour contenir votre brosse à dents.  Quel que soit l'endroit où vous placez le vase Lasi, vous ajouterez une subtile touche de couleur qui égayera la pièce. Le vase est soufflé à la bouche et tourné à la main.  Le vase Lasi est disponible en plusieurs couleurs et tailles.  Qualité: 100 % verre, Dimension: Ø10 x H12,5 cm  "
15166503813499,CÉRÉMONIE,>100€,[],MAISON RIME ARODAKY,100000,0.0, 
15166518362491,CIVIL,>100€,[],MAISON RIME ARODAKY,100000,0.0,
6638549565536,Sacs,"Collection : Petite Mendigote, dispeo, eligibility, Petite Mendigote, Sacs, TU, Type : Sacs","[https://cdn.shopify.com/s/files/1/0002/7600/4882/products/sac-elise-black-166924.jpg?v=1670791963,https://cdn.shopify.com/s/files/1/0002/7600/4882/products/sac-elise-black-884090.jpg?v=1670791963,https://cdn.shopify.com/s/files/1/0002/7600/4882/products/sac-elise-black-329901.jpg?v=1670791963,https://cdn.shopify.com/s/files/1/0002/7600/4882/products/sac-elise-black-805475.jpg?v=1670791963,https://cdn.shopify.com/s/files/1/0002/7600/4882/products/sac-elise-black-937442.jpg?v=1670791963]",PETITE MENDIGOTE,100000,265.0,
6651614330976,Robes Et Jupes,"Bonton, ByBambou0323, Chloe D, Coton, dropshipping, Enfant, Fille, Fleuri, Manches longues, Noir, Robes, tby-bambou, Toutes saisons, Très bon état, Vêtements, 2 ans, BBxTB23","[https://cdn.shopify.com/s/files/1/0002/7600/4882/products/8be493dfe212d4b6029d9b96d14e1961.png?v=1678766337,https://cdn.shopify.com/s/files/1/0002/7600/4882/products/843ba822274aec7fc344692c0c34617a.jpg?v=1678766331]",BONTON,100000,0.0,"Robe en coton imprimé
"
15175063634299,Pantalons,"Brama Group, BRAMAGROUP0725, Collection : Brama Group, dropshipping, Pantalons, REDONEBRAMA0725, Type : Pantalons",[https://cdn.shopify.com/s/files/1/0002/7600/4882/files/rd_140-3whrl_perfect_20light_20indigo.jpg?v=1752555594],BRAMA GROUP,100000,81.666666666666671, 100% Cotton 
6611216236640,Robes & Jupes,"34, 36, 38, 40, Collection : Petite Mendigote, dispeo, eligibility, Petite Mendigote, Robes & Jupes, target2sell:2022-06-05 07:45:00, Type : Robes & Jupes","[https://cdn.shopify.com/s/files/1/0002/7600/4882/products/20e_alice_twill_ginger-ginger-3.jpg?v=1654180520,https://cdn.shopify.com/s/files/1/0002/7600/4882/products/20e_alice_twill_ginger-ginger-1.jpg?v=1654180519,https://cdn.shopify.com/s/files/1/0002/7600/4882/products/20e_alice_twill_ginger-ginger-b.jpg?v=1654180519,https://cdn.shopify.com/s/files/1/0002/7600/4882/products/20e_alice_twill_ginger-ginger-a.jpg?v=1654180519]",PETITE MENDIGOTE,400000,106.66942148760332,"Back to basics avec ALICE ! Elle marque joliment la taille, et allonge la silhouette.   Son petit plus : on peut jouer avec ses boutons pour la rendre plus sexy !    Louise mesure 1m75 et porte une taille S."
6737720770656,Robes,"recherche2:Robes, Robes, S, Type : Robes, XS, 12230048, Collection : Petite Mendigote, couleur:Noir, dropshipping, L, M, Petite Mendigote, PETITEMENDIGOTE1223, recherche1:Prêt-à-porter","[https://cdn.shopify.com/s/files/1/0002/7600/4882/products/MARINA-FLORAL-3.jpg?v=1701093298,https://cdn.shopify.com/s/files/1/0002/7600/4882/products/MARINA-FLORAL-b.jpg?v=1701093298,https://cdn.shopify.com/s/files/1/0002/7600/4882/products/MARINA-FLORAL-c.jpg?v=1701093298,https://cdn.shopify.com/s/files/1/0002/7600/4882/products/MARINA-FLORAL-e.jpg?v=1701093298,https://cdn.shopify.com/s/files/1/0002/7600/4882/products/MARINA-FLORAL-f.jpg?v=1701093298,https://cdn.shopify.com/s/files/1/0002/7600/4882/products/MARINA-FLORAL-a.jpg?v=1701093298]",PETITE MENDIGOTE,400000,594.91666666666674,"  Fabrication européenne.  Robe midi portefeuille. Motifs fleuris. Manches 3/4 bouffantes. La robe est doublée. 
 Un bouton pression est cousu sur l'étiquette de nos robes portefeuilles afin de vous permettre d'ajouter ce bouton à l'intérieur de vos décolletés si vous le souhaitez.  
   "
6737720639584,Blouses Et Chemises,"recherche1:Prêt-à-porter, recherche2:Chemises, S, Type : Blouses Et Chemises, XS, 12230048, Blouses Et Chemises, Collection : Petite Mendigote, couleur:Blanc, dropshipping, L, M, Petite Mendigote, PETITEMENDIGOTE1223","[https://cdn.shopify.com/s/files/1/0002/7600/4882/products/ROSE-WHITE-3.jpg?v=1701093295,https://cdn.shopify.com/s/files/1/0002/7600/4882/products/ROSE-WHITE-g.jpg?v=1701093295,https://cdn.shopify.com/s/files/1/0002/7600/4882/products/ROSE-WHITE-f.jpg?v=1701093295,https://cdn.shopify.com/s/files/1/0002/7600/4882/products/ROSE-WHITE-c.jpg?v=1701366356,https://cdn.shopify.com/s/files/1/0002/7600/4882/products/ROSE-WHITE-e.jpg?v=1701093295,https://cdn.shopify.com/s/files/1/0002/7600/4882/products/ROSE-WHITE-a.jpg?v=1701366356]",PETITE MENDIGOTE,400000,748.75,"  Article en coton organique, issu de l’agriculture biologique, cultivé dans le respect de l’homme et de l’environnement, sans engrais chimique, ni pesticides, il nécessite moins d'eau que le coton traditionnel.  
 Chemise avec un col montant en dentelle. Les manches longues et bouffantes. Avec un détail de broderie anglaise sur le devant de la chemise ainsi que sur le haut des manches.  
   "
6603983093856,#N/A,,"[https://cdn.shopify.com/s/files/1/0002/7600/4882/products/canistrelli-camel-minuit-sur-terre-935226.jpg?v=1649756880,https://cdn.shopify.com/s/files/1/0002/7600/4882/products/canistrelli-camel-minuit-sur-terre-135740.jpg?v=1649759363,https://cdn.shopify.com/s/files/1/0002/7600/4882/products/canistrelli-camel-minuit-sur-terre-170587.jpg?v=1649870834,https://cdn.shopify.com/s/files/1/0002/7600/4882/products/canistrelli-camel-minuit-sur-terre-951177.jpg?v=1649870834]",MINUIT SUR TERRE,400000,187.5,
15041655046523,Vestes,"MARLEA, no-search",[],MARLEA MONTE-CARLO,400000,87.5,
4784253730912,Chaussures Et Accessoires,"Chaussures Et Accessoires, dispeo, eligibility, Petite Mendigote, 36, 37, 38, 40, 41","[https://cdn.shopify.com/s/files/1/0002/7600/4882/products/bottines-gabrielle-cow-split-cafe-chaussures-petite-mendigote-623848.jpg?v=1608028792,https://cdn.shopify.com/s/files/1/0002/7600/4882/products/bottines-gabrielle-cow-split-cafe-chaussures-petite-mendigote-512086.jpg?v=1608028792,https://cdn.shopify.com/s/files/1/0002/7600/4882/products/bottines-gabrielle-cow-split-cafe-chaussures-petite-mendigote-614308.jpg?v=1608028792,https://cdn.shopify.com/s/files/1/0002/7600/4882/products/bottines-gabrielle-cow-split-cafe-chaussures-et-accessoires-petite-mendigote-865168.jpg?v=1608028791]",PETITE MENDIGOTE,500000,681.66666666666663, Les Gabrielle sont nos petites bottines intemporelles à enfiler pour toutes les occasions. Elles se marient à merveille avec une jolie jupe pour un look chic et décontracté. Leurs finitions poinçonnées vous feront succomber...   Talon : 2 cm  100% Croute de cuir de vache 
6577545150560,Pulls Et Gilets,"2241218, 34, 36, 38, 40, 42, Collection : Margaux Lonnberg, dropshipping, Maille Et Sweats, Margaux Lonnberg, Type : Maille Et Sweats","[https://cdn.shopify.com/s/files/1/0002/7600/4882/products/sweat-noam-orange-mailles-margaux-lonnberg-125514.jpg?v=1634038297,https://cdn.shopify.com/s/files/1/0002/7600/4882/products/sweat-noam-orange-mailles-margaux-lonnberg-987682.jpg?v=1634039404,https://cdn.shopify.com/s/files/1/0002/7600/4882/products/sweat-noam-orange-mailles-margaux-lonnberg-228417.jpg?v=1634038432,https://cdn.shopify.com/s/files/1/0002/7600/4882/products/sweat-noam-orange-mailles-margaux-lonnberg-574202.jpg?v=1634038850]",MARGAUX LONNBERG,500000,328.25," Pull col roulé avec volume droit et ample, manches légèrement évasées
 Le pull Noam est confectionné dans un jersey de coton mélangé, doté d’un revers en molleton ultra-doux.
 
 Fabriqué à Paris (avec amour)   Composition :  90% SUPIMA COTTON / 10% POLYE "
6549101412448,Sweatshirts,no-search,"[https://cdn.shopify.com/s/files/1/0002/7600/4882/products/le-sweat-maman-louve-charbon-sweatshirts-emoi-emoi-dev-344638.jpg?v=1618973928,https://cdn.shopify.com/s/files/1/0002/7600/4882/products/le-sweat-maman-louve-charbon-sweatshirts-emoi-emoi-dev-142980.jpg?v=1618948929,https://cdn.shopify.com/s/files/1/0002/7600/4882/products/le-sweat-maman-louve-charbon-sweatshirts-emoi-emoi-dev-581121.jpg?v=1618953347,https://cdn.shopify.com/s/files/1/0002/7600/4882/products/le-sweat-maman-louve-charbon-sweatshirts-emoi-emoi-dev-769311.jpg?v=1618982069,https://cdn.shopify.com/s/files/1/0002/7600/4882/products/le-sweat-maman-louve-charbon-sweatshirts-emoi-emoi-dev-835803.jpg?v=1618960122,https://cdn.shopify.com/s/files/1/0002/7600/4882/products/le-sweat-maman-louve-charbon-sweatshirts-emoi-emoi-dev-193743.jpg?v=1618998987]",EMOI EMOI,500000,0.0," Nous sommes fières de vous dévoiler les coloris de la rentrée : un anthracite chiné et un moutarde très automnal. Ici encore, la coupe magique et féminine qui a fait le succès de notre sweatshirt : les épaules et les bras ajustés, sa taille fittée et sa forme trapèze, à la longueur parfaite (pas trop courte, parce qu’une maman ça bouge tout le temps). Et notre matière signature : un coton ultra doux, tricoté en double face, une technique qui lui donne cet aspect fin au toucher mais chaud (les fils sont tricotés serrés et ne laissent pas passer le froid). C'est cette maille fine qui donne ce tomber fitté et élégant à nos sweats. Enfin, nos messages sont brodés pour que chaque sweat soit unique et dure très longtemps. Il ne vous reste plus qu’à choisir le message (maman poule, maman cool ou maman louve ?) et la couleur (anthracite chiné, moutarde, ivoire, rose ou charbon ?).
 Comment choisir votre taille ? Nos sweats femme taillent un peu grand. Si vous souhaitez le porter ""loose"" prenez votre taille habituelle. Si vous souhaitez le porter ajusté, prenez une taille en-dessous. "
6549113831520,T-shirts,no-search,"[https://cdn.shopify.com/s/files/1/0002/7600/4882/products/le-t-shirt-maman-louve-bleu-chine-t-shirts-crs-584746.jpg?v=1618975770,https://cdn.shopify.com/s/files/1/0002/7600/4882/products/le-t-shirt-maman-louve-bleu-chine-t-shirts-crs-881720.jpg?v=1618953226]",EMOI EMOI,500000,0.0," {Maman Louve} Celle qui câline, protège et sort ses griffes quand on s’approche de ses petits loups, celle qui adore qu’on lui raconte comment c’était, à l’école ou à la crèche, celle qui aime passionnément, entièrement, follement et avance à l’instinct. 

 Hommage à nos héroïnes, notre t-shirt maman est une belle attention à offrir à celle qu'on aime, pour la naissance du premier ou du petit dernier, la fête des mères, son anniversaire ou Noël. 
 Quelques mots sur notre t-shirt en coton tout doux : sa coupe féminine, ajustée aux épaules et trapèze en bas, à la longueur parfaite (pas trop courte, parce qu’une maman ça bouge tout le temps), avec des manches courtes et volontairement amples, un col bateau décolleté ce qu’il faut pour dévoiler les clavicules. Nos messages clin d’œil sont sérigraphiés avec soin, ils tiennent lavage après lavage. Nos t-shirts Maman sont disponibles en blanc, gris chiné, bleu chiné et bordeaux. 
 Comment choisir votre taille ? Nos t-shirts Maman taillent plutôt grand : si vous aimez le porter un peu loose, prenez votre taille habituelle, si vous le préférez ajusté, nous vous conseillons de prendre la taille en-dessous.  "
6851492151392,Pyjamas,"Pyjamas, Type : Pyjamas, 2240222, Collection : Le Slip Français, dropshipping, Le Slip Français, LESLIPFRANCAIS0224","[https://cdn.shopify.com/s/files/1/0002/7600/4882/products/98dabc7f2556e296e01cd0a29fbf80f36f4a3130.jpg?v=1707389732,https://cdn.shopify.com/s/files/1/0002/7600/4882/products/7b905c62276bcea910c82985a58d2c1713421439.jpg?v=1707389732,https://cdn.shopify.com/s/files/1/0002/7600/4882/products/581ce345526b33972cc4b8d0026de6a9018560ec.jpg?v=1707389732,https://cdn.shopify.com/s/files/1/0002/7600/4882/products/de903a4cca68767451083c5b6fdde05e5dc8f47b.jpg?v=1707389732,https://cdn.shopify.com/s/files/1/0002/7600/4882/products/eedf81637a5863d8ddc62cccb542cbcc55ec2754.jpg?v=1707389732,https://cdn.shopify.com/s/files/1/0002/7600/4882/products/61298a692525688146fef7b2c769bdf5d93cfa45.jpg?v=1707389732,https://cdn.shopify.com/s/files/1/0002/7600/4882/products/57f1606dea56998890bfd1a67714c1e7a37d5478.jpg?v=1707389732]",LE SLIP FRANCAIS,500000,49.916666666666664,"   
  Pantalon de pyjama en jersey  
 Jersey de coton, avec de l'élasthanne pour le confort 
 Ceinture élastique de 3,5cm qui lui permet de ne pas roulotter 
 Poches latérales 
   "
14871102652795,Tops,"Chemises, Collection : Petite Mendigote, dropshipping, Petite Mendigote, PETITEMENDIGOTE1224, Type : Chemises","[https://cdn.shopify.com/s/files/1/0002/7600/4882/files/ROSE-WHITE-3.jpg?v=1734024958,https://cdn.shopify.com/s/files/1/0002/7600/4882/files/ROSE-WHITE-f.jpg?v=1734024958,https://cdn.shopify.com/s/files/1/0002/7600/4882/files/ROSE-WHITE-c.jpg?v=1734024958,https://cdn.shopify.com/s/files/1/0002/7600/4882/files/ROSE-WHITE-a.jpg?v=1734024958,https://cdn.shopify.com/s/files/1/0002/7600/4882/files/ROSE-WHITE-e.jpg?v=1734024958,https://cdn.shopify.com/s/files/1/0002/7600/4882/files/ROSE-WHITE-g.jpg?v=1734024958]",PETITE MENDIGOTE,500000,573.081955922865,"  Article en coton organique, issu de l’agriculture biologique, cultivé dans le respect de l’homme et de l’environnement, sans engrais chimique, ni pesticides, il nécessite moins d'eau que le coton traditionnel.  
 Chemise avec un col montant en dentelle. Les manches longues et bouffantes. Avec un détail de broderie anglaise sur le devant de la chemise ainsi que sur le haut des manches.  
   "
6687573770336,Vestes,NEWSTOCKARCHIVE0725,"[https://cdn.shopify.com/s/files/1/0002/7600/4882/products/PhotoProduit_ce3cc97e-d6c4-4d94-8f2a-50d439187f60.jpg?v=1697027550,https://cdn.shopify.com/s/files/1/0002/7600/4882/products/PhotoProduit_3ea15e16-4864-439e-b0f3-7c9ede96d057.jpg?v=1697027550,https://cdn.shopify.com/s/files/1/0002/7600/4882/products/PhotoProduit_0933291e-30ae-4181-8d9c-555fcda88913.jpg?v=1697027549,https://cdn.shopify.com/s/files/1/0002/7600/4882/products/PhotoProduit_b826e5da-166b-4192-9501-77e3e8d17a0b.jpg?v=1697027550,https://cdn.shopify.com/s/files/1/0002/7600/4882/products/PhotoProduit_7ae91bf6-dcdf-4031-9885-e2503af39114.jpg?v=1697027550,https://cdn.shopify.com/s/files/1/0002/7600/4882/products/PhotoProduit_0427eddc-bc74-4a39-9f08-deb46ec3e9eb.jpg?v=1697027550,https://cdn.shopify.com/s/files/1/0002/7600/4882/products/PhotoProduit_034428b8-ae77-485f-9030-8269df870ec2.jpg?v=1697027550,https://cdn.shopify.com/s/files/1/0002/7600/4882/products/PhotoProduit_923ccbbb-6953-4b15-b336-d2a3a22b1d7a.jpg?v=1697027550,https://cdn.shopify.com/s/files/1/0002/7600/4882/products/PhotoProduit_ff3e70dc-eb65-4855-bd47-0117b5ee7813.jpg?v=1697027550,https://cdn.shopify.com/s/files/1/0002/7600/4882/products/PhotoProduit_9e8c323c-68e1-4445-88e6-46c36a9e1257.jpg?v=1697027549]",MARGAUX LONNBERG,500000,0.0, Blazer oversize en lin mélangé 
15045988516219,Pantalons,"MARLEAMONTECARLO0425, Pantalons, S, Type : Pantalons, XL, XS, 262874267744, Collection : MARLEA Monte-Carlo, dropshipping, L, M, MARLEA Monte-Carlo","[https://cdn.shopify.com/s/files/1/0002/7600/4882/files/Marlea_Studio-1332copy.jpg?v=1744814873,https://cdn.shopify.com/s/files/1/0002/7600/4882/files/Marlea_Studio-1353copy.jpg?v=1744814874,https://cdn.shopify.com/s/files/1/0002/7600/4882/files/Marlea_Studio-1346copy.jpg?v=1744814874,https://cdn.shopify.com/s/files/1/0002/7600/4882/files/Marlea_Studio-1338copy.jpg?v=1744814873,https://cdn.shopify.com/s/files/1/0002/7600/4882/files/Marlea_Studio-1368copy.jpg?v=1744814874,https://cdn.shopify.com/s/files/1/0002/7600/4882/files/Marlea_Studio-1366copy.jpg?v=1744814874]",MARLEA MONTE-CARLO,500000,0.0,
6687563350112,Robes,,"[https://cdn.shopify.com/s/files/1/0002/7600/4882/products/PhotoProduit_5a0bd95b-9c02-457d-8212-cd6bb25c704c.jpg?v=1697027244,https://cdn.shopify.com/s/files/1/0002/7600/4882/products/PhotoProduit_792e66f6-8e39-4c19-a6bc-235e5a3980bd.jpg?v=1697027244,https://cdn.shopify.com/s/files/1/0002/7600/4882/products/PhotoProduit_224975f3-14c7-4522-bc0e-fae406433002.jpg?v=1697027244,https://cdn.shopify.com/s/files/1/0002/7600/4882/products/PhotoProduit_1c6900d4-e761-45f5-b448-c17efa1673a4.jpg?v=1697027244]",MARGAUX LONNBERG,500000,0.0, Robe nuisette en soie 
14861517455739,Ensembles,"numerodevente, recherche1:Enfants, recherche2:Combinaisons Et Body, Type : Ensembles, 12M, 18M, 2A, 3A, 6M, Bonton, Collection : Bonton, dropshipping, Ensembles, no-search","[https://cdn.shopify.com/s/files/1/0002/7600/4882/files/MJB060002ADI913_2.jpg?v=1732719118,https://cdn.shopify.com/s/files/1/0002/7600/4882/files/MJB060002ADI913_3.jpg?v=1732719118,https://cdn.shopify.com/s/files/1/0002/7600/4882/files/MJB060002ADI913_1.jpg?v=1732719118]",BONTON,500000,0.0, MJB06000223H 